accepted,accepted_at_ms,accepted_event_record_id,app_bytes,attempted,burst,delivered,delivered_at_ms,delivered_host_ms,identity,latency_ms,offer,offered_at_ms,offered_host_ms,origin_session,payload_id,role,row_semantics,sequence,session,status,workload
1,59008,107,7,1,0,1,57026,1787208892233.3103,0x000038,69.484619,,59008,1787208892163.8257,2060705026,56,A,accepted_event,56,2060705026,1,heartbeat
1,60008,109,7,1,0,1,57965,1787208893172.2986,0x000039,8.519287,,60008,1787208893163.7793,2060705026,57,A,accepted_event,57,2060705026,0,heartbeat
1,61008,111,7,1,0,1,58964,1787208894171.2861,0x00003a,7.553467,,61008,1787208894163.7327,2060705026,58,A,accepted_event,58,2060705026,0,heartbeat
1,62008,113,7,1,0,1,60219,1787208895426.2708,0x00003b,262.584717,,62008,1787208895163.686,2060705026,59,A,accepted_event,59,2060705026,0,heartbeat
1,63013,116,7,1,0,1,61245,1787208896452.2578,0x00003c,284.618408,,63012,1787208896167.6394,2060705026,60,A,accepted_event,60,2060705026,0,heartbeat
1,64011,129,7,1,0,1,62531,1787208897738.242,0x00003d,572.648926,,64010,1787208897165.593,2060705026,61,A,accepted_event,61,2060705026,0,heartbeat
1,65010,141,7,1,0,1,63951,1787208899158.2244,0x00003e,993.677979,,65009,1787208898164.5464,2060705026,62,A,accepted_event,62,2060705026,0,heartbeat
1,66011,161,7,1,0,1,65531,1787208900738.2048,0x00003f,1572.705078,,66010,1787208899165.4998,2060705026,63,A,accepted_event,63,2060705026,0,heartbeat
1,67013,173,7,1,0,1,66493,1787208901700.1929,0x000040,1531.739746,,67013,1787208900168.4531,2060705026,64,A,accepted_event,64,2060705026,0,heartbeat
1,68010,185,7,1,0,1,67635,1787208902842.1787,0x000041,1677.771973,,68009,1787208901164.4067,2060705026,65,A,accepted_event,65,2060705026,0,heartbeat
1,69011,197,7,1,0,1,68547,1787208903754.1672,0x000042,1588.806885,,69010,1787208902165.3604,2060705026,66,A,accepted_event,66,2060705026,0,heartbeat
1,71010,218,7,1,0,1,71081,1787208906288.1357,0x000044,2123.868652,,71009,1787208904164.267,2060705026,68,A,accepted_event,68,2060705026,0,heartbeat
1,73010,236,7,1,0,1,72967,1787208908174.1125,0x000046,2009.938477,,73009,1787208906164.174,2060705026,70,A,accepted_event,70,2060705026,0,heartbeat
1,74011,248,0,1,0,0,,,0x000047,,,74010,1787208907165.1274,2060705026,71,A,accepted_event,71,2060705026,0,heartbeat
1,77011,274,7,1,0,1,76985,1787208912192.0625,0x00004a,2027.074707,,77010,1787208910164.9878,2060705026,74,A,accepted_event,74,2060705026,0,heartbeat
1,79010,292,7,1,0,1,78552,1787208913759.0432,0x00004c,1595.148438,,79009,1787208912163.8948,2060705026,76,A,accepted_event,76,2060705026,0,heartbeat
1,80010,304,7,1,0,1,79548,1787208914755.0308,0x00004d,1591.182373,,80009,1787208913163.8484,2060705026,77,A,accepted_event,77,2060705026,0,heartbeat
1,81010,316,7,1,0,1,80977,1787208916184.013,0x00004e,2020.211182,,81009,1787208914163.8018,2060705026,78,A,accepted_event,78,2060705026,0,heartbeat
1,82010,328,7,1,0,1,83044,1787208918250.9873,0x00004f,3087.232178,,82009,1787208915163.7551,2060705026,79,A,accepted_event,79,2060705026,0,heartbeat
1,84011,343,0,1,0,0,,,0x000051,,,84010,1787208917164.662,2060705026,81,A,accepted_event,81,2060705026,0,heartbeat
1,90010,380,7,1,0,1,90753,1787208925959.8916,0x000057,2796.508789,,90009,1787208923163.3828,2060705026,87,A,accepted_event,87,2060705026,0,heartbeat
1,92010,398,0,1,0,0,,,0x000059,,,92009,1787208925163.2898,2060705026,89,A,accepted_event,89,2060705026,0,heartbeat
1,93010,403,7,1,0,1,96363,1787208931569.822,0x00005a,5406.578857,,93009,1787208926163.2432,2060705026,90,A,accepted_event,90,2060705026,1,heartbeat
1,98010,427,7,1,0,1,96871,1787208932077.8157,0x00005f,914.805176,,98009,1787208931163.0105,2060705026,95,A,accepted_event,95,2060705026,0,heartbeat
1,99011,439,7,1,0,1,98081,1787208933287.8008,0x000060,1123.836914,,99010,1787208932163.9639,2060705026,96,A,accepted_event,96,2060705026,0,heartbeat
1,100010,450,7,1,0,1,99888,1787208935094.7783,0x000061,1931.86084,,100009,1787208933162.9175,2060705026,97,A,accepted_event,97,2060705026,0,heartbeat
1,101010,460,7,1,0,1,100326,1787208935532.773,0x000062,1369.9021,,101009,1787208934162.8708,2060705026,98,A,accepted_event,98,2060705026,0,heartbeat
1,102010,472,7,1,0,1,101465,1787208936671.7588,0x000063,1508.93457,,102009,1787208935162.8242,2060705026,99,A,accepted_event,99,2060705026,0,heartbeat
1,103011,484,7,1,0,1,102418,1787208937624.7468,0x000064,1460.968994,,103010,1787208936163.7778,2060705026,100,A,accepted_event,100,2060705026,0,heartbeat
1,104011,497,0,1,0,0,,,0x000065,,,104010,1787208937163.7312,2060705026,101,A,accepted_event,101,2060705026,0,heartbeat
1,107010,526,7,1,0,1,110290,1787208945496.6492,0x000068,5334.057617,,107009,1787208940162.5916,2060705026,104,A,accepted_event,104,2060705026,1,heartbeat
1,112011,540,7,1,0,1,111044,1787208946250.64,0x00006d,1087.281006,,112010,1787208945163.359,2060705026,109,A,accepted_event,109,2060705026,0,heartbeat
1,113010,552,7,1,0,1,116288,1787208951494.5747,0x00006e,5332.262451,,113009,1787208946162.3123,2060705026,110,A,accepted_event,110,2060705026,1,heartbeat
1,118010,576,7,1,0,1,117044,1787208952250.5654,0x000073,1088.48584,,118009,1787208951162.0796,2060705026,115,A,accepted_event,115,2060705026,0,heartbeat
1,119010,588,7,1,0,1,118630,1787208953836.5457,0x000074,1674.512695,,119009,1787208952162.033,2060705026,116,A,accepted_event,116,2060705026,0,heartbeat
1,121011,604,7,1,0,1,121488,1787208956694.5103,0x000076,2531.570312,,121010,1787208954162.94,2060705026,118,A,accepted_event,118,2060705026,1,heartbeat
1,124009,611,7,1,0,1,121966,1787208957172.5044,0x000079,10.704102,,124009,1787208957161.8003,2060705026,121,A,accepted_event,121,2060705026,0,heartbeat
1,125009,614,7,1,0,1,123044,1787208958250.491,0x00007a,88.737061,,125009,1787208958161.754,2060705026,122,A,accepted_event,122,2060705026,0,heartbeat
1,126008,621,7,1,0,1,123963,1787208959169.4795,0x00007b,8.772217,,126008,1787208959160.7073,2060705026,123,A,accepted_event,123,2060705026,0,heartbeat
1,127008,627,7,1,0,1,124963,1787208960169.467,0x00007c,8.806396,,127008,1787208960160.6606,2060705026,124,A,accepted_event,124,2060705026,0,heartbeat
1,128008,629,7,1,0,1,126216,1787208961422.4514,0x00007d,261.837158,,128008,1787208961160.6143,2060705026,125,A,accepted_event,125,2060705026,0,heartbeat
1,129008,631,7,1,0,1,126963,1787208962169.4424,0x00007e,8.874756,,129008,1787208962160.5676,2060705026,126,A,accepted_event,126,2060705026,0,heartbeat
1,130008,633,7,1,0,1,128218,1787208963424.4268,0x00007f,263.905518,,130008,1787208963160.5212,2060705026,127,A,accepted_event,127,2060705026,0,heartbeat
1,131009,635,7,1,0,1,128963,1787208964169.4175,0x000080,7.942871,,131009,1787208964161.4746,2060705026,128,A,accepted_event,128,2060705026,0,heartbeat
1,132008,637,7,1,0,1,129962,1787208965168.405,0x000081,7.977051,,132008,1787208965160.428,2060705026,129,A,accepted_event,129,2060705026,0,heartbeat
1,133008,639,7,1,0,1,130962,1787208966168.3926,0x000082,8.010986,,133008,1787208966160.3816,2060705026,130,A,accepted_event,130,2060705026,0,heartbeat
1,134008,641,7,1,0,1,131962,1787208967168.3801,0x000083,8.045166,,134008,1787208967160.335,2060705026,131,A,accepted_event,131,2060705026,0,heartbeat
1,135008,644,7,1,0,1,132962,1787208968168.368,0x000084,8.07959,,135008,1787208968160.2883,2060705026,132,A,accepted_event,132,2060705026,0,heartbeat
1,136008,646,7,1,0,1,133961,1787208969167.3555,0x000085,7.113525,,136008,1787208969160.242,2060705026,133,A,accepted_event,133,2060705026,0,heartbeat
1,137009,656,7,1,0,1,134963,1787208970169.343,0x000086,8.147705,,137009,1787208970161.1953,2060705026,134,A,accepted_event,134,2060705026,0,heartbeat
1,138008,658,7,1,0,1,135963,1787208971169.3306,0x000087,9.181885,,138008,1787208971160.1487,2060705026,135,A,accepted_event,135,2060705026,0,heartbeat
1,139008,660,7,1,0,1,136961,1787208972167.318,0x000088,7.21582,,139008,1787208972160.1023,2060705026,136,A,accepted_event,136,2060705026,0,heartbeat
1,140008,662,7,1,0,1,137962,1787208973168.3057,0x000089,8.25,,140008,1787208973160.0557,2060705026,137,A,accepted_event,137,2060705026,0,heartbeat
1,141008,664,7,1,0,1,138963,1787208974169.2932,0x00008a,9.28418,,141008,1787208974160.009,2060705026,138,A,accepted_event,138,2060705026,0,heartbeat
1,142008,666,7,1,0,1,139962,1787208975168.281,0x00008b,8.318359,,142008,1787208975159.9626,2060705026,139,A,accepted_event,139,2060705026,0,heartbeat
1,143008,668,7,1,0,1,140963,1787208976169.2686,0x00008c,9.352539,,143008,1787208976159.916,2060705026,140,A,accepted_event,140,2060705026,0,heartbeat
1,144009,670,7,1,0,1,141963,1787208977169.256,0x00008d,8.386719,,144009,1787208977160.8694,2060705026,141,A,accepted_event,141,2060705026,0,heartbeat
1,145008,673,7,1,0,1,143217,1787208978423.2405,0x00008e,263.41748,,145008,1787208978159.823,2060705026,142,A,accepted_event,142,2060705026,0,heartbeat
1,146008,676,7,1,0,1,143962,1787208979168.2312,0x00008f,8.454834,,146008,1787208979159.7764,2060705026,143,A,accepted_event,143,2060705026,0,heartbeat
1,147008,686,7,1,0,1,144963,1787208980169.2188,0x000090,9.48877,,147008,1787208980159.73,2060705026,144,A,accepted_event,144,2060705026,0,heartbeat
1,148008,688,7,1,0,1,145961,1787208981167.2065,0x000091,7.523193,,148008,1787208981159.6833,2060705026,145,A,accepted_event,145,2060705026,0,heartbeat
1,149008,690,7,1,0,1,147215,1787208982421.191,0x000092,261.554199,,149008,1787208982159.6367,2060705026,146,A,accepted_event,146,2060705026,0,heartbeat
1,150008,692,7,1,0,1,147963,1787208983169.1816,0x000093,9.591309,,150008,1787208983159.5903,2060705026,147,A,accepted_event,147,2060705026,0,heartbeat
1,151008,694,7,1,0,1,148960,1787208984166.1692,0x000094,6.625488,,151008,1787208984159.5437,2060705026,148,A,accepted_event,148,2060705026,0,heartbeat
1,152008,696,7,1,0,1,149961,1787208985167.1567,0x000095,7.659668,,152008,1787208985159.497,2060705026,149,A,accepted_event,149,2060705026,0,heartbeat
1,153008,698,7,1,0,1,150963,1787208986169.1443,0x000096,9.693604,,153008,1787208986159.4507,2060705026,150,A,accepted_event,150,2060705026,0,heartbeat
1,154008,700,7,1,0,1,151961,1787208987167.132,0x000097,7.728027,,154008,1787208987159.404,2060705026,151,A,accepted_event,151,2060705026,0,heartbeat
1,155009,703,7,1,0,1,152963,1787208988169.1196,0x000098,8.762207,,155009,1787208988160.3574,2060705026,152,A,accepted_event,152,2060705026,0,heartbeat
1,156009,705,7,1,0,1,153962,1787208989168.1072,0x000099,7.796143,,156009,1787208989160.311,2060705026,153,A,accepted_event,153,2060705026,0,heartbeat
1,157008,712,7,1,0,1,154962,1787208990168.0947,0x00009a,8.830322,,157008,1787208990159.2644,2060705026,154,A,accepted_event,154,2060705026,0,heartbeat
1,158008,718,7,1,0,1,155962,1787208991168.0823,0x00009b,8.864502,,158008,1787208991159.2178,2060705026,155,A,accepted_event,155,2060705026,0,heartbeat
1,159009,720,7,1,0,1,156963,1787208992169.0698,0x00009c,8.898438,,159009,1787208992160.1714,2060705026,156,A,accepted_event,156,2060705026,0,heartbeat
1,160008,722,7,1,0,1,157960,1787208993166.0576,0x00009d,6.932861,,160008,1787208993159.1248,2060705026,157,A,accepted_event,157,2060705026,0,heartbeat
1,161008,724,7,1,0,1,159216,1787208994422.042,0x00009e,262.963867,,161008,1787208994159.0781,2060705026,158,A,accepted_event,158,2060705026,0,heartbeat
1,162008,726,7,1,0,1,159963,1787208995169.0327,0x00009f,10.000977,,162008,1787208995159.0317,2060705026,159,A,accepted_event,159,2060705026,0,heartbeat
1,163008,728,7,1,0,1,160961,1787208996167.0203,0x0000a0,8.035156,,163008,1787208996158.985,2060705026,160,A,accepted_event,160,2060705026,0,heartbeat
1,164008,730,7,1,0,1,161962,1787208997168.0078,0x0000a1,9.069092,,164008,1787208997158.9387,2060705026,161,A,accepted_event,161,2060705026,0,heartbeat
1,165008,733,7,1,0,1,162960,1787208998165.9956,0x0000a2,7.103516,,165008,1787208998158.892,2060705026,162,A,accepted_event,162,2060705026,0,heartbeat
1,166008,735,7,1,0,1,163961,1787208999166.9832,0x0000a3,8.137695,,166008,1787208999158.8455,2060705026,163,A,accepted_event,163,2060705026,0,heartbeat
1,167008,737,7,1,0,1,164963,1787209000168.9707,0x0000a4,10.171631,,167008,1787209000158.799,2060705026,164,A,accepted_event,164,2060705026,0,heartbeat
1,168008,747,7,1,0,1,165960,1787209001165.9583,0x0000a5,7.205811,,168008,1787209001158.7524,2060705026,165,A,accepted_event,165,2060705026,0,heartbeat
1,169008,749,7,1,0,1,166961,1787209002166.9458,0x0000a6,8.23999,,169008,1787209002158.7058,2060705026,166,A,accepted_event,166,2060705026,0,heartbeat
1,170009,751,7,1,0,1,167962,1787209003167.9333,0x0000a7,8.27417,,170009,1787209003159.6592,2060705026,167,A,accepted_event,167,2060705026,0,heartbeat
1,171008,753,7,1,0,1,168960,1787209004165.9211,0x0000a8,7.30835,,171008,1787209004158.6128,2060705026,168,A,accepted_event,168,2060705026,0,heartbeat
1,172008,755,7,1,0,1,169961,1787209005166.9087,0x0000a9,8.342529,,172008,1787209005158.5662,2060705026,169,A,accepted_event,169,2060705026,0,heartbeat
1,173008,757,7,1,0,1,171214,1787209006419.893,0x0000aa,261.373291,,173008,1787209006158.5198,2060705026,170,A,accepted_event,170,2060705026,0,heartbeat
1,174008,759,7,1,0,1,171960,1787209007165.8838,0x0000ab,7.410645,,174008,1787209007158.4731,2060705026,171,A,accepted_event,171,2060705026,0,heartbeat
1,175008,762,7,1,0,1,172961,1787209008166.8713,0x0000ac,8.444824,,175008,1787209008158.4265,2060705026,172,A,accepted_event,172,2060705026,0,heartbeat
1,176009,764,7,1,0,1,173962,1787209009167.859,0x0000ad,8.47876,,176009,1787209009159.3801,2060705026,173,A,accepted_event,173,2060705026,0,heartbeat
1,177008,767,7,1,0,1,174961,1787209010166.8464,0x0000ae,8.512939,,177008,1787209010158.3335,2060705026,174,A,accepted_event,174,2060705026,0,heartbeat
1,178008,777,7,1,0,1,175961,1787209011166.8342,0x0000af,8.547119,,178008,1787209011158.287,2060705026,175,A,accepted_event,175,2060705026,0,heartbeat
1,179008,779,7,1,0,1,176961,1787209012166.8218,0x0000b0,8.581299,,179008,1787209012158.2405,2060705026,176,A,accepted_event,176,2060705026,0,heartbeat
1,180008,781,7,1,0,1,177960,1787209013165.8093,0x0000b1,7.615479,,180008,1787209013158.1938,2060705026,177,A,accepted_event,177,2060705026,0,heartbeat
1,181009,783,7,1,0,1,178962,1787209014167.7969,0x0000b2,8.649658,,181009,1787209014159.1472,2060705026,178,A,accepted_event,178,2060705026,0,heartbeat
1,182009,785,7,1,0,1,179962,1787209015167.7844,0x0000b3,8.683594,,182009,1787209015159.1008,2060705026,179,A,accepted_event,179,2060705026,0,heartbeat
1,183008,787,7,1,0,1,180962,1787209016167.772,0x0000b4,9.717773,,183008,1787209016158.0542,2060705026,180,A,accepted_event,180,2060705026,0,heartbeat
1,184008,789,7,1,0,1,181961,1787209017166.7598,0x0000b5,8.751953,,184008,1787209017158.0078,2060705026,181,A,accepted_event,181,2060705026,0,heartbeat
1,185008,791,7,1,0,1,182962,1787209018167.7473,0x0000b6,9.786133,,185008,1787209018157.9612,2060705026,182,A,accepted_event,182,2060705026,0,heartbeat
1,186008,794,7,1,0,1,183960,1787209019165.7349,0x0000b7,7.820312,,186008,1787209019157.9146,2060705026,183,A,accepted_event,183,2060705026,0,heartbeat
1,187008,796,7,1,0,1,184963,1787209020168.7224,0x0000b8,10.854248,,187008,1787209020157.8682,2060705026,184,A,accepted_event,184,2060705026,0,heartbeat
1,188008,804,7,1,0,1,185960,1787209021165.71,0x0000b9,7.888428,,188008,1787209021157.8215,2060705026,185,A,accepted_event,185,2060705026,0,heartbeat
1,189009,809,7,1,0,1,186961,1787209022166.6975,0x0000ba,7.922607,,189009,1787209022158.775,2060705026,186,A,accepted_event,186,2060705026,0,heartbeat
1,190008,811,7,1,0,1,187962,1787209023167.685,0x0000bb,9.956543,,190008,1787209023157.7285,2060705026,187,A,accepted_event,187,2060705026,0,heartbeat
1,191008,813,7,1,0,1,188960,1787209024165.6729,0x0000bc,7.990967,,191008,1787209024157.682,2060705026,188,A,accepted_event,188,2060705026,0,heartbeat
1,192008,815,7,1,0,1,189959,1787209025164.6604,0x0000bd,7.025146,,192008,1787209025157.6353,2060705026,189,A,accepted_event,189,2060705026,0,heartbeat
1,193008,817,7,1,0,1,190960,1787209026165.648,0x0000be,8.059082,,193008,1787209026157.5889,2060705026,190,A,accepted_event,190,2060705026,0,heartbeat
1,194008,819,7,1,0,1,191960,1787209027165.6355,0x0000bf,8.093262,,194008,1787209027157.5422,2060705026,191,A,accepted_event,191,2060705026,0,heartbeat
1,195008,821,7,1,0,1,192959,1787209028164.623,0x0000c0,7.127197,,195008,1787209028157.4958,2060705026,192,A,accepted_event,192,2060705026,0,heartbeat
1,196008,824,7,1,0,1,193960,1787209029165.6108,0x0000c1,8.161621,,196008,1787209029157.4492,2060705026,193,A,accepted_event,193,2060705026,0,heartbeat
1,197009,826,7,1,0,1,194961,1787209030166.5984,0x0000c2,8.195801,,197009,1787209030158.4026,2060705026,194,A,accepted_event,194,2060705026,0,heartbeat
1,198008,828,7,1,0,1,195959,1787209031164.586,0x0000c3,7.229736,,198008,1787209031157.3562,2060705026,195,A,accepted_event,195,2060705026,0,heartbeat
1,199008,838,7,1,0,1,196960,1787209032165.5735,0x0000c4,8.263916,,199008,1787209032157.3096,2060705026,196,A,accepted_event,196,2060705026,0,heartbeat
1,200008,840,7,1,0,1,197960,1787209033165.561,0x0000c5,8.298096,,200008,1787209033157.263,2060705026,197,A,accepted_event,197,2060705026,0,heartbeat
1,201009,842,7,1,0,1,198960,1787209034165.5486,0x0000c6,7.332275,,201009,1787209034158.2163,2060705026,198,A,accepted_event,198,2060705026,0,heartbeat
1,202008,844,7,1,0,1,199962,1787209035167.5361,0x0000c7,10.366211,,202008,1787209035157.17,2060705026,199,A,accepted_event,199,2060705026,0,heartbeat
1,203008,846,7,1,0,1,200962,1787209036167.524,0x0000c8,10.400635,,203008,1787209036157.1233,2060705026,200,A,accepted_event,200,2060705026,0,heartbeat
1,204008,848,7,1,0,1,201959,1787209037164.5115,0x0000c9,7.43457,,204008,1787209037157.077,2060705026,201,A,accepted_event,201,2060705026,0,heartbeat
1,205008,850,7,1,0,1,202962,1787209038167.499,0x0000ca,10.46875,,205008,1787209038157.0303,2060705026,202,A,accepted_event,202,2060705026,0,heartbeat
1,206009,853,7,1,0,1,203962,1787209039167.4866,0x0000cb,9.50293,,206009,1787209039157.9836,2060705026,203,A,accepted_event,203,2060705026,0,heartbeat
1,207008,855,7,1,0,1,204959,1787209040164.474,0x0000cc,7.536865,,207008,1787209040156.9373,2060705026,204,A,accepted_event,204,2060705026,0,heartbeat
1,208008,858,7,1,0,1,205962,1787209041167.4617,0x0000cd,10.571045,,208008,1787209041156.8906,2060705026,205,A,accepted_event,205,2060705026,0,heartbeat
1,209008,868,7,1,0,1,206959,1787209042164.4495,0x0000ce,7.605469,,209008,1787209042156.844,2060705026,206,A,accepted_event,206,2060705026,0,heartbeat
1,210008,870,7,1,0,1,207959,1787209043164.437,0x0000cf,7.639404,,210008,1787209043156.7976,2060705026,207,A,accepted_event,207,2060705026,0,heartbeat
1,211008,872,7,1,0,1,208963,1787209044168.4246,0x0000d0,11.673584,,211008,1787209044156.751,2060705026,208,A,accepted_event,208,2060705026,0,heartbeat
1,212008,874,7,1,0,1,209960,1787209045165.412,0x0000d1,8.70752,,212008,1787209045156.7046,2060705026,209,A,accepted_event,209,2060705026,0,heartbeat
1,213008,876,7,1,0,1,210959,1787209046164.3997,0x0000d2,7.741699,,213008,1787209046156.658,2060705026,210,A,accepted_event,210,2060705026,0,heartbeat
1,214009,878,7,1,0,1,211961,1787209047166.3872,0x0000d3,8.775879,,214009,1787209047157.6113,2060705026,211,A,accepted_event,211,2060705026,0,heartbeat
1,215008,880,7,1,0,1,212959,1787209048164.375,0x0000d4,7.810059,,215008,1787209048156.565,2060705026,212,A,accepted_event,212,2060705026,0,heartbeat
1,216008,883,7,1,0,1,213959,1787209049164.3625,0x0000d5,7.844238,,216008,1787209049156.5183,2060705026,213,A,accepted_event,213,2060705026,0,heartbeat
1,217008,885,7,1,0,1,214960,1787209050165.35,0x0000d6,8.878418,,217008,1787209050156.4717,2060705026,214,A,accepted_event,214,2060705026,0,heartbeat
1,218009,887,7,1,0,1,215962,1787209051167.3376,0x0000d7,9.912598,,218009,1787209051157.425,2060705026,215,A,accepted_event,215,2060705026,0,heartbeat
1,219008,896,7,1,0,1,216959,1787209052164.3252,0x0000d8,7.946533,,219008,1787209052156.3787,2060705026,216,A,accepted_event,216,2060705026,0,heartbeat
1,220008,900,7,1,0,1,217960,1787209053165.3127,0x0000d9,8.980713,,220008,1787209053156.332,2060705026,217,A,accepted_event,217,2060705026,0,heartbeat
1,221008,902,7,1,0,1,218961,1787209054166.3005,0x0000da,10.014893,,221008,1787209054156.2856,2060705026,218,A,accepted_event,218,2060705026,0,heartbeat
1,222008,904,7,1,0,1,219958,1787209055163.288,0x0000db,7.049072,,222008,1787209055156.239,2060705026,219,A,accepted_event,219,2060705026,0,heartbeat
1,223008,906,7,1,0,1,220961,1787209056166.2756,0x0000dc,10.083252,,223008,1787209056156.1924,2060705026,220,A,accepted_event,220,2060705026,0,heartbeat
1,224008,908,7,1,0,1,221960,1787209057165.2632,0x0000dd,9.117188,,224008,1787209057156.146,2060705026,221,A,accepted_event,221,2060705026,0,heartbeat
1,225009,910,7,1,0,1,223018,1787209058223.25,0x0000de,67.150635,,225008,1787209058156.0994,2060705026,222,A,accepted_event,222,2060705026,1,heartbeat
1,226008,913,7,1,0,1,223962,1787209059167.2383,0x0000df,11.185303,,226008,1787209059156.053,2060705026,223,A,accepted_event,223,2060705026,0,heartbeat
1,227008,914,7,1,0,1,224959,1787209060164.226,0x0000e0,8.219727,,227008,1787209060156.0063,2060705026,224,A,accepted_event,224,2060705026,0,heartbeat
1,228008,916,7,1,0,1,225959,1787209061164.2136,0x0000e1,8.253906,,228008,1787209061155.9597,2060705026,225,A,accepted_event,225,2060705026,0,heartbeat
1,229009,919,7,1,0,1,226964,1787209062169.2012,0x0000e2,12.288086,,229009,1787209062156.913,2060705026,226,A,accepted_event,226,2060705026,0,heartbeat
1,230008,929,7,1,0,1,228212,1787209063417.1855,0x0000e3,261.318848,,230008,1787209063155.8667,2060705026,227,A,accepted_event,227,2060705026,0,heartbeat
1,231009,931,7,1,0,1,228960,1787209064165.1763,0x0000e4,9.356201,,231008,1787209064155.82,2060705026,228,A,accepted_event,228,2060705026,0,heartbeat
1,232008,933,7,1,0,1,229961,1787209065166.1638,0x0000e5,10.390137,,232008,1787209065155.7737,2060705026,229,A,accepted_event,229,2060705026,0,heartbeat
1,233008,935,7,1,0,1,230959,1787209066164.1516,0x0000e6,8.424561,,233008,1787209066155.727,2060705026,230,A,accepted_event,230,2060705026,0,heartbeat
1,234009,937,7,1,0,1,232216,1787209067421.136,0x0000e7,264.455566,,234009,1787209067156.6804,2060705026,231,A,accepted_event,231,2060705026,0,heartbeat
1,235008,939,7,1,0,1,232960,1787209068165.1267,0x0000e8,9.492676,,235008,1787209068155.634,2060705026,232,A,accepted_event,232,2060705026,0,heartbeat
1,236008,942,7,1,0,1,233959,1787209069164.1143,0x0000e9,8.526855,,236008,1787209069155.5874,2060705026,233,A,accepted_event,233,2060705026,0,heartbeat
1,237008,944,7,1,0,1,234960,1787209070165.1018,0x0000ea,9.561035,,237008,1787209070155.5408,2060705026,234,A,accepted_event,234,2060705026,0,heartbeat
1,238008,946,7,1,0,1,235959,1787209071164.0894,0x0000eb,8.594971,,238008,1787209071155.4944,2060705026,235,A,accepted_event,235,2060705026,0,heartbeat
1,239008,949,7,1,0,1,236958,1787209072163.0771,0x0000ec,7.629395,,239008,1787209072155.4478,2060705026,236,A,accepted_event,236,2060705026,0,heartbeat
1,240008,959,7,1,0,1,237959,1787209073164.0647,0x0000ed,8.663574,,240008,1787209073155.4011,2060705026,237,A,accepted_event,237,2060705026,0,heartbeat
1,241008,961,7,1,0,1,238959,1787209074164.0522,0x0000ee,8.69751,,241008,1787209074155.3547,2060705026,238,A,accepted_event,238,2060705026,0,heartbeat
1,242008,963,7,1,0,1,239958,1787209075163.0398,0x0000ef,7.731689,,242008,1787209075155.308,2060705026,239,A,accepted_event,239,2060705026,0,heartbeat
1,243008,965,7,1,0,1,240959,1787209076164.0273,0x0000f0,8.765625,,243008,1787209076155.2617,2060705026,240,A,accepted_event,240,2060705026,0,heartbeat
1,244009,967,7,1,0,1,241960,1787209077165.015,0x0000f1,8.799805,,244009,1787209077156.215,2060705026,241,A,accepted_event,241,2060705026,0,heartbeat
1,245008,969,7,1,0,1,242960,1787209078165.0027,0x0000f2,9.834229,,245008,1787209078155.1685,2060705026,242,A,accepted_event,242,2060705026,0,heartbeat
1,246008,971,7,1,0,1,243958,1787209079162.9902,0x0000f3,7.868164,,246008,1787209079155.122,2060705026,243,A,accepted_event,243,2060705026,0,heartbeat
1,247008,974,7,1,0,1,244959,1787209080163.9778,0x0000f4,8.902344,,247008,1787209080155.0754,2060705026,244,A,accepted_event,244,2060705026,0,heartbeat
1,248008,976,7,1,0,1,245959,1787209081163.9653,0x0000f5,8.936523,,248008,1787209081155.0288,2060705026,245,A,accepted_event,245,2060705026,0,heartbeat
1,249008,978,7,1,0,1,246958,1787209082162.953,0x0000f6,7.970459,,249008,1787209082154.9824,2060705026,246,A,accepted_event,246,2060705026,0,heartbeat
1,250008,987,7,1,0,1,247959,1787209083163.9404,0x0000f7,9.004639,,250008,1787209083154.9358,2060705026,247,A,accepted_event,247,2060705026,0,heartbeat
1,251008,991,7,1,0,1,248959,1787209084163.9282,0x0000f8,9.039062,,251008,1787209084154.8892,2060705026,248,A,accepted_event,248,2060705026,0,heartbeat
1,252008,993,7,1,0,1,249957,1787209085161.9158,0x0000f9,7.072998,,252008,1787209085154.8428,2060705026,249,A,accepted_event,249,2060705026,0,heartbeat
1,253008,995,7,1,0,1,250959,1787209086163.9033,0x0000fa,9.107178,,253008,1787209086154.7961,2060705026,250,A,accepted_event,250,2060705026,0,heartbeat
1,254009,997,7,1,0,1,251959,1787209087163.8909,0x0000fb,8.141357,,254009,1787209087155.7495,2060705026,251,A,accepted_event,251,2060705026,0,heartbeat
1,255008,999,7,1,0,1,252957,1787209088161.8784,0x0000fc,7.175293,,255008,1787209088154.7031,2060705026,252,A,accepted_event,252,2060705026,0,heartbeat
1,256008,1001,7,1,0,1,253959,1787209089163.866,0x0000fd,9.209473,,256008,1787209089154.6565,2060705026,253,A,accepted_event,253,2060705026,0,heartbeat
1,257008,1004,7,1,0,1,254960,1787209090164.8535,0x0000fe,10.243652,,257008,1787209090154.6099,2060705026,254,A,accepted_event,254,2060705026,0,heartbeat
1,258008,1006,7,1,0,1,255957,1787209091161.8413,0x0000ff,7.277832,,258008,1787209091154.5635,2060705026,255,A,accepted_event,255,2060705026,0,heartbeat
1,259008,1008,7,1,0,1,256959,1787209092163.8289,0x000100,9.312012,,259008,1787209092154.5168,2060705026,256,A,accepted_event,256,2060705026,0,heartbeat
1,260008,1010,7,1,0,1,257959,1787209093163.8164,0x000101,9.345947,,260008,1787209093154.4705,2060705026,257,A,accepted_event,257,2060705026,0,heartbeat
1,261008,1020,7,1,0,1,258958,1787209094162.804,0x000102,8.380127,,261008,1787209094154.4238,2060705026,258,A,accepted_event,258,2060705026,0,heartbeat
1,262009,1022,7,1,0,1,260213,1787209095417.7883,0x000103,262.411133,,262009,1787209095155.3772,2060705026,259,A,accepted_event,259,2060705026,0,heartbeat
1,263008,1024,7,1,0,1,260958,1787209096162.7793,0x000104,8.448486,,263008,1787209096154.3308,2060705026,260,A,accepted_event,260,2060705026,0,heartbeat
1,264008,1026,7,1,0,1,261958,1787209097162.7668,0x000105,8.482666,,264008,1787209097154.2842,2060705026,261,A,accepted_event,261,2060705026,0,heartbeat
1,265008,1028,7,1,0,1,262959,1787209098163.7544,0x000106,9.516846,,265008,1787209098154.2375,2060705026,262,A,accepted_event,262,2060705026,0,heartbeat
1,266008,1030,7,1,0,1,263957,1787209099161.742,0x000107,7.550781,,266008,1787209099154.1912,2060705026,263,A,accepted_event,263,2060705026,0,heartbeat
1,267008,1033,7,1,0,1,264957,1787209100161.7295,0x000108,7.584961,,267008,1787209100154.1445,2060705026,264,A,accepted_event,264,2060705026,0,heartbeat
1,268008,1035,7,1,0,1,265959,1787209101163.717,0x000109,9.619141,,268008,1787209101154.098,2060705026,265,A,accepted_event,265,2060705026,0,heartbeat
1,269008,1037,7,1,0,1,266956,1787209102160.7048,0x00010a,6.65332,,269008,1787209102154.0515,2060705026,266,A,accepted_event,266,2060705026,0,heartbeat
1,270008,1040,7,1,0,1,267957,1787209103161.6924,0x00010b,7.6875,,270008,1787209103154.005,2060705026,267,A,accepted_event,267,2060705026,0,heartbeat
1,271008,1050,7,1,0,1,268958,1787209104162.68,0x00010c,8.72168,,271008,1787209104153.9583,2060705026,268,A,accepted_event,268,2060705026,0,heartbeat
1,272008,1052,7,1,0,1,269959,1787209105163.6675,0x00010d,9.755615,,272008,1787209105153.9119,2060705026,269,A,accepted_event,269,2060705026,0,heartbeat
1,273008,1054,7,1,0,1,270957,1787209106161.655,0x00010e,7.789795,,273008,1787209106153.8652,2060705026,270,A,accepted_event,270,2060705026,0,heartbeat
1,274008,1056,7,1,0,1,271958,1787209107162.6426,0x00010f,8.82373,,274008,1787209107153.8188,2060705026,271,A,accepted_event,271,2060705026,0,heartbeat
1,275008,1058,7,1,0,1,272957,1787209108161.6304,0x000110,7.858154,,275008,1787209108153.7722,2060705026,272,A,accepted_event,272,2060705026,0,heartbeat
1,276008,1060,7,1,0,1,273957,1787209109161.618,0x000111,7.892334,,276008,1787209109153.7256,2060705026,273,A,accepted_event,273,2060705026,0,heartbeat
1,277008,1063,7,1,0,1,274958,1787209110162.6055,0x000112,8.92627,,277008,1787209110153.6792,2060705026,274,A,accepted_event,274,2060705026,0,heartbeat
1,278008,1065,7,1,0,1,275960,1787209111164.593,0x000113,10.960449,,278008,1787209111153.6326,2060705026,275,A,accepted_event,275,2060705026,0,heartbeat
1,279009,1067,7,1,0,1,276957,1787209112161.5806,0x000114,6.994629,,279009,1787209112154.586,2060705026,276,A,accepted_event,276,2060705026,0,heartbeat
1,280008,1069,7,1,0,1,277959,1787209113163.568,0x000115,10.028564,,280008,1787209113153.5396,2060705026,277,A,accepted_event,277,2060705026,0,heartbeat
1,281009,1077,7,1,0,1,278957,1787209114161.556,0x000116,8.062988,,281008,1787209114153.493,2060705026,278,A,accepted_event,278,2060705026,0,heartbeat
1,282008,1082,7,1,0,1,279956,1787209115160.5435,0x000117,7.097168,,282008,1787209115153.4463,2060705026,279,A,accepted_event,279,2060705026,0,heartbeat
1,283008,1084,7,1,0,1,280959,1787209116163.531,0x000118,10.131104,,283008,1787209116153.4,2060705026,280,A,accepted_event,280,2060705026,0,heartbeat
1,284008,1086,7,1,0,1,281957,1787209117161.5186,0x000119,8.165283,,284008,1787209117153.3533,2060705026,281,A,accepted_event,281,2060705026,0,heartbeat
1,285008,1088,7,1,0,1,282956,1787209118160.506,0x00011a,7.199463,,285008,1787209118153.3066,2060705026,282,A,accepted_event,282,2060705026,0,heartbeat
1,286008,1090,7,1,0,1,283958,1787209119162.4937,0x00011b,9.233398,,286008,1787209119153.2603,2060705026,283,A,accepted_event,283,2060705026,0,heartbeat
1,287008,1093,7,1,0,1,284957,1787209120161.4814,0x00011c,8.267822,,287008,1787209120153.2136,2060705026,284,A,accepted_event,284,2060705026,0,heartbeat
1,288009,1095,7,1,0,1,285957,1787209121161.469,0x00011d,7.302002,,288009,1787209121154.167,2060705026,285,A,accepted_event,285,2060705026,0,heartbeat
1,289008,1097,7,1,0,1,286959,1787209122163.4565,0x00011e,10.335938,,289008,1787209122153.1206,2060705026,286,A,accepted_event,286,2060705026,0,heartbeat
1,290008,1099,7,1,0,1,287958,1787209123162.444,0x00011f,9.370117,,290008,1787209123153.074,2060705026,287,A,accepted_event,287,2060705026,0,heartbeat
1,291008,1101,7,1,0,1,288957,1787209124161.4316,0x000120,8.404053,,291008,1787209124153.0276,2060705026,288,A,accepted_event,288,2060705026,0,heartbeat
1,292008,1111,7,1,0,1,289957,1787209125161.4192,0x000121,8.438232,,292008,1787209125152.981,2060705026,289,A,accepted_event,289,2060705026,0,heartbeat
1,293008,1113,7,1,0,1,290957,1787209126161.4067,0x000122,8.472412,,293008,1787209126152.9343,2060705026,290,A,accepted_event,290,2060705026,0,heartbeat
1,294008,1115,7,1,0,1,291956,1787209127160.3945,0x000123,7.506592,,294008,1787209127152.888,2060705026,291,A,accepted_event,291,2060705026,0,heartbeat
1,295008,1117,7,1,0,1,292958,1787209128162.382,0x000124,9.540771,,295008,1787209128152.8413,2060705026,292,A,accepted_event,292,2060705026,0,heartbeat
1,296008,1119,7,1,0,1,293956,1787209129160.3696,0x000125,7.574951,,296008,1787209129152.7947,2060705026,293,A,accepted_event,293,2060705026,0,heartbeat
1,297008,1121,7,1,0,1,294956,1787209130160.3572,0x000126,7.608887,,297008,1787209130152.7483,2060705026,294,A,accepted_event,294,2060705026,0,heartbeat
1,298008,1124,7,1,0,1,295959,1787209131163.3447,0x000127,10.643066,,298008,1787209131152.7017,2060705026,295,A,accepted_event,295,2060705026,0,heartbeat
1,299008,1126,7,1,0,1,296956,1787209132160.3325,0x000128,7.67749,,299008,1787209132152.655,2060705026,296,A,accepted_event,296,2060705026,0,heartbeat
1,300008,1128,7,1,0,1,297956,1787209133160.32,0x000129,7.711426,,300008,1787209133152.6086,2060705026,297,A,accepted_event,297,2060705026,0,heartbeat
1,301008,1131,7,1,0,1,298956,1787209134160.3076,0x00012a,7.745605,,301008,1787209134152.562,2060705026,298,A,accepted_event,298,2060705026,0,heartbeat
1,302008,1141,7,1,0,1,299957,1787209135161.2952,0x00012b,8.779785,,302008,1787209135152.5154,2060705026,299,A,accepted_event,299,2060705026,0,heartbeat
1,303008,1143,7,1,0,1,300956,1787209136160.2827,0x00012c,7.813721,,303008,1787209136152.469,2060705026,300,A,accepted_event,300,2060705026,0,heartbeat
1,304008,1145,7,1,0,1,302213,1787209137417.267,0x00012d,264.844727,,304008,1787209137152.4224,2060705026,301,A,accepted_event,301,2060705026,0,heartbeat
1,305009,1147,7,1,0,1,310218,1787209145422.1677,0x00012e,7269.791992,,305008,1787209138152.3757,2060705026,302,A,accepted_event,302,2060705026,1,heartbeat
1,306008,1149,7,1,0,1,310503,1787209145707.1643,0x00012f,6554.834961,,306008,1787209139152.3293,2060705026,303,A,accepted_event,303,2060705026,1,heartbeat
1,307008,1151,7,1,0,1,310530,1787209145734.1638,0x000130,5581.881104,,307008,1787209140152.2827,2060705026,304,A,accepted_event,304,2060705026,1,heartbeat
1,308008,1154,7,1,0,1,310557,1787209145761.1636,0x000131,4608.927246,,308008,1787209141152.2363,2060705026,305,A,accepted_event,305,2060705026,1,heartbeat
1,309008,1156,7,1,0,1,310583,1787209145787.1633,0x000132,3634.973633,,309008,1787209142152.1897,2060705026,306,A,accepted_event,306,2060705026,1,heartbeat
1,310008,1158,7,1,0,1,311125,1787209146329.1565,0x000133,3177.013428,,310008,1787209143152.143,2060705026,307,A,accepted_event,307,2060705026,1,heartbeat
1,311008,1160,7,1,0,1,311152,1787209146356.1562,0x000134,2204.05957,,311008,1787209144152.0967,2060705026,308,A,accepted_event,308,2060705026,1,heartbeat
1,312008,1166,7,1,0,1,311178,1787209146382.1558,0x000135,1230.105713,,312008,1787209145152.05,2060705026,309,A,accepted_event,309,2060705026,1,heartbeat
1,313010,1173,7,1,0,1,311205,1787209146409.1555,0x000136,256.1521,,313009,1787209146153.0034,2060705026,310,A,accepted_event,310,2060705026,0,heartbeat
1,314008,1175,7,1,0,1,311955,1787209147159.1462,0x000137,7.189209,,314008,1787209147151.957,2060705026,311,A,accepted_event,311,2060705026,0,heartbeat
1,315008,1177,7,1,0,1,312956,1787209148160.1338,0x000138,8.223389,,315008,1787209148151.9104,2060705026,312,A,accepted_event,312,2060705026,0,heartbeat
1,316008,1179,7,1,0,1,314210,1787209149414.1182,0x000139,262.254395,,316008,1787209149151.8638,2060705026,313,A,accepted_event,313,2060705026,0,heartbeat
1,317008,1181,7,1,0,1,314956,1787209150160.109,0x00013a,8.291504,,317008,1787209150151.8174,2060705026,314,A,accepted_event,314,2060705026,0,heartbeat
1,318009,1184,7,1,0,1,315957,1787209151161.0967,0x00013b,8.325928,,318009,1787209151152.7708,2060705026,315,A,accepted_event,315,2060705026,0,heartbeat
1,319008,1186,7,1,0,1,316956,1787209152160.0842,0x00013c,8.360107,,319008,1787209152151.724,2060705026,316,A,accepted_event,316,2060705026,0,heartbeat
1,320008,1188,7,1,0,1,317956,1787209153160.0718,0x00013d,8.394043,,320008,1787209153151.6777,2060705026,317,A,accepted_event,317,2060705026,0,heartbeat
1,321008,1190,7,1,0,1,318956,1787209154160.0593,0x00013e,8.428223,,321008,1787209154151.631,2060705026,318,A,accepted_event,318,2060705026,0,heartbeat
1,322008,1192,7,1,0,1,319958,1787209155162.0469,0x00013f,10.462158,,322008,1787209155151.5847,2060705026,319,A,accepted_event,319,2060705026,0,heartbeat
1,323008,1202,7,1,0,1,320957,1787209156161.0344,0x000140,9.496338,,323008,1787209156151.538,2060705026,320,A,accepted_event,320,2060705026,0,heartbeat
1,324008,1204,7,1,0,1,322213,1787209157417.019,0x000141,265.527588,,324008,1787209157151.4915,2060705026,321,A,accepted_event,321,2060705026,0,heartbeat
1,325008,1206,7,1,0,1,322956,1787209158160.0098,0x000142,8.564697,,325008,1787209158151.445,2060705026,322,A,accepted_event,322,2060705026,0,heartbeat
1,326008,1208,7,1,0,1,323955,1787209159158.9973,0x000143,7.598877,,326008,1787209159151.3984,2060705026,323,A,accepted_event,323,2060705026,0,heartbeat
1,327008,1210,7,1,0,1,324956,1787209160159.9849,0x000144,8.633057,,327008,1787209160151.3518,2060705026,324,A,accepted_event,324,2060705026,0,heartbeat
1,328008,1213,7,1,0,1,325955,1787209161158.9724,0x000145,7.666992,,328008,1787209161151.3054,2060705026,325,A,accepted_event,325,2060705026,0,heartbeat
1,329008,1215,7,1,0,1,326956,1787209162159.96,0x000146,8.701172,,329008,1787209162151.2588,2060705026,326,A,accepted_event,326,2060705026,0,heartbeat
1,330008,1217,7,1,0,1,327956,1787209163159.9478,0x000147,8.735596,,330008,1787209163151.2122,2060705026,327,A,accepted_event,327,2060705026,0,heartbeat
1,331009,1219,7,1,0,1,328956,1787209164159.9353,0x000148,8.769531,,331008,1787209164151.1658,2060705026,328,A,accepted_event,328,2060705026,0,heartbeat
1,332008,1221,7,1,0,1,329955,1787209165158.9229,0x000149,7.803711,,332008,1787209165151.1191,2060705026,329,A,accepted_event,329,2060705026,0,heartbeat
1,333008,1232,7,1,0,1,330956,1787209166159.9104,0x00014a,8.837891,,333008,1787209166151.0725,2060705026,330,A,accepted_event,330,2060705026,0,heartbeat
1,334008,1234,7,1,0,1,331956,1787209167159.898,0x00014b,8.871826,,334008,1787209167151.0261,2060705026,331,A,accepted_event,331,2060705026,0,heartbeat
1,335008,1236,7,1,0,1,332955,1787209168158.8855,0x00014c,7.906006,,335008,1787209168150.9795,2060705026,332,A,accepted_event,332,2060705026,0,heartbeat
1,336009,1238,7,1,0,1,333957,1787209169160.873,0x00014d,8.940186,,336009,1787209169151.9329,2060705026,333,A,accepted_event,333,2060705026,0,heartbeat
1,337008,1240,7,1,0,1,334957,1787209170160.8608,0x00014e,9.974365,,337008,1787209170150.8865,2060705026,334,A,accepted_event,334,2060705026,0,heartbeat
1,338008,1243,7,1,0,1,335956,1787209171159.8484,0x00014f,9.008545,,338008,1787209171150.8398,2060705026,335,A,accepted_event,335,2060705026,0,heartbeat
1,339008,1245,7,1,0,1,336955,1787209172158.836,0x000150,8.04248,,339008,1787209172150.7935,2060705026,336,A,accepted_event,336,2060705026,0,heartbeat
1,340008,1247,7,1,0,1,337955,1787209173158.8235,0x000151,8.07666,,340008,1787209173150.7468,2060705026,337,A,accepted_event,337,2060705026,0,heartbeat
1,341009,1249,7,1,0,1,338956,1787209174159.811,0x000152,8.11084,,341009,1787209174151.7002,2060705026,338,A,accepted_event,338,2060705026,0,heartbeat
1,342008,1251,7,1,0,1,339957,1787209175160.7986,0x000153,10.144775,,342008,1787209175150.6538,2060705026,339,A,accepted_event,339,2060705026,0,heartbeat
1,343008,1256,7,1,0,1,340956,1787209176159.7864,0x000154,9.179199,,343008,1787209176150.6072,2060705026,340,A,accepted_event,340,2060705026,0,heartbeat
1,344009,1264,7,1,0,1,341956,1787209177159.774,0x000155,8.213379,,344009,1787209177151.5605,2060705026,341,A,accepted_event,341,2060705026,0,heartbeat
1,345008,1266,7,1,0,1,342956,1787209178159.7615,0x000156,9.247314,,345008,1787209178150.5142,2060705026,342,A,accepted_event,342,2060705026,0,heartbeat
1,346008,1268,7,1,0,1,343957,1787209179160.749,0x000157,10.281494,,346008,1787209179150.4675,2060705026,343,A,accepted_event,343,2060705026,0,heartbeat
1,347008,1270,7,1,0,1,344954,1787209180157.7366,0x000158,7.315674,,347008,1787209180150.421,2060705026,344,A,accepted_event,344,2060705026,0,heartbeat
1,348008,1272,7,1,0,1,345957,1787209181160.724,0x000159,10.349609,,348008,1787209181150.3745,2060705026,345,A,accepted_event,345,2060705026,0,heartbeat
1,349009,1274,7,1,0,1,346956,1787209182159.712,0x00015a,8.384033,,349009,1787209182151.328,2060705026,346,A,accepted_event,346,2060705026,0,heartbeat
1,350008,1276,7,1,0,1,347954,1787209183157.6995,0x00015b,7.418213,,350008,1787209183150.2812,2060705026,347,A,accepted_event,347,2060705026,0,heartbeat
1,351008,1278,7,1,0,1,349210,1787209184413.6838,0x00015c,263.448975,,351008,1787209184150.2349,2060705026,348,A,accepted_event,348,2060705026,0,heartbeat
1,352008,1280,7,1,0,1,349955,1787209185158.6746,0x00015d,8.486328,,352008,1787209185150.1882,2060705026,349,A,accepted_event,349,2060705026,0,heartbeat
1,353008,1283,7,1,0,1,350958,1787209186161.662,0x00015e,11.520508,,353008,1787209186150.1416,2060705026,350,A,accepted_event,350,2060705026,0,heartbeat
1,354008,1293,7,1,0,1,351955,1787209187158.6497,0x00015f,8.554443,,354008,1787209187150.0952,2060705026,351,A,accepted_event,351,2060705026,0,heartbeat
1,355008,1295,7,1,0,1,352954,1787209188157.6375,0x000160,7.588867,,355008,1787209188150.0486,2060705026,352,A,accepted_event,352,2060705026,0,heartbeat
1,356008,1297,7,1,0,1,353957,1787209189160.625,0x000161,10.622803,,356008,1787209189150.0022,2060705026,353,A,accepted_event,353,2060705026,0,heartbeat
1,357008,1299,7,1,0,1,354956,1787209190159.6125,0x000162,9.656982,,357008,1787209190149.9556,2060705026,354,A,accepted_event,354,2060705026,0,heartbeat
1,358009,1301,7,1,0,1,355955,1787209191158.6,0x000163,7.691162,,358009,1787209191150.909,2060705026,355,A,accepted_event,355,2060705026,0,heartbeat
1,359008,1304,7,1,0,1,356954,1787209192157.5876,0x000164,7.725098,,359008,1787209192149.8625,2060705026,356,A,accepted_event,356,2060705026,0,heartbeat
1,360008,1306,7,1,0,1,357957,1787209193160.5752,0x000165,10.759277,,360008,1787209193149.816,2060705026,357,A,accepted_event,357,2060705026,0,heartbeat
1,361008,1308,7,1,0,1,358955,1787209194158.563,0x000166,8.793701,,361008,1787209194149.7693,2060705026,358,A,accepted_event,358,2060705026,0,heartbeat
1,362009,1310,7,1,0,1,359955,1787209195158.5505,0x000167,7.827881,,362009,1787209195150.7227,2060705026,359,A,accepted_event,359,2060705026,0,heartbeat
1,363008,1312,7,1,0,1,360955,1787209196158.538,0x000168,8.861816,,363008,1787209196149.6763,2060705026,360,A,accepted_event,360,2060705026,0,heartbeat
1,364008,1323,7,1,0,1,361955,1787209197158.5256,0x000169,8.895996,,364008,1787209197149.6296,2060705026,361,A,accepted_event,361,2060705026,0,heartbeat
1,365008,1325,7,1,0,1,363209,1787209198412.51,0x00016a,262.926758,,365008,1787209198149.5833,2060705026,362,A,accepted_event,362,2060705026,0,heartbeat
1,366008,1327,7,1,0,1,363955,1787209199158.5007,0x00016b,8.964111,,366008,1787209199149.5366,2060705026,363,A,accepted_event,363,2060705026,0,heartbeat
1,367009,1329,7,1,0,1,364957,1787209200160.4885,0x00016c,9.998535,,367009,1787209200150.49,2060705026,364,A,accepted_event,364,2060705026,0,heartbeat
1,368009,1331,7,1,0,1,365955,1787209201158.476,0x00016d,8.032471,,368009,1787209201150.4436,2060705026,365,A,accepted_event,365,2060705026,0,heartbeat
1,369009,1334,7,1,0,1,366955,1787209202158.4636,0x00016e,8.06665,,369009,1787209202150.397,2060705026,366,A,accepted_event,366,2060705026,0,heartbeat
1,370008,1336,7,1,0,1,367956,1787209203159.4512,0x00016f,10.100586,,370008,1787209203149.3506,2060705026,367,A,accepted_event,367,2060705026,0,heartbeat
1,371008,1338,7,1,0,1,368953,1787209204156.4387,0x000170,7.134766,,371008,1787209204149.304,2060705026,368,A,accepted_event,368,2060705026,0,heartbeat
1,372008,1340,7,1,0,1,369956,1787209205159.4263,0x000171,10.168945,,372008,1787209205149.2573,2060705026,369,A,accepted_event,369,2060705026,0,heartbeat
1,373009,1342,7,1,0,1,370955,1787209206158.414,0x000172,8.203369,,373009,1787209206150.2107,2060705026,370,A,accepted_event,370,2060705026,0,heartbeat
1,374008,1346,7,1,0,1,371954,1787209207157.4016,0x000173,8.237305,,374008,1787209207149.1643,2060705026,371,A,accepted_event,371,2060705026,0,heartbeat
1,375008,1355,7,1,0,1,372954,1787209208157.3892,0x000174,8.271484,,375008,1787209208149.1177,2060705026,372,A,accepted_event,372,2060705026,0,heartbeat
1,376008,1357,7,1,0,1,373954,1787209209157.3767,0x000175,8.30542,,376008,1787209209149.0713,2060705026,373,A,accepted_event,373,2060705026,0,heartbeat
1,377008,1359,7,1,0,1,374952,1787209210155.3643,0x000176,6.3396,,377008,1787209210149.0247,2060705026,374,A,accepted_event,374,2060705026,0,heartbeat
1,378008,1361,7,1,0,1,375955,1787209211158.3518,0x000177,9.373779,,378008,1787209211148.978,2060705026,375,A,accepted_event,375,2060705026,0,heartbeat
1,379008,1364,7,1,0,1,376954,1787209212157.3396,0x000178,8.407959,,379008,1787209212148.9316,2060705026,376,A,accepted_event,376,2060705026,0,heartbeat
1,380008,1366,7,1,0,1,377955,1787209213158.3271,0x000179,9.442139,,380008,1787209213148.885,2060705026,377,A,accepted_event,377,2060705026,0,heartbeat
1,381008,1367,7,1,0,1,378954,1787209214157.3147,0x00017a,8.476318,,381008,1787209214148.8384,2060705026,378,A,accepted_event,378,2060705026,0,heartbeat
1,382008,1369,7,1,0,1,379955,1787209215158.3022,0x00017b,9.510254,,382008,1787209215148.792,2060705026,379,A,accepted_event,379,2060705026,0,heartbeat
1,383008,1371,7,1,0,1,380953,1787209216156.2898,0x00017c,7.544434,,383008,1787209216148.7454,2060705026,380,A,accepted_event,380,2060705026,0,heartbeat
1,384008,1374,7,1,0,1,381954,1787209217157.2773,0x00017d,8.578613,,384008,1787209217148.6987,2060705026,381,A,accepted_event,381,2060705026,0,heartbeat
1,385008,1384,7,1,0,1,382955,1787209218158.2651,0x00017e,9.612793,,385008,1787209218148.6523,2060705026,382,A,accepted_event,382,2060705026,0,heartbeat
1,386008,1386,7,1,0,1,383953,1787209219156.2527,0x00017f,7.646973,,386008,1787209219148.6057,2060705026,383,A,accepted_event,383,2060705026,0,heartbeat
1,387008,1388,7,1,0,1,384956,1787209220159.2402,0x000180,10.680908,,387008,1787209220148.5593,2060705026,384,A,accepted_event,384,2060705026,0,heartbeat
1,388009,1390,7,1,0,1,385955,1787209221158.2278,0x000181,8.715088,,388009,1787209221149.5127,2060705026,385,A,accepted_event,385,2060705026,0,heartbeat
1,389008,1393,7,1,0,1,386953,1787209222156.2153,0x000182,7.749268,,389008,1787209222148.466,2060705026,386,A,accepted_event,386,2060705026,0,heartbeat
1,390008,1395,7,1,0,1,387955,1787209223158.203,0x000183,9.783203,,390008,1787209223148.4197,2060705026,387,A,accepted_event,387,2060705026,0,heartbeat
1,391008,1397,7,1,0,1,388954,1787209224157.1907,0x000184,8.817627,,391008,1787209224148.373,2060705026,388,A,accepted_event,388,2060705026,0,heartbeat
1,392009,1399,7,1,0,1,389954,1787209225157.1782,0x000185,7.851807,,392009,1787209225149.3264,2060705026,389,A,accepted_event,389,2060705026,0,heartbeat
1,393008,1401,7,1,0,1,390955,1787209226158.1658,0x000186,9.885742,,393008,1787209226148.28,2060705026,390,A,accepted_event,390,2060705026,0,heartbeat
1,394008,1403,7,1,0,1,391954,1787209227157.1533,0x000187,8.919922,,394008,1787209227148.2334,2060705026,391,A,accepted_event,391,2060705026,0,heartbeat
1,395008,1412,7,1,0,1,392953,1787209228156.1409,0x000188,7.954102,,395008,1787209228148.1868,2060705026,392,A,accepted_event,392,2060705026,0,heartbeat
1,396009,1416,7,1,0,1,393954,1787209229157.1284,0x000189,7.988037,,396009,1787209229149.1404,2060705026,393,A,accepted_event,393,2060705026,0,heartbeat
1,397009,1418,7,1,0,1,394955,1787209230158.116,0x00018a,9.022217,,397009,1787209230149.0938,2060705026,394,A,accepted_event,394,2060705026,0,heartbeat
1,398008,1420,7,1,0,1,395952,1787209231155.1038,0x00018b,7.056641,,398008,1787209231148.047,2060705026,395,A,accepted_event,395,2060705026,0,heartbeat
1,399008,1423,7,1,0,1,396954,1787209232157.0913,0x00018c,9.090576,,399008,1787209232148.0007,2060705026,396,A,accepted_event,396,2060705026,0,heartbeat
1,400008,1425,7,1,0,1,397953,1787209233156.0789,0x00018d,8.124756,,400008,1787209233147.954,2060705026,397,A,accepted_event,397,2060705026,0,heartbeat
1,401008,1427,7,1,0,1,398952,1787209234155.0664,0x00018e,7.158936,,401008,1787209234147.9075,2060705026,398,A,accepted_event,398,2060705026,0,heartbeat
1,402009,1429,7,1,0,1,399955,1787209235158.054,0x00018f,9.192871,,402009,1787209235148.861,2060705026,399,A,accepted_event,399,2060705026,0,heartbeat
1,403008,1431,7,1,0,1,400956,1787209236159.0415,0x000190,11.227051,,403008,1787209236147.8145,2060705026,400,A,accepted_event,400,2060705026,0,heartbeat
1,404008,1433,7,1,0,1,402208,1787209237411.0261,0x000191,263.258057,,404008,1787209237147.768,2060705026,401,A,accepted_event,401,2060705026,0,heartbeat
1,405008,1435,7,1,0,1,402953,1787209238156.0168,0x000192,8.29541,,405008,1787209238147.7214,2060705026,402,A,accepted_event,402,2060705026,0,heartbeat
1,406008,1445,7,1,0,1,403955,1787209239158.0044,0x000193,10.32959,,406008,1787209239147.6748,2060705026,403,A,accepted_event,403,2060705026,0,heartbeat
1,407008,1447,7,1,0,1,404954,1787209240156.992,0x000194,9.363525,,407008,1787209240147.6284,2060705026,404,A,accepted_event,404,2060705026,0,heartbeat
1,408009,1449,7,1,0,1,405954,1787209241156.9795,0x000195,8.397705,,408009,1787209241148.5818,2060705026,405,A,accepted_event,405,2060705026,0,heartbeat
1,409008,1451,7,1,0,1,406953,1787209242155.9673,0x000196,8.432129,,409008,1787209242147.5352,2060705026,406,A,accepted_event,406,2060705026,0,heartbeat
1,410008,1454,7,1,0,1,407952,1787209243154.9548,0x000197,7.466064,,410008,1787209243147.4888,2060705026,407,A,accepted_event,407,2060705026,0,heartbeat
1,411008,1456,7,1,0,1,408953,1787209244155.9424,0x000198,8.500244,,411008,1787209244147.4421,2060705026,408,A,accepted_event,408,2060705026,0,heartbeat
1,412008,1458,7,1,0,1,409952,1787209245154.93,0x000199,7.534424,,412008,1787209245147.3955,2060705026,409,A,accepted_event,409,2060705026,0,heartbeat
1,413008,1460,7,1,0,1,410952,1787209246154.9175,0x00019a,7.568359,,413008,1787209246147.349,2060705026,410,A,accepted_event,410,2060705026,0,heartbeat
1,414009,1462,7,1,0,1,411954,1787209247156.905,0x00019b,8.602539,,414009,1787209247148.3025,2060705026,411,A,accepted_event,411,2060705026,0,heartbeat
1,415008,1465,7,1,0,1,412952,1787209248154.8928,0x00019c,7.636963,,415008,1787209248147.2559,2060705026,412,A,accepted_event,412,2060705026,0,heartbeat
1,416008,1475,7,1,0,1,413952,1787209249154.8804,0x00019d,7.670898,,416008,1787209249147.2095,2060705026,413,A,accepted_event,413,2060705026,0,heartbeat
1,417009,1477,7,1,0,1,414953,1787209250155.868,0x00019e,7.705078,,417009,1787209250148.1628,2060705026,414,A,accepted_event,414,2060705026,0,heartbeat
1,418008,1479,7,1,0,1,415955,1787209251157.8555,0x00019f,10.739014,,418008,1787209251147.1165,2060705026,415,A,accepted_event,415,2060705026,0,heartbeat
1,419008,1481,7,1,0,1,416952,1787209252154.843,0x0001a0,7.773193,,419008,1787209252147.0698,2060705026,416,A,accepted_event,416,2060705026,0,heartbeat
1,420008,1484,7,1,0,1,417953,1787209253155.8306,0x0001a1,8.807373,,420008,1787209253147.0232,2060705026,417,A,accepted_event,417,2060705026,0,heartbeat
1,421008,1486,7,1,0,1,418953,1787209254155.818,0x0001a2,8.841309,,421008,1787209254146.9768,2060705026,418,A,accepted_event,418,2060705026,0,heartbeat
1,422008,1488,7,1,0,1,419952,1787209255154.806,0x0001a3,7.875732,,422008,1787209255146.9302,2060705026,419,A,accepted_event,419,2060705026,0,heartbeat
1,423008,1490,7,1,0,1,420953,1787209256155.7935,0x0001a4,8.909912,,423008,1787209256146.8835,2060705026,420,A,accepted_event,420,2060705026,0,heartbeat
1,424008,1492,7,1,0,1,421953,1787209257155.781,0x0001a5,8.943848,,424008,1787209257146.8372,2060705026,421,A,accepted_event,421,2060705026,0,heartbeat
1,425008,1494,7,1,0,1,422952,1787209258154.7686,0x0001a6,7.978027,,425008,1787209258146.7905,2060705026,422,A,accepted_event,422,2060705026,0,heartbeat
1,426008,1502,7,1,0,1,424209,1787209259411.753,0x0001a7,265.009033,,426008,1787209259146.744,2060705026,423,A,accepted_event,423,2060705026,0,heartbeat
1,427008,1507,7,1,0,1,424953,1787209260155.7437,0x0001a8,9.046143,,427008,1787209260146.6975,2060705026,424,A,accepted_event,424,2060705026,0,heartbeat
1,428008,1509,7,1,0,1,425951,1787209261153.7314,0x0001a9,7.080566,,428008,1787209261146.651,2060705026,425,A,accepted_event,425,2060705026,0,heartbeat
1,429008,1511,7,1,0,1,426953,1787209262155.719,0x0001aa,9.114746,,429008,1787209262146.6042,2060705026,426,A,accepted_event,426,2060705026,0,heartbeat
1,430008,1514,7,1,0,1,427953,1787209263155.7065,0x0001ab,9.148682,,430008,1787209263146.5579,2060705026,427,A,accepted_event,427,2060705026,0,heartbeat
1,431008,1516,7,1,0,1,428952,1787209264154.694,0x0001ac,8.182861,,431008,1787209264146.5112,2060705026,428,A,accepted_event,428,2060705026,0,heartbeat
1,432008,1518,7,1,0,1,429952,1787209265154.6816,0x0001ad,8.217041,,432008,1787209265146.4646,2060705026,429,A,accepted_event,429,2060705026,0,heartbeat
1,433008,1520,7,1,0,1,430952,1787209266154.6692,0x0001ae,8.250977,,433008,1787209266146.4182,2060705026,430,A,accepted_event,430,2060705026,0,heartbeat
1,434008,1522,7,1,0,1,431951,1787209267153.657,0x0001af,7.2854,,434008,1787209267146.3716,2060705026,431,A,accepted_event,431,2060705026,0,heartbeat
1,435008,1524,7,1,0,1,432952,1787209268154.6445,0x0001b0,8.319336,,435008,1787209268146.3252,2060705026,432,A,accepted_event,432,2060705026,0,heartbeat
1,436008,1526,7,1,0,1,433952,1787209269154.632,0x0001b1,8.353516,,436008,1787209269146.2786,2060705026,433,A,accepted_event,433,2060705026,0,heartbeat
1,437009,1536,7,1,0,1,434953,1787209270155.6196,0x0001b2,8.387695,,437009,1787209270147.232,2060705026,434,A,accepted_event,434,2060705026,0,heartbeat
1,438008,1538,7,1,0,1,435952,1787209271154.6072,0x0001b3,8.421631,,438008,1787209271146.1855,2060705026,435,A,accepted_event,435,2060705026,0,heartbeat
1,439008,1540,7,1,0,1,437204,1787209272406.5918,0x0001b4,260.452881,,439008,1787209272146.139,2060705026,436,A,accepted_event,436,2060705026,0,heartbeat
1,440008,1543,7,1,0,1,440209,1787209275411.5544,0x0001b5,2265.462158,,440008,1787209273146.0923,2060705026,437,A,accepted_event,437,2060705026,0,heartbeat
1,441009,1545,7,1,0,1,441003,1787209276205.5447,0x0001b6,2058.499023,,441009,1787209274147.0457,2060705026,438,A,accepted_event,438,2060705026,0,heartbeat
1,442008,1547,7,1,0,1,441030,1787209276232.5442,0x0001b7,1086.544922,,442008,1787209275145.9993,2060705026,439,A,accepted_event,439,2060705026,0,heartbeat
1,443008,1549,7,1,0,1,441057,1787209276259.544,0x0001b8,113.591309,,443008,1787209276145.9526,2060705026,440,A,accepted_event,440,2060705026,0,heartbeat
1,444008,1551,7,1,0,1,441955,1787209277157.5327,0x0001b9,11.626465,,444008,1787209277145.9062,2060705026,441,A,accepted_event,441,2060705026,0,heartbeat
1,445008,1553,7,1,0,1,442956,1787209278158.5203,0x0001ba,12.660645,,445008,1787209278145.8596,2060705026,442,A,accepted_event,442,2060705026,0,heartbeat
1,446008,1556,7,1,0,1,443954,1787209279156.5078,0x0001bb,10.694824,,446008,1787209279145.813,2060705026,443,A,accepted_event,443,2060705026,0,heartbeat
1,447008,1566,7,1,0,1,444959,1787209280161.4954,0x0001bc,15.72876,,447008,1787209280145.7666,2060705026,444,A,accepted_event,444,2060705026,0,heartbeat
1,448008,1568,7,1,0,1,445955,1787209281157.4832,0x0001bd,11.763184,,448008,1787209281145.72,2060705026,445,A,accepted_event,445,2060705026,0,heartbeat
1,449008,1570,7,1,0,1,446955,1787209282157.4707,0x0001be,11.797363,,449008,1787209282145.6733,2060705026,446,A,accepted_event,446,2060705026,0,heartbeat
1,450009,1573,7,1,0,1,447957,1787209283159.4583,0x0001bf,12.831299,,450009,1787209283146.627,2060705026,447,A,accepted_event,447,2060705026,0,heartbeat
1,451008,1575,7,1,0,1,448954,1787209284156.4458,0x0001c0,10.865479,,451008,1787209284145.5803,2060705026,448,A,accepted_event,448,2060705026,0,heartbeat
1,452008,1577,7,1,0,1,449956,1787209285158.4333,0x0001c1,12.899414,,452008,1787209285145.534,2060705026,449,A,accepted_event,449,2060705026,0,heartbeat
1,453009,1579,7,1,0,1,450957,1787209286159.421,0x0001c2,12.933594,,453009,1787209286146.4873,2060705026,450,A,accepted_event,450,2060705026,0,heartbeat
1,454008,1581,7,1,0,1,451954,1787209287156.4087,0x0001c3,10.968018,,454008,1787209287145.4407,2060705026,451,A,accepted_event,451,2060705026,0,heartbeat
1,455008,1583,7,1,0,1,452955,1787209288157.3962,0x0001c4,12.001953,,455008,1787209288145.3943,2060705026,452,A,accepted_event,452,2060705026,0,heartbeat
1,456009,1585,7,1,0,1,453958,1787209289160.3838,0x0001c5,14.036133,,456009,1787209289146.3477,2060705026,453,A,accepted_event,453,2060705026,0,heartbeat
1,457008,1593,7,1,0,1,454957,1787209290159.3713,0x0001c6,14.070312,,457008,1787209290145.301,2060705026,454,A,accepted_event,454,2060705026,0,heartbeat
1,458009,1598,7,1,0,1,455957,1787209291159.359,0x0001c7,13.104492,,458009,1787209291146.2544,2060705026,455,A,accepted_event,455,2060705026,0,heartbeat
1,459008,1600,7,1,0,1,457210,1787209292412.3435,0x0001c8,267.135498,,459008,1787209292145.208,2060705026,456,A,accepted_event,456,2060705026,0,heartbeat
1,460008,1603,7,1,0,1,457955,1787209293157.3342,0x0001c9,12.172852,,460008,1787209293145.1614,2060705026,457,A,accepted_event,457,2060705026,0,heartbeat
1,461008,1605,7,1,0,1,458957,1787209294159.3218,0x0001ca,14.206787,,461008,1787209294145.115,2060705026,458,A,accepted_event,458,2060705026,0,heartbeat
1,462009,1607,7,1,0,1,459957,1787209295159.3093,0x0001cb,13.240967,,462009,1787209295146.0684,2060705026,459,A,accepted_event,459,2060705026,0,heartbeat
1,463008,1609,7,1,0,1,461465,1787209296667.2905,0x0001cc,522.268799,,463008,1787209296145.0217,2060705026,460,A,accepted_event,460,2060705026,0,heartbeat
1,464009,1611,7,1,0,1,462013,1787209297215.2837,0x0001cd,70.30835,,464008,1787209297144.9753,2060705026,461,A,accepted_event,461,2060705026,1,heartbeat
1,465008,1613,7,1,0,1,462951,1787209298153.2722,0x0001ce,8.343506,,465008,1787209298144.9287,2060705026,462,A,accepted_event,462,2060705026,0,heartbeat
1,466009,1615,7,1,0,1,463953,1787209299155.2598,0x0001cf,9.377686,,466009,1787209299145.882,2060705026,463,A,accepted_event,463,2060705026,0,heartbeat
1,467008,1617,7,1,0,1,464951,1787209300153.2473,0x0001d0,8.411621,,467008,1787209300144.8357,2060705026,464,A,accepted_event,464,2060705026,0,heartbeat
1,468008,1627,7,1,0,1,465952,1787209301154.2349,0x0001d1,9.445801,,468008,1787209301144.789,2060705026,465,A,accepted_event,465,2060705026,0,heartbeat
1,469008,1629,7,1,0,1,466951,1787209302153.2224,0x0001d2,8.479736,,469008,1787209302144.7427,2060705026,466,A,accepted_event,466,2060705026,0,heartbeat
1,470008,1631,7,1,0,1,467951,1787209303153.2102,0x0001d3,8.51416,,470008,1787209303144.696,2060705026,467,A,accepted_event,467,2060705026,0,heartbeat
1,471008,1634,7,1,0,1,468950,1787209304152.1978,0x0001d4,7.54834,,471008,1787209304144.6494,2060705026,468,A,accepted_event,468,2060705026,0,heartbeat
1,472008,1636,7,1,0,1,470207,1787209305409.1821,0x0001d5,264.579102,,472008,1787209305144.603,2060705026,469,A,accepted_event,469,2060705026,0,heartbeat
1,473009,1638,7,1,0,1,470954,1787209306156.1729,0x0001d6,10.616455,,473009,1787209306145.5564,2060705026,470,A,accepted_event,470,2060705026,0,heartbeat
1,474009,1640,7,1,0,1,471952,1787209307154.1604,0x0001d7,8.650635,,474009,1787209307145.5098,2060705026,471,A,accepted_event,471,2060705026,0,heartbeat
1,475008,1642,7,1,0,1,472950,1787209308152.148,0x0001d8,7.68457,,475008,1787209308144.4634,2060705026,472,A,accepted_event,472,2060705026,0,heartbeat
1,476008,1644,7,1,0,1,473952,1787209309154.1355,0x0001d9,9.71875,,476008,1787209309144.4167,2060705026,473,A,accepted_event,473,2060705026,0,heartbeat
1,477008,1647,7,1,0,1,474951,1787209310153.1233,0x0001da,8.753174,,477008,1787209310144.37,2060705026,474,A,accepted_event,474,2060705026,0,heartbeat
1,478009,1657,7,1,0,1,475951,1787209311153.1108,0x0001db,7.787109,,478009,1787209311145.3237,2060705026,475,A,accepted_event,475,2060705026,0,heartbeat
1,479008,1659,7,1,0,1,476951,1787209312153.0984,0x0001dc,8.821289,,479008,1787209312144.277,2060705026,476,A,accepted_event,476,2060705026,0,heartbeat
1,480008,1661,7,1,0,1,477951,1787209313153.086,0x0001dd,8.855469,,480008,1787209313144.2305,2060705026,477,A,accepted_event,477,2060705026,0,heartbeat
1,481008,1664,7,1,0,1,478950,1787209314152.0735,0x0001de,7.889404,,481008,1787209314144.184,2060705026,478,A,accepted_event,478,2060705026,0,heartbeat
1,482008,1666,7,1,0,1,479951,1787209315153.0613,0x0001df,8.923828,,482008,1787209315144.1375,2060705026,479,A,accepted_event,479,2060705026,0,heartbeat
1,483008,1668,7,1,0,1,480951,1787209316153.0488,0x0001e0,8.957764,,483008,1787209316144.091,2060705026,480,A,accepted_event,480,2060705026,0,heartbeat
1,484008,1670,7,1,0,1,481949,1787209317151.0364,0x0001e1,6.991943,,484008,1787209317144.0444,2060705026,481,A,accepted_event,481,2060705026,0,heartbeat
1,485008,1672,7,1,0,1,482951,1787209318153.024,0x0001e2,9.026123,,485008,1787209318143.9978,2060705026,482,A,accepted_event,482,2060705026,0,heartbeat
1,486008,1674,7,1,0,1,483950,1787209319152.0115,0x0001e3,8.060059,,486008,1787209319143.9514,2060705026,483,A,accepted_event,483,2060705026,0,heartbeat
1,487008,1676,7,1,0,1,484949,1787209320150.999,0x0001e4,7.094238,,487008,1787209320143.9048,2060705026,484,A,accepted_event,484,2060705026,0,heartbeat
1,488008,1684,7,1,0,1,485951,1787209321152.9866,0x0001e5,9.128418,,488008,1787209321143.8582,2060705026,485,A,accepted_event,485,2060705026,0,heartbeat
1,489008,1689,7,1,0,1,486950,1787209322151.9744,0x0001e6,8.162598,,489008,1787209322143.8118,2060705026,486,A,accepted_event,486,2060705026,0,heartbeat
1,490008,1691,7,1,0,1,487949,1787209323150.962,0x0001e7,7.196777,,490008,1787209323143.7651,2060705026,487,A,accepted_event,487,2060705026,0,heartbeat
1,491008,1694,7,1,0,1,488950,1787209324151.9495,0x0001e8,8.230957,,491008,1787209324143.7185,2060705026,488,A,accepted_event,488,2060705026,0,heartbeat
1,492008,1696,7,1,0,1,489952,1787209325153.937,0x0001e9,10.264893,,492008,1787209325143.672,2060705026,489,A,accepted_event,489,2060705026,0,heartbeat
1,493008,1698,7,1,0,1,490951,1787209326152.9246,0x0001ea,9.299072,,493008,1787209326143.6255,2060705026,490,A,accepted_event,490,2060705026,0,heartbeat
1,494008,1700,7,1,0,1,491950,1787209327151.9124,0x0001eb,8.333496,,494008,1787209327143.5789,2060705026,491,A,accepted_event,491,2060705026,0,heartbeat
1,495008,1702,7,1,0,1,492951,1787209328152.9,0x0001ec,9.367432,,495008,1787209328143.5325,2060705026,492,A,accepted_event,492,2060705026,0,heartbeat
1,496008,1704,7,1,0,1,493949,1787209329150.8875,0x0001ed,7.401611,,496008,1787209329143.4858,2060705026,493,A,accepted_event,493,2060705026,0,heartbeat
1,497008,1706,7,1,0,1,494951,1787209330152.875,0x0001ee,9.435791,,497008,1787209330143.4392,2060705026,494,A,accepted_event,494,2060705026,0,heartbeat
1,498008,1708,7,1,0,1,495949,1787209331150.8625,0x0001ef,7.469727,,498008,1787209331143.3928,2060705026,495,A,accepted_event,495,2060705026,0,heartbeat
1,499008,1718,7,1,0,1,496950,1787209332151.85,0x0001f0,8.503906,,499008,1787209332143.3462,2060705026,496,A,accepted_event,496,2060705026,0,heartbeat
1,500008,1720,7,1,0,1,497950,1787209333151.8376,0x0001f1,8.537842,,500008,1787209333143.2998,2060705026,497,A,accepted_event,497,2060705026,0,heartbeat
1,501008,1723,7,1,0,1,498949,1787209334150.8254,0x0001f2,7.572266,,501008,1787209334143.2532,2060705026,498,A,accepted_event,498,2060705026,0,heartbeat
1,502008,1725,7,1,0,1,499949,1787209335150.813,0x0001f3,7.606445,,502008,1787209335143.2065,2060705026,499,A,accepted_event,499,2060705026,0,heartbeat
1,503008,1727,7,1,0,1,500952,1787209336153.8005,0x0001f4,10.640381,,503008,1787209336143.1602,2060705026,500,A,accepted_event,500,2060705026,0,heartbeat
1,504008,1729,7,1,0,1,501949,1787209337150.788,0x0001f5,7.674561,,504008,1787209337143.1135,2060705026,501,A,accepted_event,501,2060705026,0,heartbeat
1,505008,1731,7,1,0,1,502949,1787209338150.7756,0x0001f6,7.70874,,505008,1787209338143.067,2060705026,502,A,accepted_event,502,2060705026,0,heartbeat
1,506008,1733,7,1,0,1,503950,1787209339151.7632,0x0001f7,8.742676,,506008,1787209339143.0205,2060705026,503,A,accepted_event,503,2060705026,0,heartbeat
1,507008,1735,7,1,0,1,504949,1787209340150.751,0x0001f8,7.7771,,507008,1787209340142.9739,2060705026,504,A,accepted_event,504,2060705026,0,heartbeat
1,508008,1738,7,1,0,1,505951,1787209341152.7385,0x0001f9,9.811279,,508008,1787209341142.9272,2060705026,505,A,accepted_event,505,2060705026,0,heartbeat
1,509008,1748,7,1,0,1,506950,1787209342151.726,0x0001fa,8.845215,,509008,1787209342142.8809,2060705026,506,A,accepted_event,506,2060705026,0,heartbeat
1,510008,1750,7,1,0,1,507950,1787209343151.7136,0x0001fb,8.879395,,510008,1787209343142.8342,2060705026,507,A,accepted_event,507,2060705026,0,heartbeat
1,511008,1753,7,1,0,1,509204,1787209344405.698,0x0001fc,262.9104,,511008,1787209344142.7876,2060705026,508,A,accepted_event,508,2060705026,0,heartbeat
1,512008,1755,7,1,0,1,509949,1787209345150.6887,0x0001fd,7.94751,,512008,1787209345142.7412,2060705026,509,A,accepted_event,509,2060705026,0,heartbeat
1,513013,1758,7,1,0,1,510978,1787209346179.676,0x0001fe,32.981689,,513012,1787209346146.6943,2060705026,510,A,accepted_event,510,2060705026,0,heartbeat
1,514014,1770,7,1,0,1,512053,1787209347254.6628,0x0001ff,107.014893,,514013,1787209347147.648,2060705026,511,A,accepted_event,511,2060705026,0,heartbeat
1,515010,1782,7,1,0,1,514150,1787209349351.6367,0x000200,1208.035156,,515009,1787209348143.6016,2060705026,512,A,accepted_event,512,2060705026,0,heartbeat
1,516011,1794,7,1,0,1,514967,1787209350168.6265,0x000201,1024.071533,,516010,1787209349144.555,2060705026,513,A,accepted_event,513,2060705026,0,heartbeat
1,517011,1806,7,1,0,1,517513,1787209352714.595,0x000202,2570.08667,,517010,1787209350144.5083,2060705026,514,A,accepted_event,514,2060705026,0,heartbeat
1,518011,1814,0,1,0,0,,,0x000203,,,518010,1787209351144.462,2060705026,515,A,accepted_event,515,2060705026,1,heartbeat
1,519010,1833,7,1,0,1,521828,1787209357029.5415,0x000204,4886.126221,,519009,1787209352143.4153,2060705026,516,A,accepted_event,516,2060705026,0,heartbeat
1,525011,1862,7,1,0,1,525061,1787209360262.5012,0x00020a,2118.365234,,525010,1787209358144.136,2060705026,522,A,accepted_event,522,2060705026,0,heartbeat
1,526010,1870,7,1,0,1,526017,1787209361218.4895,0x00020b,2075.399902,,526009,1787209359143.0896,2060705026,523,A,accepted_event,523,2060705026,0,heartbeat
1,527011,1877,7,1,0,1,526706,1787209361907.481,0x00020c,1763.437988,,527010,1787209360144.043,2060705026,524,A,accepted_event,524,2060705026,1,heartbeat
1,528010,1884,7,1,0,1,527692,1787209362893.4685,0x00020d,1750.472168,,528009,1787209361142.9963,2060705026,525,A,accepted_event,525,2060705026,0,heartbeat
1,529014,1902,7,1,0,1,528618,1787209363819.457,0x00020e,1672.507324,,529013,1787209362146.9497,2060705026,526,A,accepted_event,526,2060705026,0,heartbeat
1,530010,1917,7,1,0,1,529618,1787209364819.4448,0x00020f,1676.541504,,530009,1787209363142.9033,2060705026,527,A,accepted_event,527,2060705026,0,heartbeat
1,532011,1937,7,1,0,1,531212,1787209366413.425,0x000211,1269.614746,,532010,1787209365143.8103,2060705026,529,A,accepted_event,529,2060705026,0,heartbeat
1,533010,1949,7,1,0,1,533139,1787209368340.4011,0x000212,2196.637451,,533010,1787209366143.7637,2060705026,530,A,accepted_event,530,2060705026,0,heartbeat
1,535010,1968,7,1,0,1,534585,1787209369786.383,0x000214,1643.712402,,535009,1787209368142.6707,2060705026,532,A,accepted_event,532,2060705026,0,heartbeat
1,536010,1974,7,1,0,1,534882,1787209370083.3794,0x000215,940.755371,,536009,1787209369142.624,2060705026,533,A,accepted_event,533,2060705026,1,heartbeat
1,537010,1986,7,1,0,1,535703,1787209370904.3691,0x000216,761.791748,,537009,1787209370142.5774,2060705026,534,A,accepted_event,534,2060705026,0,heartbeat
1,538010,1998,7,1,0,1,536898,1787209372099.3542,0x000217,956.823242,,538009,1787209371142.531,2060705026,535,A,accepted_event,535,2060705026,0,heartbeat
1,539010,2016,7,1,0,1,538714,1787209373915.3318,0x000218,1772.847412,,539009,1787209372142.4844,2060705026,536,A,accepted_event,536,2060705026,0,heartbeat
1,541010,2038,7,1,0,1,540583,1787209375784.3086,0x00021a,1641.917236,,541009,1787209374142.3914,2060705026,538,A,accepted_event,538,2060705026,0,heartbeat
1,544011,2070,7,1,0,1,544596,1787209379797.2588,0x00021d,2654.00708,,544010,1787209377143.2517,2060705026,541,A,accepted_event,541,2060705026,0,heartbeat
1,546011,2081,7,1,0,1,545779,1787209380980.2441,0x00021f,1837.085693,,546010,1787209379143.1584,2060705026,543,A,accepted_event,543,2060705026,0,heartbeat
1,548011,2102,7,1,0,1,549891,1787209385092.193,0x000221,3949.127686,,548010,1787209381143.0654,2060705026,545,A,accepted_event,545,2060705026,0,heartbeat
1,549011,2120,7,1,0,1,550835,1787209386036.1814,0x000222,3893.162354,,549010,1787209382143.019,2060705026,546,A,accepted_event,546,2060705026,0,heartbeat
1,551011,2141,0,1,0,0,,,0x000224,,,551010,1787209384142.9258,2060705026,548,A,accepted_event,548,2060705026,0,heartbeat
1,555010,2170,7,1,0,1,557575,1787209392776.0977,0x000228,4634.35791,,555009,1787209388141.7397,2060705026,552,A,accepted_event,552,2060705026,0,heartbeat
1,556010,2178,7,1,0,1,558748,1787209393949.0833,0x000229,4806.390137,,556010,1787209389142.693,2060705026,553,A,accepted_event,553,2060705026,0,heartbeat
1,563010,2232,7,1,0,1,562456,1787209397657.037,0x000230,1514.669922,,563010,1787209396142.3672,2060705026,560,A,accepted_event,560,2060705026,0,heartbeat
1,564010,2244,7,1,0,1,563747,1787209398948.0212,0x000231,1806.700439,,564009,1787209397141.3208,2060705026,561,A,accepted_event,561,2060705026,0,heartbeat
1,565011,2256,7,1,0,1,565009,1787209400210.0054,0x000232,2067.731201,,565010,1787209398142.2742,2060705026,562,A,accepted_event,562,2060705026,0,heartbeat
1,566010,2262,7,1,0,1,565367,1787209400568.001,0x000233,1426.773193,,566009,1787209399141.2278,2060705026,563,A,accepted_event,563,2060705026,1,heartbeat
1,567010,2268,7,1,0,1,566213,1787209401413.9905,0x000234,1272.809326,,567009,1787209400141.1812,2060705026,564,A,accepted_event,564,2060705026,0,heartbeat
1,568011,2280,7,1,0,1,567629,1787209402829.973,0x000235,1687.838379,,568010,1787209401142.1345,2060705026,565,A,accepted_event,565,2060705026,0,heartbeat
1,569010,2288,7,1,0,1,570055,1787209405255.9429,0x000236,3114.854736,,569009,1787209402141.0881,2060705026,566,A,accepted_event,566,2060705026,1,heartbeat
1,572010,2312,7,1,0,1,571659,1787209406859.9229,0x000239,1718.974365,,572009,1787209405140.9485,2060705026,569,A,accepted_event,569,2060705026,0,heartbeat
1,574009,2320,7,1,0,1,571985,1787209407185.919,0x00023b,45.063477,,574009,1787209407140.8555,2060705026,571,A,accepted_event,571,2060705026,0,heartbeat
1,575008,2322,7,1,0,1,572947,1787209408147.907,0x00023c,8.098145,,575008,1787209408139.8088,2060705026,572,A,accepted_event,572,2060705026,0,heartbeat
1,576008,2324,7,1,0,1,573947,1787209409147.8945,0x00023d,8.132324,,576008,1787209409139.7622,2060705026,573,A,accepted_event,573,2060705026,0,heartbeat
1,577008,2326,7,1,0,1,574948,1787209410148.882,0x00023e,9.16626,,577008,1787209410139.7158,2060705026,574,A,accepted_event,574,2060705026,0,heartbeat
1,578008,2328,7,1,0,1,575947,1787209411147.8696,0x00023f,8.200439,,578008,1787209411139.6692,2060705026,575,A,accepted_event,575,2060705026,0,heartbeat
1,579008,2331,7,1,0,1,576947,1787209412147.8572,0x000240,8.234375,,579008,1787209412139.6228,2060705026,576,A,accepted_event,576,2060705026,0,heartbeat
1,580008,2341,7,1,0,1,577946,1787209413146.845,0x000241,7.268799,,580008,1787209413139.5762,2060705026,577,A,accepted_event,577,2060705026,0,heartbeat
1,581008,2343,7,1,0,1,578949,1787209414149.8325,0x000242,10.302979,,581008,1787209414139.5295,2060705026,578,A,accepted_event,578,2060705026,0,heartbeat
1,582008,2346,7,1,0,1,579947,1787209415147.82,0x000243,8.336914,,582008,1787209415139.4832,2060705026,579,A,accepted_event,579,2060705026,0,heartbeat
1,583008,2348,7,1,0,1,580946,1787209416146.8076,0x000244,7.371094,,583008,1787209416139.4365,2060705026,580,A,accepted_event,580,2060705026,0,heartbeat
1,584008,2350,7,1,0,1,581947,1787209417147.7952,0x000245,8.405273,,584008,1787209417139.39,2060705026,581,A,accepted_event,581,2060705026,0,heartbeat
1,585008,2352,7,1,0,1,582946,1787209418146.7827,0x000246,7.439209,,585008,1787209418139.3435,2060705026,582,A,accepted_event,582,2060705026,0,heartbeat
1,586008,2354,7,1,0,1,583946,1787209419146.7705,0x000247,7.473633,,586008,1787209419139.2969,2060705026,583,A,accepted_event,583,2060705026,0,heartbeat
1,587008,2356,7,1,0,1,584947,1787209420147.758,0x000248,8.507812,,587008,1787209420139.2502,2060705026,584,A,accepted_event,584,2060705026,0,heartbeat
1,588008,2358,7,1,0,1,585946,1787209421146.7456,0x000249,7.541748,,588008,1787209421139.2039,2060705026,585,A,accepted_event,585,2060705026,0,heartbeat
1,589008,2360,7,1,0,1,586946,1787209422146.7332,0x00024a,7.575928,,589008,1787209422139.1572,2060705026,586,A,accepted_event,586,2060705026,0,heartbeat
1,590008,2371,7,1,0,1,587947,1787209423147.7207,0x00024b,8.610107,,590008,1787209423139.1106,2060705026,587,A,accepted_event,587,2060705026,0,heartbeat
1,591008,2373,7,1,0,1,588946,1787209424146.7083,0x00024c,7.644043,,591008,1787209424139.0642,2060705026,588,A,accepted_event,588,2060705026,0,heartbeat
1,592008,2376,7,1,0,1,589948,1787209425148.696,0x00024d,9.678467,,592008,1787209425139.0176,2060705026,589,A,accepted_event,589,2060705026,0,heartbeat
1,593008,2378,7,1,0,1,590947,1787209426147.6836,0x00024e,8.712646,,593008,1787209426138.971,2060705026,590,A,accepted_event,590,2060705026,0,heartbeat
1,594008,2380,7,1,0,1,591947,1787209427147.6711,0x00024f,8.746582,,594008,1787209427138.9246,2060705026,591,A,accepted_event,591,2060705026,0,heartbeat
1,595008,2382,7,1,0,1,592946,1787209428146.6587,0x000250,7.780762,,595008,1787209428138.878,2060705026,592,A,accepted_event,592,2060705026,0,heartbeat
1,596008,2384,7,1,0,1,593947,1787209429147.6462,0x000251,8.814697,,596008,1787209429138.8315,2060705026,593,A,accepted_event,593,2060705026,0,heartbeat
1,597008,2386,7,1,0,1,594946,1787209430146.6338,0x000252,7.848877,,597008,1787209430138.785,2060705026,594,A,accepted_event,594,2060705026,0,heartbeat
1,598008,2388,7,1,0,1,595946,1787209431146.6216,0x000253,7.883301,,598008,1787209431138.7383,2060705026,595,A,accepted_event,595,2060705026,0,heartbeat
1,599008,2390,7,1,0,1,596946,1787209432146.6091,0x000254,7.917236,,599008,1787209432138.692,2060705026,596,A,accepted_event,596,2060705026,0,heartbeat
1,600008,2395,7,1,0,1,597946,1787209433146.5967,0x000255,7.951416,,600008,1787209433138.6453,2060705026,597,A,accepted_event,597,2060705026,0,heartbeat
1,601008,2402,7,1,0,1,598945,1787209434145.5842,0x000256,6.985596,,601008,1787209434138.5986,2060705026,598,A,accepted_event,598,2060705026,0,heartbeat
1,602008,2405,7,1,0,1,600201,1787209435401.5686,0x000257,263.016357,,602008,1787209435138.5522,2060705026,599,A,accepted_event,599,2060705026,0,heartbeat
1,603008,2407,7,1,0,1,600947,1787209436147.5593,0x000258,9.053711,,603008,1787209436138.5056,2060705026,600,A,accepted_event,600,2060705026,0,heartbeat
1,604008,2409,7,1,0,1,601947,1787209437147.547,0x000259,9.088135,,604008,1787209437138.459,2060705026,601,A,accepted_event,601,2060705026,0,heartbeat
1,605008,2411,7,1,0,1,602946,1787209438146.5347,0x00025a,8.12207,,605008,1787209438138.4126,2060705026,602,A,accepted_event,602,2060705026,0,heartbeat
1,606008,2413,7,1,0,1,603949,1787209439149.5222,0x00025b,11.15625,,606008,1787209439138.366,2060705026,603,A,accepted_event,603,2060705026,0,heartbeat
1,607008,2415,7,1,0,1,604945,1787209440145.5098,0x00025c,7.19043,,607008,1787209440138.3193,2060705026,604,A,accepted_event,604,2060705026,0,heartbeat
1,608008,2417,7,1,0,1,605946,1787209441146.4973,0x00025d,8.224365,,608008,1787209441138.273,2060705026,605,A,accepted_event,605,2060705026,0,heartbeat
1,609008,2419,7,1,0,1,606946,1787209442146.4849,0x00025e,8.258545,,609008,1787209442138.2263,2060705026,606,A,accepted_event,606,2060705026,0,heartbeat
1,610008,2422,7,1,0,1,607945,1787209443145.4727,0x00025f,7.292725,,610008,1787209443138.18,2060705026,607,A,accepted_event,607,2060705026,0,heartbeat
1,611008,2432,7,1,0,1,609200,1787209444400.457,0x000260,262.32373,,611008,1787209444138.1333,2060705026,608,A,accepted_event,608,2060705026,0,heartbeat
1,612008,2435,7,1,0,1,609946,1787209445146.4478,0x000261,8.361084,,612008,1787209445138.0867,2060705026,609,A,accepted_event,609,2060705026,0,heartbeat
1,613008,2437,7,1,0,1,610945,1787209446145.4353,0x000262,7.39502,,613008,1787209446138.0403,2060705026,610,A,accepted_event,610,2060705026,0,heartbeat
1,614008,2439,7,1,0,1,611946,1787209447146.4229,0x000263,8.429199,,614008,1787209447137.9937,2060705026,611,A,accepted_event,611,2060705026,0,heartbeat
1,615008,2441,7,1,0,1,612946,1787209448146.4104,0x000264,8.463379,,615008,1787209448137.947,2060705026,612,A,accepted_event,612,2060705026,0,heartbeat
1,616008,2443,7,1,0,1,613945,1787209449145.3982,0x000265,7.497559,,616008,1787209449137.9006,2060705026,613,A,accepted_event,613,2060705026,0,heartbeat
1,617008,2445,7,1,0,1,614946,1787209450146.3857,0x000266,8.531738,,617008,1787209450137.854,2060705026,614,A,accepted_event,614,2060705026,0,heartbeat
1,618008,2447,7,1,0,1,615947,1787209451147.3733,0x000267,9.565918,,618008,1787209451137.8074,2060705026,615,A,accepted_event,615,2060705026,0,heartbeat
1,619008,2449,7,1,0,1,616945,1787209452145.3608,0x000268,7.599854,,619008,1787209452137.761,2060705026,616,A,accepted_event,616,2060705026,0,heartbeat
1,620008,2452,7,1,0,1,617947,1787209453147.3484,0x000269,9.634033,,620008,1787209453137.7144,2060705026,617,A,accepted_event,617,2060705026,0,heartbeat
1,621008,2462,7,1,0,1,618945,1787209454145.336,0x00026a,7.668213,,621008,1787209454137.6677,2060705026,618,A,accepted_event,618,2060705026,0,heartbeat
1,622008,2464,7,1,0,1,619945,1787209455145.3237,0x00026b,7.702393,,622008,1787209455137.6213,2060705026,619,A,accepted_event,619,2060705026,0,heartbeat
1,623008,2467,7,1,0,1,620946,1787209456146.3113,0x00026c,8.736572,,623008,1787209456137.5747,2060705026,620,A,accepted_event,620,2060705026,0,heartbeat
1,624008,2469,7,1,0,1,621947,1787209457147.2988,0x00026d,9.770752,,624008,1787209457137.528,2060705026,621,A,accepted_event,621,2060705026,0,heartbeat
1,625008,2471,7,1,0,1,622947,1787209458147.2864,0x00026e,9.804688,,625008,1787209458137.4817,2060705026,622,A,accepted_event,622,2060705026,0,heartbeat
1,626008,2473,7,1,0,1,623946,1787209459146.274,0x00026f,8.838867,,626008,1787209459137.435,2060705026,623,A,accepted_event,623,2060705026,0,heartbeat
1,627008,2475,7,1,0,1,624945,1787209460145.2615,0x000270,7.872803,,627008,1787209460137.3887,2060705026,624,A,accepted_event,624,2060705026,0,heartbeat
1,628008,2477,7,1,0,1,625945,1787209461145.2493,0x000271,7.907227,,628008,1787209461137.342,2060705026,625,A,accepted_event,625,2060705026,0,heartbeat
1,629008,2479,7,1,0,1,626946,1787209462146.2368,0x000272,8.941406,,629008,1787209462137.2954,2060705026,626,A,accepted_event,626,2060705026,0,heartbeat
1,630008,2481,7,1,0,1,627945,1787209463145.2244,0x000273,7.975342,,630008,1787209463137.249,2060705026,627,A,accepted_event,627,2060705026,0,heartbeat
1,631008,2489,7,1,0,1,628944,1787209464144.212,0x000274,7.009521,,631008,1787209464137.2024,2060705026,628,A,accepted_event,628,2060705026,0,heartbeat
1,632008,2494,7,1,0,1,629945,1787209465145.1995,0x000275,8.043701,,632008,1787209465137.1558,2060705026,629,A,accepted_event,629,2060705026,0,heartbeat
1,633008,2497,7,1,0,1,630945,1787209466145.187,0x000276,8.077637,,633008,1787209466137.1094,2060705026,630,A,accepted_event,630,2060705026,0,heartbeat
1,634008,2499,7,1,0,1,631945,1787209467145.1748,0x000277,8.112061,,634008,1787209467137.0627,2060705026,631,A,accepted_event,631,2060705026,0,heartbeat
1,635008,2501,7,1,0,1,632945,1787209468145.1624,0x000278,8.14624,,635008,1787209468137.016,2060705026,632,A,accepted_event,632,2060705026,0,heartbeat
1,636008,2503,7,1,0,1,633947,1787209469147.15,0x000279,10.180176,,636008,1787209469136.9697,2060705026,633,A,accepted_event,633,2060705026,0,heartbeat
1,637008,2505,7,1,0,1,634945,1787209470145.1375,0x00027a,8.214355,,637008,1787209470136.923,2060705026,634,A,accepted_event,634,2060705026,0,heartbeat
1,638009,2507,7,1,0,1,635946,1787209471146.125,0x00027b,8.248535,,638009,1787209471137.8765,2060705026,635,A,accepted_event,635,2060705026,0,heartbeat
1,639008,2509,7,1,0,1,636945,1787209472145.1125,0x00027c,8.282471,,639008,1787209472136.83,2060705026,636,A,accepted_event,636,2060705026,0,heartbeat
1,640008,2511,7,1,0,1,637944,1787209473144.1003,0x00027d,7.316895,,640008,1787209473136.7834,2060705026,637,A,accepted_event,637,2060705026,0,heartbeat
1,641008,2513,7,1,0,1,638945,1787209474145.088,0x00027e,8.351074,,641008,1787209474136.7368,2060705026,638,A,accepted_event,638,2060705026,0,heartbeat
1,642008,2523,7,1,0,1,640198,1787209475398.0723,0x00027f,261.381836,,642008,1787209475136.6904,2060705026,639,A,accepted_event,639,2060705026,0,heartbeat
1,643008,2526,7,1,0,1,641200,1787209476400.0598,0x000280,263.416016,,643008,1787209476136.6438,2060705026,640,A,accepted_event,640,2060705026,0,heartbeat
1,644008,2528,7,1,0,1,641945,1787209477145.0505,0x000281,8.453125,,644008,1787209477136.5974,2060705026,641,A,accepted_event,641,2060705026,0,heartbeat
1,645008,2530,7,1,0,1,642945,1787209478145.038,0x000282,8.487305,,645008,1787209478136.5508,2060705026,642,A,accepted_event,642,2060705026,0,heartbeat
1,646008,2532,7,1,0,1,644200,1787209479400.0225,0x000283,263.518311,,646008,1787209479136.5042,2060705026,643,A,accepted_event,643,2060705026,0,heartbeat
1,647008,2534,7,1,0,1,644945,1787209480145.0134,0x000284,8.555664,,647008,1787209480136.4578,2060705026,644,A,accepted_event,644,2060705026,0,heartbeat
1,648008,2536,7,1,0,1,645944,1787209481144.001,0x000285,7.589844,,648008,1787209481136.4111,2060705026,645,A,accepted_event,645,2060705026,0,heartbeat
1,649008,2538,7,1,0,1,646944,1787209482143.9885,0x000286,7.624023,,649008,1787209482136.3645,2060705026,646,A,accepted_event,646,2060705026,0,heartbeat
1,650008,2540,7,1,0,1,647945,1787209483144.976,0x000287,8.657959,,650008,1787209483136.318,2060705026,647,A,accepted_event,647,2060705026,0,heartbeat
1,651008,2543,7,1,0,1,648944,1787209484143.9636,0x000288,7.692139,,651008,1787209484136.2715,2060705026,648,A,accepted_event,648,2060705026,0,heartbeat
1,652008,2553,7,1,0,1,649944,1787209485143.9512,0x000289,7.726318,,652008,1787209485136.2249,2060705026,649,A,accepted_event,649,2060705026,0,heartbeat
1,653008,2556,7,1,0,1,650945,1787209486144.939,0x00028a,8.760498,,653008,1787209486136.1785,2060705026,650,A,accepted_event,650,2060705026,0,heartbeat
1,654008,2558,7,1,0,1,651946,1787209487145.9265,0x00028b,9.794678,,654008,1787209487136.1318,2060705026,651,A,accepted_event,651,2060705026,0,heartbeat
1,655008,2560,7,1,0,1,652944,1787209488143.914,0x00028c,7.828857,,655008,1787209488136.0852,2060705026,652,A,accepted_event,652,2060705026,0,heartbeat
1,656008,2562,7,1,0,1,653945,1787209489144.9016,0x00028d,8.862793,,656008,1787209489136.0388,2060705026,653,A,accepted_event,653,2060705026,0,heartbeat
1,657008,2564,7,1,0,1,654944,1787209490143.8892,0x00028e,7.896973,,657008,1787209490135.9922,2060705026,654,A,accepted_event,654,2060705026,0,heartbeat
1,658008,2566,7,1,0,1,655943,1787209491142.877,0x00028f,6.931152,,658008,1787209491135.9458,2060705026,655,A,accepted_event,655,2060705026,0,heartbeat
1,659008,2568,7,1,0,1,656944,1787209492143.8645,0x000290,7.965332,,659008,1787209492135.8992,2060705026,656,A,accepted_event,656,2060705026,0,heartbeat
1,660008,2570,7,1,0,1,657944,1787209493143.852,0x000291,7.999512,,660008,1787209493135.8525,2060705026,657,A,accepted_event,657,2060705026,0,heartbeat
1,661008,2572,7,1,0,1,658944,1787209494143.8396,0x000292,8.033447,,661008,1787209494135.8062,2060705026,658,A,accepted_event,658,2060705026,0,heartbeat
1,662008,2583,7,1,0,1,659945,1787209495144.8271,0x000293,9.067627,,662008,1787209495135.7595,2060705026,659,A,accepted_event,659,2060705026,0,heartbeat
1,663008,2586,7,1,0,1,660944,1787209496143.8147,0x000294,8.101807,,663008,1787209496135.713,2060705026,660,A,accepted_event,660,2060705026,0,heartbeat
1,664008,2588,7,1,0,1,661943,1787209497142.8022,0x000295,7.135742,,664008,1787209497135.6665,2060705026,661,A,accepted_event,661,2060705026,0,heartbeat
1,665008,2590,7,1,0,1,662945,1787209498144.79,0x000296,9.170166,,665008,1787209498135.6199,2060705026,662,A,accepted_event,662,2060705026,0,heartbeat
1,666008,2592,7,1,0,1,663944,1787209499143.7776,0x000297,8.204346,,666008,1787209499135.5732,2060705026,663,A,accepted_event,663,2060705026,0,heartbeat
1,667008,2594,7,1,0,1,664943,1787209500142.7651,0x000298,7.238281,,667008,1787209500135.5269,2060705026,664,A,accepted_event,664,2060705026,0,heartbeat
1,668008,2596,7,1,0,1,665944,1787209501143.7527,0x000299,8.272461,,668008,1787209501135.4802,2060705026,665,A,accepted_event,665,2060705026,0,heartbeat
1,669008,2598,7,1,0,1,666944,1787209502143.7402,0x00029a,8.306641,,669008,1787209502135.4336,2060705026,666,A,accepted_event,666,2060705026,0,heartbeat
1,670008,2600,7,1,0,1,667943,1787209503142.7278,0x00029b,7.340576,,670008,1787209503135.3872,2060705026,667,A,accepted_event,667,2060705026,0,heartbeat
1,671008,2602,7,1,0,1,668944,1787209504143.7156,0x00029c,8.375,,671008,1787209504135.3406,2060705026,668,A,accepted_event,668,2060705026,0,heartbeat
1,672008,2608,7,1,0,1,669944,1787209505143.7031,0x00029d,8.40918,,672008,1787209505135.294,2060705026,669,A,accepted_event,669,2060705026,0,heartbeat
1,673008,2615,7,1,0,1,670943,1787209506142.6907,0x00029e,7.443115,,673008,1787209506135.2476,2060705026,670,A,accepted_event,670,2060705026,0,heartbeat
1,674008,2617,7,1,0,1,671944,1787209507143.6782,0x00029f,8.477295,,674008,1787209507135.201,2060705026,671,A,accepted_event,671,2060705026,0,heartbeat
1,675009,2619,7,1,0,1,672945,1787209508144.6658,0x0002a0,8.511475,,675009,1787209508136.1543,2060705026,672,A,accepted_event,672,2060705026,0,heartbeat
1,676008,2621,7,1,0,1,673944,1787209509143.6533,0x0002a1,8.54541,,676008,1787209509135.108,2060705026,673,A,accepted_event,673,2060705026,0,heartbeat
1,677008,2623,7,1,0,1,674944,1787209510143.641,0x0002a2,8.579834,,677008,1787209510135.0613,2060705026,674,A,accepted_event,674,2060705026,0,heartbeat
1,678008,2625,7,1,0,1,675943,1787209511142.6287,0x0002a3,7.61377,,678008,1787209511135.015,2060705026,675,A,accepted_event,675,2060705026,0,heartbeat
1,679008,2627,7,1,0,1,676943,1787209512142.6162,0x0002a4,7.647949,,679008,1787209512134.9683,2060705026,676,A,accepted_event,676,2060705026,0,heartbeat
1,680008,2629,7,1,0,1,677944,1787209513143.6038,0x0002a5,8.682129,,680008,1787209513134.9216,2060705026,677,A,accepted_event,677,2060705026,0,heartbeat
1,681009,2631,7,1,0,1,678944,1787209514143.5913,0x0002a6,7.716309,,681009,1787209514135.875,2060705026,678,A,accepted_event,678,2060705026,0,heartbeat
1,682008,2634,7,1,0,1,679943,1787209515142.5789,0x0002a7,7.750244,,682008,1787209515134.8286,2060705026,679,A,accepted_event,679,2060705026,0,heartbeat
1,683008,2645,7,1,0,1,681198,1787209516397.5635,0x0002a8,262.781494,,683008,1787209516134.782,2060705026,680,A,accepted_event,680,2060705026,0,heartbeat
1,684008,2647,7,1,0,1,681943,1787209517142.5542,0x0002a9,7.818604,,684008,1787209517134.7356,2060705026,681,A,accepted_event,681,2060705026,0,heartbeat
1,685008,2649,7,1,0,1,682943,1787209518142.5417,0x0002aa,7.852783,,685008,1787209518134.689,2060705026,682,A,accepted_event,682,2060705026,0,heartbeat
1,686008,2651,7,1,0,1,683943,1787209519142.5293,0x0002ab,7.886963,,686008,1787209519134.6423,2060705026,683,A,accepted_event,683,2060705026,0,heartbeat
1,687008,2653,7,1,0,1,684943,1787209520142.5168,0x0002ac,7.920898,,687008,1787209520134.596,2060705026,684,A,accepted_event,684,2060705026,0,heartbeat
1,688008,2655,7,1,0,1,685942,1787209521141.5044,0x0002ad,6.955078,,688008,1787209521134.5493,2060705026,685,A,accepted_event,685,2060705026,0,heartbeat
1,689008,2657,7,1,0,1,686944,1787209522143.4922,0x0002ae,8.989502,,689008,1787209522134.5027,2060705026,686,A,accepted_event,686,2060705026,0,heartbeat
1,690008,2659,7,1,0,1,687943,1787209523142.4797,0x0002af,8.023438,,690008,1787209523134.4563,2060705026,687,A,accepted_event,687,2060705026,0,heartbeat
1,691008,2661,7,1,0,1,688943,1787209524142.4673,0x0002b0,8.057617,,691008,1787209524134.4097,2060705026,688,A,accepted_event,688,2060705026,0,heartbeat
1,692008,2664,7,1,0,1,689944,1787209525143.4548,0x0002b1,9.091553,,692008,1787209525134.3633,2060705026,689,A,accepted_event,689,2060705026,0,heartbeat
1,693008,2674,7,1,0,1,690943,1787209526142.4424,0x0002b2,8.125732,,693008,1787209526134.3167,2060705026,690,A,accepted_event,690,2060705026,0,heartbeat
1,694008,2677,7,1,0,1,691944,1787209527143.43,0x0002b3,9.159912,,694008,1787209527134.27,2060705026,691,A,accepted_event,691,2060705026,0,heartbeat
1,695008,2679,7,1,0,1,692946,1787209528145.4175,0x0002b4,11.193848,,695008,1787209528134.2236,2060705026,692,A,accepted_event,692,2060705026,0,heartbeat
1,696008,2681,7,1,0,1,693943,1787209529142.4053,0x0002b5,8.228271,,696008,1787209529134.177,2060705026,693,A,accepted_event,693,2060705026,0,heartbeat
1,697008,2683,7,1,0,1,694945,1787209530144.3928,0x0002b6,10.262451,,697008,1787209530134.1304,2060705026,694,A,accepted_event,694,2060705026,0,heartbeat
1,698008,2685,7,1,0,1,695944,1787209531143.3804,0x0002b7,9.296387,,698008,1787209531134.084,2060705026,695,A,accepted_event,695,2060705026,0,heartbeat
1,699008,2687,7,1,0,1,696943,1787209532142.368,0x0002b8,8.330566,,699008,1787209532134.0374,2060705026,696,A,accepted_event,696,2060705026,0,heartbeat
1,700008,2689,7,1,0,1,697944,1787209533143.3555,0x0002b9,9.364746,,700008,1787209533133.9907,2060705026,697,A,accepted_event,697,2060705026,0,heartbeat
1,701008,2691,7,1,0,1,698943,1787209534142.3433,0x0002ba,8.398926,,701008,1787209534133.9443,2060705026,698,A,accepted_event,698,2060705026,0,heartbeat
1,702008,2693,7,1,0,1,699943,1787209535142.3308,0x0002bb,8.433105,,702008,1787209535133.8977,2060705026,699,A,accepted_event,699,2060705026,0,heartbeat
1,703008,2701,7,1,0,1,700942,1787209536141.3184,0x0002bc,7.467285,,703008,1787209536133.851,2060705026,700,A,accepted_event,700,2060705026,0,heartbeat
1,704008,2707,7,1,0,1,701943,1787209537142.306,0x0002bd,8.501221,,704008,1787209537133.8047,2060705026,701,A,accepted_event,701,2060705026,0,heartbeat
1,705008,2709,7,1,0,1,702943,1787209538142.2935,0x0002be,8.5354,,705008,1787209538133.758,2060705026,702,A,accepted_event,702,2060705026,0,heartbeat
1,706008,2711,7,1,0,1,703942,1787209539141.281,0x0002bf,7.569336,,706008,1787209539133.7117,2060705026,703,A,accepted_event,703,2060705026,0,heartbeat
1,707008,2713,7,1,0,1,704943,1787209540142.2686,0x0002c0,8.603516,,707008,1787209540133.665,2060705026,704,A,accepted_event,704,2060705026,0,heartbeat
1,708008,2715,7,1,0,1,705943,1787209541142.2563,0x0002c1,8.637939,,708008,1787209541133.6184,2060705026,705,A,accepted_event,705,2060705026,0,heartbeat
1,709008,2717,7,1,0,1,706942,1787209542141.244,0x0002c2,7.671875,,709008,1787209542133.572,2060705026,706,A,accepted_event,706,2060705026,0,heartbeat
1,710008,2719,7,1,0,1,707943,1787209543142.2314,0x0002c3,8.706055,,710008,1787209543133.5254,2060705026,707,A,accepted_event,707,2060705026,0,heartbeat
1,711008,2721,7,1,0,1,708942,1787209544141.219,0x0002c4,7.740234,,711008,1787209544133.4788,2060705026,708,A,accepted_event,708,2060705026,0,heartbeat
1,712008,2723,7,1,0,1,709942,1787209545141.2065,0x0002c5,7.77417,,712008,1787209545133.4324,2060705026,709,A,accepted_event,709,2060705026,0,heartbeat
1,713008,2725,7,1,0,1,710943,1787209546142.194,0x0002c6,8.80835,,713008,1787209546133.3857,2060705026,710,A,accepted_event,710,2060705026,0,heartbeat
1,714008,2736,7,1,0,1,711944,1787209547143.182,0x0002c7,9.842773,,714008,1787209547133.339,2060705026,711,A,accepted_event,711,2060705026,0,heartbeat
1,715008,2738,7,1,0,1,712942,1787209548141.1694,0x0002c8,7.876709,,715008,1787209548133.2927,2060705026,712,A,accepted_event,712,2060705026,0,heartbeat
1,716008,2740,7,1,0,1,713943,1787209549142.157,0x0002c9,8.910889,,716008,1787209549133.246,2060705026,713,A,accepted_event,713,2060705026,0,heartbeat
1,717008,2742,7,1,0,1,714943,1787209550142.1445,0x0002ca,8.945068,,717008,1787209550133.1995,2060705026,714,A,accepted_event,714,2060705026,0,heartbeat
1,718008,2744,7,1,0,1,715942,1787209551141.132,0x0002cb,7.979004,,718008,1787209551133.153,2060705026,715,A,accepted_event,715,2060705026,0,heartbeat
1,719008,2746,7,1,0,1,716943,1787209552142.1196,0x0002cc,9.013184,,719008,1787209552133.1064,2060705026,716,A,accepted_event,716,2060705026,0,heartbeat
1,720008,2748,7,1,0,1,717942,1787209553141.1074,0x0002cd,8.047607,,720008,1787209553133.0598,2060705026,717,A,accepted_event,717,2060705026,0,heartbeat
1,721008,2750,7,1,0,1,718941,1787209554140.095,0x0002ce,7.081543,,721008,1787209554133.0134,2060705026,718,A,accepted_event,718,2060705026,0,heartbeat
1,722008,2752,7,1,0,1,719944,1787209555143.0825,0x0002cf,10.115723,,722008,1787209555132.9668,2060705026,719,A,accepted_event,719,2060705026,0,heartbeat
1,723008,2755,7,1,0,1,720943,1787209556142.07,0x0002d0,9.149658,,723008,1787209556132.9204,2060705026,720,A,accepted_event,720,2060705026,0,heartbeat
1,724008,2766,7,1,0,1,721941,1787209557140.0576,0x0002d1,7.183838,,724008,1787209557132.8738,2060705026,721,A,accepted_event,721,2060705026,0,heartbeat
1,725008,2768,7,1,0,1,723196,1787209558395.0422,0x0002d2,262.215088,,725008,1787209558132.8271,2060705026,722,A,accepted_event,722,2060705026,0,heartbeat
1,726008,2770,7,1,0,1,723942,1787209559141.033,0x0002d3,8.252197,,726008,1787209559132.7808,2060705026,723,A,accepted_event,723,2060705026,0,heartbeat
1,727008,2772,7,1,0,1,724942,1787209560141.0205,0x0002d4,8.286377,,727008,1787209560132.7341,2060705026,724,A,accepted_event,724,2060705026,0,heartbeat
1,728008,2774,7,1,0,1,725943,1787209561142.008,0x0002d5,9.320557,,728008,1787209561132.6875,2060705026,725,A,accepted_event,725,2060705026,0,heartbeat
1,729008,2776,7,1,0,1,726942,1787209562140.9956,0x0002d6,8.354492,,729008,1787209562132.641,2060705026,726,A,accepted_event,726,2060705026,0,heartbeat
1,730008,2778,7,1,0,1,727942,1787209563140.9832,0x0002d7,8.388672,,730008,1787209563132.5945,2060705026,727,A,accepted_event,727,2060705026,0,heartbeat
1,731008,2780,7,1,0,1,728942,1787209564140.9707,0x0002d8,8.422852,,731008,1787209564132.5479,2060705026,728,A,accepted_event,728,2060705026,0,heartbeat
1,732008,2782,7,1,0,1,729941,1787209565139.9585,0x0002d9,7.457031,,732008,1787209565132.5015,2060705026,729,A,accepted_event,729,2060705026,0,heartbeat
1,733008,2784,7,1,0,1,730943,1787209566141.946,0x0002da,9.491211,,733008,1787209566132.4548,2060705026,730,A,accepted_event,730,2060705026,0,heartbeat
1,734008,2791,7,1,0,1,731942,1787209567140.9336,0x0002db,8.525391,,734008,1787209567132.4082,2060705026,731,A,accepted_event,731,2060705026,0,heartbeat
1,735008,2798,7,1,0,1,732941,1787209568139.9211,0x0002dc,7.559326,,735008,1787209568132.3618,2060705026,732,A,accepted_event,732,2060705026,0,heartbeat
1,736008,2800,7,1,0,1,733943,1787209569141.9087,0x0002dd,9.593506,,736008,1787209569132.3152,2060705026,733,A,accepted_event,733,2060705026,0,heartbeat
1,737008,2802,7,1,0,1,734942,1787209570140.8962,0x0002de,8.627686,,737008,1787209570132.2686,2060705026,734,A,accepted_event,734,2060705026,0,heartbeat
1,738008,2804,7,1,0,1,735943,1787209571141.884,0x0002df,9.661865,,738008,1787209571132.2222,2060705026,735,A,accepted_event,735,2060705026,0,heartbeat
1,739008,2806,7,1,0,1,736941,1787209572139.8716,0x0002e0,7.696045,,739008,1787209572132.1755,2060705026,736,A,accepted_event,736,2060705026,0,heartbeat
1,740009,2808,7,1,0,1,737942,1787209573140.8591,0x0002e1,8.72998,,740008,1787209573132.1292,2060705026,737,A,accepted_event,737,2060705026,0,heartbeat
1,741008,2810,7,1,0,1,738942,1787209574140.8467,0x0002e2,8.76416,,741008,1787209574132.0825,2060705026,738,A,accepted_event,738,2060705026,0,heartbeat
1,742008,2812,7,1,0,1,739941,1787209575139.8342,0x0002e3,7.79834,,742008,1787209575132.036,2060705026,739,A,accepted_event,739,2060705026,0,heartbeat
1,743008,2814,7,1,0,1,740942,1787209576140.8218,0x0002e4,8.832275,,743008,1787209576131.9895,2060705026,740,A,accepted_event,740,2060705026,0,heartbeat
1,744008,2818,7,1,0,1,741942,1787209577140.8096,0x0002e5,8.866699,,744008,1787209577131.9429,2060705026,741,A,accepted_event,741,2060705026,0,heartbeat
1,745008,2828,7,1,0,1,742941,1787209578139.797,0x0002e6,7.900879,,745008,1787209578131.8962,2060705026,742,A,accepted_event,742,2060705026,0,heartbeat
1,746008,2830,7,1,0,1,743941,1787209579139.7847,0x0002e7,7.934814,,746008,1787209579131.8499,2060705026,743,A,accepted_event,743,2060705026,0,heartbeat
1,747008,2832,7,1,0,1,744942,1787209580140.7722,0x0002e8,8.968994,,747008,1787209580131.8032,2060705026,744,A,accepted_event,744,2060705026,0,heartbeat
1,748008,2834,7,1,0,1,745941,1787209581139.7598,0x0002e9,8.003174,,748008,1787209581131.7566,2060705026,745,A,accepted_event,745,2060705026,0,heartbeat
1,749008,2835,7,1,0,1,747002,1787209582200.7466,0x0002ea,69.036377,,749008,1787209582131.7102,2060705026,746,A,accepted_event,746,2060705026,1,heartbeat
1,750008,2837,7,1,0,1,747941,1787209583139.735,0x0002eb,8.071533,,750008,1787209583131.6636,2060705026,747,A,accepted_event,747,2060705026,0,heartbeat
1,751008,2839,7,1,0,1,748941,1787209584139.7227,0x0002ec,8.105713,,751008,1787209584131.617,2060705026,748,A,accepted_event,748,2060705026,0,heartbeat
1,752008,2841,7,1,0,1,749941,1787209585139.7102,0x0002ed,8.139648,,752008,1787209585131.5706,2060705026,749,A,accepted_event,749,2060705026,0,heartbeat
1,753008,2843,7,1,0,1,750941,1787209586139.6978,0x0002ee,8.173828,,753008,1787209586131.524,2060705026,750,A,accepted_event,750,2060705026,0,heartbeat
1,754008,2846,7,1,0,1,751941,1787209587139.6853,0x0002ef,8.207764,,754008,1787209587131.4775,2060705026,751,A,accepted_event,751,2060705026,0,heartbeat
1,755008,2857,7,1,0,1,752941,1787209588139.6729,0x0002f0,8.241943,,755008,1787209588131.431,2060705026,752,A,accepted_event,752,2060705026,0,heartbeat
1,756008,2859,7,1,0,1,753940,1787209589138.6606,0x0002f1,7.276367,,756008,1787209589131.3843,2060705026,753,A,accepted_event,753,2060705026,0,heartbeat
1,757008,2861,7,1,0,1,754942,1787209590140.6482,0x0002f2,9.310303,,757008,1787209590131.338,2060705026,754,A,accepted_event,754,2060705026,0,heartbeat
1,758008,2863,7,1,0,1,755941,1787209591139.6357,0x0002f3,8.344482,,758008,1787209591131.2913,2060705026,755,A,accepted_event,755,2060705026,0,heartbeat
1,759008,2865,7,1,0,1,756942,1787209592140.6233,0x0002f4,9.378662,,759008,1787209592131.2446,2060705026,756,A,accepted_event,756,2060705026,0,heartbeat
1,760008,2867,7,1,0,1,757940,1787209593138.6108,0x0002f5,7.412598,,760008,1787209593131.1982,2060705026,757,A,accepted_event,757,2060705026,0,heartbeat
1,761008,2869,7,1,0,1,758944,1787209594142.5984,0x0002f6,11.446777,,761008,1787209594131.1516,2060705026,758,A,accepted_event,758,2060705026,0,heartbeat
1,762008,2871,7,1,0,1,759940,1787209595138.5862,0x0002f7,7.481201,,762008,1787209595131.105,2060705026,759,A,accepted_event,759,2060705026,0,heartbeat
1,763008,2873,7,1,0,1,760940,1787209596138.5737,0x0002f8,7.515137,,763008,1787209596131.0586,2060705026,760,A,accepted_event,760,2060705026,0,heartbeat
1,764008,2875,7,1,0,1,761941,1787209597139.5613,0x0002f9,8.549316,,764008,1787209597131.012,2060705026,761,A,accepted_event,761,2060705026,0,heartbeat
1,765008,2884,7,1,0,1,762940,1787209598138.5488,0x0002fa,7.583496,,765008,1787209598130.9653,2060705026,762,A,accepted_event,762,2060705026,0,heartbeat
1,766008,2889,7,1,0,1,763940,1787209599138.5364,0x0002fb,7.617432,,766008,1787209599130.919,2060705026,763,A,accepted_event,763,2060705026,0,heartbeat
1,767008,2891,7,1,0,1,764941,1787209600139.524,0x0002fc,8.651611,,767008,1787209600130.8723,2060705026,764,A,accepted_event,764,2060705026,0,heartbeat
1,768008,2893,7,1,0,1,765940,1787209601138.5117,0x0002fd,7.686035,,768008,1787209601130.8257,2060705026,765,A,accepted_event,765,2060705026,0,heartbeat
1,769008,2895,7,1,0,1,766940,1787209602138.4993,0x0002fe,7.719971,,769008,1787209602130.7793,2060705026,766,A,accepted_event,766,2060705026,0,heartbeat
1,770008,2897,7,1,0,1,767941,1787209603139.4868,0x0002ff,8.75415,,770008,1787209603130.7327,2060705026,767,A,accepted_event,767,2060705026,0,heartbeat
1,771008,2899,7,1,0,1,768940,1787209604138.4744,0x000300,7.788086,,771008,1787209604130.6863,2060705026,768,A,accepted_event,768,2060705026,0,heartbeat
1,772008,2901,7,1,0,1,769940,1787209605138.462,0x000301,7.822266,,772008,1787209605130.6396,2060705026,769,A,accepted_event,769,2060705026,0,heartbeat
1,773008,2903,7,1,0,1,770941,1787209606139.4495,0x000302,8.856445,,773008,1787209606130.593,2060705026,770,A,accepted_event,770,2060705026,0,heartbeat
1,774008,2905,7,1,0,1,771940,1787209607138.4373,0x000303,7.890625,,774008,1787209607130.5466,2060705026,771,A,accepted_event,771,2060705026,0,heartbeat
1,775008,2909,7,1,0,1,772941,1787209608139.4248,0x000304,8.924805,,775008,1787209608130.5,2060705026,772,A,accepted_event,772,2060705026,0,heartbeat
1,776008,2919,7,1,0,1,773941,1787209609139.4124,0x000305,8.958984,,776008,1787209609130.4534,2060705026,773,A,accepted_event,773,2060705026,0,heartbeat
1,777008,2921,7,1,0,1,774940,1787209610138.4,0x000306,7.99292,,777008,1787209610130.407,2060705026,774,A,accepted_event,774,2060705026,0,heartbeat
1,778008,2923,7,1,0,1,775940,1787209611138.3875,0x000307,8.0271,,778008,1787209611130.3604,2060705026,775,A,accepted_event,775,2060705026,0,heartbeat
1,779008,2925,7,1,0,1,776940,1787209612138.375,0x000308,8.061279,,779008,1787209612130.3137,2060705026,776,A,accepted_event,776,2060705026,0,heartbeat
1,780008,2927,7,1,0,1,777940,1787209613138.3625,0x000309,8.095215,,780008,1787209613130.2673,2060705026,777,A,accepted_event,777,2060705026,0,heartbeat
1,781008,2929,7,1,0,1,778941,1787209614139.3503,0x00030a,9.129639,,781008,1787209614130.2207,2060705026,778,A,accepted_event,778,2060705026,0,heartbeat
1,782008,2931,7,1,0,1,779940,1787209615138.338,0x00030b,8.163818,,782008,1787209615130.174,2060705026,779,A,accepted_event,779,2060705026,0,heartbeat
1,783008,2933,7,1,0,1,780939,1787209616137.3254,0x00030c,7.197754,,783008,1787209616130.1277,2060705026,780,A,accepted_event,780,2060705026,0,heartbeat
1,784008,2935,7,1,0,1,781941,1787209617139.313,0x00030d,9.231934,,784008,1787209617130.081,2060705026,781,A,accepted_event,781,2060705026,0,heartbeat
1,785008,2937,7,1,0,1,782941,1787209618139.3005,0x00030e,9.266113,,785008,1787209618130.0344,2060705026,782,A,accepted_event,782,2060705026,0,heartbeat
1,786008,2948,7,1,0,1,783940,1787209619138.288,0x00030f,8.300049,,786008,1787209619129.988,2060705026,783,A,accepted_event,783,2060705026,0,heartbeat
1,787008,2950,7,1,0,1,784939,1787209620137.276,0x000310,7.334473,,787008,1787209620129.9414,2060705026,784,A,accepted_event,784,2060705026,0,heartbeat
1,788008,2952,7,1,0,1,785941,1787209621139.2634,0x000311,9.368408,,788008,1787209621129.895,2060705026,785,A,accepted_event,785,2060705026,0,heartbeat
1,789008,2954,7,1,0,1,786940,1787209622138.251,0x000312,8.402588,,789008,1787209622129.8484,2060705026,786,A,accepted_event,786,2060705026,0,heartbeat
1,790008,2956,7,1,0,1,787939,1787209623137.2385,0x000313,7.436768,,790008,1787209623129.8018,2060705026,787,A,accepted_event,787,2060705026,0,heartbeat
1,791008,2958,7,1,0,1,788943,1787209624141.226,0x000314,11.470703,,791008,1787209624129.7554,2060705026,788,A,accepted_event,788,2060705026,0,heartbeat
1,792008,2960,7,1,0,1,789939,1787209625137.2136,0x000315,7.504883,,792008,1787209625129.7087,2060705026,789,A,accepted_event,789,2060705026,0,heartbeat
1,793008,2962,7,1,0,1,790939,1787209626137.2014,0x000316,7.539307,,793008,1787209626129.662,2060705026,790,A,accepted_event,790,2060705026,0,heartbeat
1,794008,2964,7,1,0,1,791940,1787209627138.189,0x000317,8.573242,,794008,1787209627129.6157,2060705026,791,A,accepted_event,791,2060705026,0,heartbeat
1,795008,2967,7,1,0,1,792939,1787209628137.1765,0x000318,7.607422,,795008,1787209628129.569,2060705026,792,A,accepted_event,792,2060705026,0,heartbeat
1,796008,2978,7,1,0,1,793939,1787209629137.164,0x000319,7.641602,,796008,1787209629129.5225,2060705026,793,A,accepted_event,793,2060705026,0,heartbeat
1,797008,2980,7,1,0,1,794940,1787209630138.1516,0x00031a,8.675537,,797008,1787209630129.476,2060705026,794,A,accepted_event,794,2060705026,0,heartbeat
1,798008,2982,7,1,0,1,795939,1787209631137.1392,0x00031b,7.709717,,798008,1787209631129.4294,2060705026,795,A,accepted_event,795,2060705026,0,heartbeat
1,799008,2984,7,1,0,1,796939,1787209632137.127,0x00031c,7.744141,,799008,1787209632129.3828,2060705026,796,A,accepted_event,796,2060705026,0,heartbeat
1,800008,2986,7,1,0,1,797940,1787209633138.1145,0x00031d,8.778076,,800008,1787209633129.3364,2060705026,797,A,accepted_event,797,2060705026,0,heartbeat
1,801008,2988,7,1,0,1,798939,1787209634137.102,0x00031e,7.812256,,801008,1787209634129.2898,2060705026,798,A,accepted_event,798,2060705026,0,heartbeat
1,802008,2990,7,1,0,1,800194,1787209635392.0864,0x00031f,262.843018,,802008,1787209635129.2434,2060705026,799,A,accepted_event,799,2060705026,0,heartbeat
1,803008,2992,7,1,0,1,800940,1787209636138.0771,0x000320,8.880371,,803008,1787209636129.1968,2060705026,800,A,accepted_event,800,2060705026,0,heartbeat
1,804008,2994,7,1,0,1,801941,1787209637139.0647,0x000321,9.914551,,804008,1787209637129.1501,2060705026,801,A,accepted_event,801,2060705026,0,heartbeat
1,805008,2996,7,1,0,1,802939,1787209638137.0525,0x000322,7.94873,,805008,1787209638129.1038,2060705026,802,A,accepted_event,802,2060705026,0,heartbeat
1,806008,3004,7,1,0,1,803942,1787209639140.04,0x000323,10.98291,,806008,1787209639129.0571,2060705026,803,A,accepted_event,803,2060705026,0,heartbeat
1,807008,3010,7,1,0,1,805194,1787209640392.0244,0x000324,263.013916,,807008,1787209640129.0105,2060705026,804,A,accepted_event,804,2060705026,0,heartbeat
1,808008,3012,7,1,0,1,805939,1787209641137.0151,0x000325,8.051025,,808008,1787209641128.964,2060705026,805,A,accepted_event,805,2060705026,0,heartbeat
1,809008,3014,7,1,0,1,806939,1787209642137.0027,0x000326,8.085205,,809008,1787209642128.9175,2060705026,806,A,accepted_event,806,2060705026,0,heartbeat
1,810008,3016,7,1,0,1,807939,1787209643136.9902,0x000327,8.119385,,810008,1787209643128.8708,2060705026,807,A,accepted_event,807,2060705026,0,heartbeat
1,811008,3018,7,1,0,1,808939,1787209644136.978,0x000328,8.153564,,811008,1787209644128.8245,2060705026,808,A,accepted_event,808,2060705026,0,heartbeat
1,812008,3020,7,1,0,1,809939,1787209645136.9656,0x000329,8.187744,,812008,1787209645128.7778,2060705026,809,A,accepted_event,809,2060705026,0,heartbeat
1,813008,3022,7,1,0,1,810939,1787209646136.9531,0x00032a,8.221924,,813008,1787209646128.7312,2060705026,810,A,accepted_event,810,2060705026,0,heartbeat
1,814008,3024,7,1,0,1,811940,1787209647137.9407,0x00032b,9.255859,,814008,1787209647128.6848,2060705026,811,A,accepted_event,811,2060705026,0,heartbeat
1,815008,3026,7,1,0,1,812940,1787209648137.9282,0x00032c,9.290039,,815008,1787209648128.6382,2060705026,812,A,accepted_event,812,2060705026,0,heartbeat
1,816008,3030,7,1,0,1,813941,1787209649138.9158,0x00032d,10.324219,,816008,1787209649128.5916,2060705026,813,A,accepted_event,813,2060705026,0,heartbeat
1,817008,3040,7,1,0,1,814938,1787209650135.9036,0x00032e,7.358398,,817008,1787209650128.5452,2060705026,814,A,accepted_event,814,2060705026,0,heartbeat
1,818008,3042,7,1,0,1,815941,1787209651138.891,0x00032f,10.392578,,818008,1787209651128.4985,2060705026,815,A,accepted_event,815,2060705026,0,heartbeat
1,819008,3044,7,1,0,1,816941,1787209652138.8787,0x000330,10.426514,,819008,1787209652128.4521,2060705026,816,A,accepted_event,816,2060705026,0,heartbeat
1,820008,3046,7,1,0,1,817938,1787209653135.8662,0x000331,7.460693,,820008,1787209653128.4055,2060705026,817,A,accepted_event,817,2060705026,0,heartbeat
1,821008,3048,7,1,0,1,818939,1787209654136.8538,0x000332,8.494873,,821008,1787209654128.359,2060705026,818,A,accepted_event,818,2060705026,0,heartbeat
1,822008,3050,7,1,0,1,819938,1787209655135.8413,0x000333,7.528809,,822008,1787209655128.3125,2060705026,819,A,accepted_event,819,2060705026,0,heartbeat
1,823008,3052,7,1,0,1,820938,1787209656135.829,0x000334,7.563232,,823008,1787209656128.2659,2060705026,820,A,accepted_event,820,2060705026,0,heartbeat
1,824008,3054,7,1,0,1,821939,1787209657136.8167,0x000335,8.597412,,824008,1787209657128.2192,2060705026,821,A,accepted_event,821,2060705026,0,heartbeat
1,825008,3056,7,1,0,1,822938,1787209658135.8042,0x000336,7.631348,,825008,1787209658128.1729,2060705026,822,A,accepted_event,822,2060705026,0,heartbeat
1,826008,3058,7,1,0,1,823938,1787209659135.7917,0x000337,7.665527,,826008,1787209659128.1262,2060705026,823,A,accepted_event,823,2060705026,0,heartbeat
1,827008,3069,7,1,0,1,824939,1787209660136.7793,0x000338,8.699707,,827008,1787209660128.0796,2060705026,824,A,accepted_event,824,2060705026,0,heartbeat
1,828008,3071,7,1,0,1,825940,1787209661137.7668,0x000339,9.733643,,828008,1787209661128.0332,2060705026,825,A,accepted_event,825,2060705026,0,heartbeat
1,829008,3073,7,1,0,1,826938,1787209662135.7546,0x00033a,7.768066,,829008,1787209662127.9866,2060705026,826,A,accepted_event,826,2060705026,0,heartbeat
1,830008,3075,7,1,0,1,827939,1787209663136.7422,0x00033b,8.802246,,830008,1787209663127.94,2060705026,827,A,accepted_event,827,2060705026,0,heartbeat
1,831008,3077,7,1,0,1,828939,1787209664136.7297,0x00033c,8.836182,,831008,1787209664127.8936,2060705026,828,A,accepted_event,828,2060705026,0,heartbeat
1,832008,3079,7,1,0,1,829938,1787209665135.7173,0x00033d,7.870361,,832008,1787209665127.847,2060705026,829,A,accepted_event,829,2060705026,0,heartbeat
1,833008,3081,7,1,0,1,830940,1787209666137.7048,0x00033e,9.904541,,833008,1787209666127.8003,2060705026,830,A,accepted_event,830,2060705026,0,heartbeat
1,834008,3083,7,1,0,1,832192,1787209667389.6892,0x00033f,261.935303,,834008,1787209667127.754,2060705026,831,A,accepted_event,831,2060705026,0,heartbeat
1,835008,3085,7,1,0,1,832937,1787209668134.6802,0x000340,6.9729,,835008,1787209668127.7073,2060705026,832,A,accepted_event,832,2060705026,0,heartbeat
1,836008,3088,7,1,0,1,833938,1787209669135.6677,0x000341,8.006836,,836008,1787209669127.661,2060705026,833,A,accepted_event,833,2060705026,0,heartbeat
1,837008,3098,7,1,0,1,834938,1787209670135.6553,0x000342,8.041016,,837008,1787209670127.6143,2060705026,834,A,accepted_event,834,2060705026,0,heartbeat
1,838008,3101,7,1,0,1,835938,1787209671135.6428,0x000343,8.075195,,838008,1787209671127.5676,2060705026,835,A,accepted_event,835,2060705026,0,heartbeat
1,839008,3103,7,1,0,1,836938,1787209672135.6304,0x000344,8.109131,,839008,1787209672127.5212,2060705026,836,A,accepted_event,836,2060705026,0,heartbeat
1,840008,3105,7,1,0,1,837938,1787209673135.618,0x000345,8.143311,,840008,1787209673127.4746,2060705026,837,A,accepted_event,837,2060705026,0,heartbeat
1,841008,3107,7,1,0,1,838939,1787209674136.6055,0x000346,9.17749,,841008,1787209674127.428,2060705026,838,A,accepted_event,838,2060705026,0,heartbeat
1,842008,3109,7,1,0,1,839939,1787209675136.5933,0x000347,9.21167,,842008,1787209675127.3816,2060705026,839,A,accepted_event,839,2060705026,0,heartbeat
1,843008,3111,7,1,0,1,840938,1787209676135.5808,0x000348,8.24585,,843008,1787209676127.335,2060705026,840,A,accepted_event,840,2060705026,0,heartbeat
1,844008,3113,7,1,0,1,841940,1787209677137.5684,0x000349,10.280029,,844008,1787209677127.2883,2060705026,841,A,accepted_event,841,2060705026,0,heartbeat
1,845008,3115,7,1,0,1,842938,1787209678135.556,0x00034a,8.313965,,845008,1787209678127.242,2060705026,842,A,accepted_event,842,2060705026,0,heartbeat
1,846008,3117,7,1,0,1,843938,1787209679135.5435,0x00034b,8.348145,,846008,1787209679127.1953,2060705026,843,A,accepted_event,843,2060705026,0,heartbeat
1,847008,3123,7,1,0,1,844937,1787209680134.5312,0x00034c,7.382568,,847008,1787209680127.1487,2060705026,844,A,accepted_event,844,2060705026,0,heartbeat
1,848008,3131,7,1,0,1,845939,1787209681136.5188,0x00034d,9.416504,,848008,1787209681127.1023,2060705026,845,A,accepted_event,845,2060705026,0,heartbeat
1,849008,3133,7,1,0,1,846937,1787209682134.5063,0x00034e,7.450684,,849008,1787209682127.0557,2060705026,846,A,accepted_event,846,2060705026,0,heartbeat
1,850008,3135,7,1,0,1,847938,1787209683135.494,0x00034f,8.484619,,850008,1787209683127.0093,2060705026,847,A,accepted_event,847,2060705026,0,heartbeat
1,851008,3137,7,1,0,1,848938,1787209684135.4814,0x000350,8.518799,,851008,1787209684126.9626,2060705026,848,A,accepted_event,848,2060705026,0,heartbeat
1,852008,3139,7,1,0,1,850192,1787209685389.4658,0x000351,262.549805,,852008,1787209685126.916,2060705026,849,A,accepted_event,849,2060705026,0,heartbeat
1,853008,3141,7,1,0,1,850938,1787209686135.4565,0x000352,8.586914,,853008,1787209686126.8696,2060705026,850,A,accepted_event,850,2060705026,0,heartbeat
1,854008,3143,7,1,0,1,851938,1787209687135.4443,0x000353,8.621338,,854008,1787209687126.823,2060705026,851,A,accepted_event,851,2060705026,0,heartbeat
1,855008,3145,7,1,0,1,852939,1787209688136.432,0x000354,9.655518,,855008,1787209688126.7764,2060705026,852,A,accepted_event,852,2060705026,0,heartbeat
1,856008,3147,7,1,0,1,853937,1787209689134.4194,0x000355,7.689453,,856008,1787209689126.73,2060705026,853,A,accepted_event,853,2060705026,0,heartbeat
1,857008,3151,7,1,0,1,854939,1787209690136.407,0x000356,9.723633,,857008,1787209690126.6833,2060705026,854,A,accepted_event,854,2060705026,0,heartbeat
1,858008,3161,7,1,0,1,855937,1787209691134.3945,0x000357,7.757812,,858008,1787209691126.6367,2060705026,855,A,accepted_event,855,2060705026,0,heartbeat
1,859008,3163,7,1,0,1,856936,1787209692133.3823,0x000358,6.791992,,859008,1787209692126.5903,2060705026,856,A,accepted_event,856,2060705026,0,heartbeat
1,860008,3165,7,1,0,1,857939,1787209693136.3699,0x000359,9.826172,,860008,1787209693126.5437,2060705026,857,A,accepted_event,857,2060705026,0,heartbeat
1,861008,3167,7,1,0,1,858937,1787209694134.3574,0x00035a,7.860352,,861008,1787209694126.497,2060705026,858,A,accepted_event,858,2060705026,0,heartbeat
1,862008,3169,7,1,0,1,859937,1787209695134.345,0x00035b,7.894287,,862008,1787209695126.4507,2060705026,859,A,accepted_event,859,2060705026,0,heartbeat
1,863008,3171,7,1,0,1,860938,1787209696135.3325,0x00035c,8.928467,,863008,1787209696126.404,2060705026,860,A,accepted_event,860,2060705026,0,heartbeat
1,864008,3172,7,1,0,1,861936,1787209697133.32,0x00035d,6.962646,,864008,1787209697126.3574,2060705026,861,A,accepted_event,861,2060705026,0,heartbeat
1,865008,3174,7,1,0,1,862938,1787209698135.3076,0x00035e,8.996582,,865008,1787209698126.311,2060705026,862,A,accepted_event,862,2060705026,0,heartbeat
1,866008,3176,7,1,0,1,863938,1787209699135.2954,0x00035f,9.031006,,866008,1787209699126.2644,2060705026,863,A,accepted_event,863,2060705026,0,heartbeat
1,867008,3179,7,1,0,1,864937,1787209700134.283,0x000360,8.064941,,867008,1787209700126.218,2060705026,864,A,accepted_event,864,2060705026,0,heartbeat
1,868008,3190,7,1,0,1,865938,1787209701135.2705,0x000361,9.099121,,868008,1787209701126.1714,2060705026,865,A,accepted_event,865,2060705026,0,heartbeat
1,869008,3192,7,1,0,1,866937,1787209702134.258,0x000362,8.133301,,869008,1787209702126.1248,2060705026,866,A,accepted_event,866,2060705026,0,heartbeat
1,870008,3194,7,1,0,1,867938,1787209703135.2456,0x000363,9.167236,,870008,1787209703126.0784,2060705026,867,A,accepted_event,867,2060705026,0,heartbeat
1,871008,3196,7,1,0,1,869192,1787209704389.23,0x000364,263.198242,,871008,1787209704126.0317,2060705026,868,A,accepted_event,868,2060705026,0,heartbeat
1,872008,3198,7,1,0,1,869937,1787209705134.221,0x000365,8.23584,,872008,1787209705125.985,2060705026,869,A,accepted_event,869,2060705026,0,heartbeat
1,873008,3200,7,1,0,1,870936,1787209706133.2085,0x000366,7.269775,,873008,1787209706125.9387,2060705026,870,A,accepted_event,870,2060705026,0,heartbeat
1,874008,3202,7,1,0,1,871937,1787209707134.196,0x000367,8.303955,,874008,1787209707125.892,2060705026,871,A,accepted_event,871,2060705026,0,heartbeat
1,875008,3204,7,1,0,1,872938,1787209708135.1836,0x000368,9.338135,,875008,1787209708125.8455,2060705026,872,A,accepted_event,872,2060705026,0,heartbeat
1,876008,3206,7,1,0,1,873937,1787209709134.1711,0x000369,8.37207,,876008,1787209709125.799,2060705026,873,A,accepted_event,873,2060705026,0,heartbeat
1,877008,3208,7,1,0,1,874938,1787209710135.1587,0x00036a,9.40625,,877008,1787209710125.7524,2060705026,874,A,accepted_event,874,2060705026,0,heartbeat
1,878008,3217,7,1,0,1,875938,1787209711135.1465,0x00036b,9.440674,,878008,1787209711125.7058,2060705026,875,A,accepted_event,875,2060705026,0,heartbeat
1,879008,3222,7,1,0,1,876939,1787209712136.134,0x00036c,10.474609,,879008,1787209712125.6594,2060705026,876,A,accepted_event,876,2060705026,0,heartbeat
1,880008,3224,7,1,0,1,877936,1787209713133.1216,0x00036d,7.508789,,880008,1787209713125.6128,2060705026,877,A,accepted_event,877,2060705026,0,heartbeat
1,881008,3226,7,1,0,1,878936,1787209714133.1091,0x00036e,7.542969,,881008,1787209714125.5662,2060705026,878,A,accepted_event,878,2060705026,0,heartbeat
1,882008,3228,7,1,0,1,879936,1787209715133.0967,0x00036f,7.576904,,882008,1787209715125.5198,2060705026,879,A,accepted_event,879,2060705026,0,heartbeat
1,883008,3230,7,1,0,1,880936,1787209716133.0842,0x000370,7.611084,,883008,1787209716125.4731,2060705026,880,A,accepted_event,880,2060705026,0,heartbeat
1,884008,3232,7,1,0,1,881938,1787209717135.0718,0x000371,9.64502,,884008,1787209717125.4268,2060705026,881,A,accepted_event,881,2060705026,0,heartbeat
1,885008,3234,7,1,0,1,882936,1787209718133.0596,0x000372,7.679443,,885008,1787209718125.3801,2060705026,882,A,accepted_event,882,2060705026,0,heartbeat
1,886008,3236,7,1,0,1,883937,1787209719134.047,0x000373,8.713623,,886008,1787209719125.3335,2060705026,883,A,accepted_event,883,2060705026,0,heartbeat
1,887008,3238,7,1,0,1,884937,1787209720134.0347,0x000374,8.747559,,887008,1787209720125.287,2060705026,884,A,accepted_event,884,2060705026,0,heartbeat
1,888008,3242,7,1,0,1,885937,1787209721134.0222,0x000375,8.781738,,888008,1787209721125.2405,2060705026,885,A,accepted_event,885,2060705026,0,heartbeat
1,889008,3252,7,1,0,1,886935,1787209722132.0098,0x000376,6.815918,,889008,1787209722125.1938,2060705026,886,A,accepted_event,886,2060705026,0,heartbeat
1,890008,3254,7,1,0,1,887937,1787209723133.9976,0x000377,8.850098,,890008,1787209723125.1475,2060705026,887,A,accepted_event,887,2060705026,0,heartbeat
1,891008,3256,7,1,0,1,888936,1787209724132.985,0x000378,7.884277,,891008,1787209724125.1008,2060705026,888,A,accepted_event,888,2060705026,0,heartbeat
1,892008,3258,7,1,0,1,889935,1787209725131.9727,0x000379,6.918457,,892008,1787209725125.0542,2060705026,889,A,accepted_event,889,2060705026,0,heartbeat
1,893008,3260,7,1,0,1,890937,1787209726133.9602,0x00037a,8.952393,,893008,1787209726125.0078,2060705026,890,A,accepted_event,890,2060705026,0,heartbeat
1,894008,3262,7,1,0,1,891935,1787209727131.9478,0x00037b,6.986572,,894008,1787209727124.9612,2060705026,891,A,accepted_event,891,2060705026,0,heartbeat
1,895008,3264,7,1,0,1,892938,1787209728134.9353,0x00037c,10.020752,,895008,1787209728124.9146,2060705026,892,A,accepted_event,892,2060705026,0,heartbeat
1,896008,3266,7,1,0,1,893937,1787209729133.923,0x00037d,9.054932,,896008,1787209729124.8682,2060705026,893,A,accepted_event,893,2060705026,0,heartbeat
1,897008,3268,7,1,0,1,894935,1787209730131.9106,0x00037e,7.089111,,897008,1787209730124.8215,2060705026,894,A,accepted_event,894,2060705026,0,heartbeat
1,898008,3270,7,1,0,1,895937,1787209731133.8982,0x00037f,9.123047,,898008,1787209731124.7751,2060705026,895,A,accepted_event,895,2060705026,0,heartbeat
1,899008,3281,7,1,0,1,896935,1787209732131.8857,0x000380,7.157227,,899008,1787209732124.7285,2060705026,896,A,accepted_event,896,2060705026,0,heartbeat
1,900008,3283,7,1,0,1,897936,1787209733132.8733,0x000381,8.191406,,900008,1787209733124.682,2060705026,897,A,accepted_event,897,2060705026,0,heartbeat
1,901008,3285,7,1,0,1,898937,1787209734133.8608,0x000382,9.225342,,901008,1787209734124.6355,2060705026,898,A,accepted_event,898,2060705026,0,heartbeat
1,902008,3287,7,1,0,1,899936,1787209735132.8486,0x000383,8.259766,,902008,1787209735124.5889,2060705026,899,A,accepted_event,899,2060705026,0,heartbeat
1,903008,3289,7,1,0,1,900936,1787209736132.8362,0x000384,8.293945,,903008,1787209736124.5422,2060705026,900,A,accepted_event,900,2060705026,0,heartbeat
1,904008,3291,7,1,0,1,901939,1787209737135.8237,0x000385,11.327881,,904008,1787209737124.4958,2060705026,901,A,accepted_event,901,2060705026,0,heartbeat
1,905008,3293,7,1,0,1,902936,1787209738132.8113,0x000386,8.362061,,905008,1787209738124.4492,2060705026,902,A,accepted_event,902,2060705026,0,heartbeat
1,906008,3295,7,1,0,1,903937,1787209739133.7988,0x000387,9.39624,,906008,1787209739124.4026,2060705026,903,A,accepted_event,903,2060705026,0,heartbeat
1,907008,3297,7,1,0,1,904936,1787209740132.7864,0x000388,8.430176,,907008,1787209740124.3562,2060705026,904,A,accepted_event,904,2060705026,0,heartbeat
1,908008,3300,7,1,0,1,905935,1787209741131.7742,0x000389,7.4646,,908008,1787209741124.3096,2060705026,905,A,accepted_event,905,2060705026,0,heartbeat
1,909008,3310,7,1,0,1,906935,1787209742131.7617,0x00038a,7.498779,,909008,1787209742124.263,2060705026,906,A,accepted_event,906,2060705026,0,heartbeat
1,910008,3313,7,1,0,1,907936,1787209743132.7493,0x00038b,8.532715,,910008,1787209743124.2166,2060705026,907,A,accepted_event,907,2060705026,0,heartbeat
1,911008,3315,7,1,0,1,908936,1787209744132.7368,0x00038c,8.566895,,911008,1787209744124.17,2060705026,908,A,accepted_event,908,2060705026,0,heartbeat
1,912008,3317,7,1,0,1,909935,1787209745131.7244,0x00038d,7.601074,,912008,1787209745124.1233,2060705026,909,A,accepted_event,909,2060705026,0,heartbeat
1,913008,3319,7,1,0,1,910936,1787209746132.712,0x00038e,8.63501,,913008,1787209746124.077,2060705026,910,A,accepted_event,910,2060705026,0,heartbeat
1,914008,3321,7,1,0,1,911935,1787209747131.6997,0x00038f,7.669434,,914008,1787209747124.0303,2060705026,911,A,accepted_event,911,2060705026,0,heartbeat
1,915008,3323,7,1,0,1,912935,1787209748131.6873,0x000390,7.703369,,915008,1787209748123.984,2060705026,912,A,accepted_event,912,2060705026,0,heartbeat
1,916008,3325,7,1,0,1,913936,1787209749132.6748,0x000391,8.737549,,916008,1787209749123.9373,2060705026,913,A,accepted_event,913,2060705026,0,heartbeat
1,917008,3327,7,1,0,1,914937,1787209750133.6624,0x000392,9.771729,,917008,1787209750123.8906,2060705026,914,A,accepted_event,914,2060705026,0,heartbeat
1,918008,3329,7,1,0,1,915935,1787209751131.65,0x000393,7.805664,,918008,1787209751123.8442,2060705026,915,A,accepted_event,915,2060705026,0,heartbeat
1,919008,3336,7,1,0,1,916936,1787209752132.6375,0x000394,8.839844,,919008,1787209752123.7976,2060705026,916,A,accepted_event,916,2060705026,0,heartbeat
1,920008,3343,7,1,0,1,917935,1787209753131.6252,0x000395,7.874268,,920008,1787209753123.751,2060705026,917,A,accepted_event,917,2060705026,0,heartbeat
1,921008,3345,7,1,0,1,918936,1787209754132.6128,0x000396,8.908203,,921008,1787209754123.7046,2060705026,918,A,accepted_event,918,2060705026,0,heartbeat
1,922008,3347,7,1,0,1,919936,1787209755132.6003,0x000397,8.942383,,922008,1787209755123.658,2060705026,919,A,accepted_event,919,2060705026,0,heartbeat
1,923008,3349,7,1,0,1,920935,1787209756131.588,0x000398,7.976562,,923008,1787209756123.6113,2060705026,920,A,accepted_event,920,2060705026,0,heartbeat
1,924008,3351,7,1,0,1,921934,1787209757130.5754,0x000399,7.010498,,924008,1787209757123.565,2060705026,921,A,accepted_event,921,2060705026,0,heartbeat
1,925008,3353,7,1,0,1,922936,1787209758132.563,0x00039a,9.044678,,925008,1787209758123.5183,2060705026,922,A,accepted_event,922,2060705026,0,heartbeat
1,926008,3355,7,1,0,1,923934,1787209759130.5508,0x00039b,7.079102,,926008,1787209759123.4717,2060705026,923,A,accepted_event,923,2060705026,0,heartbeat
1,927008,3357,7,1,0,1,924934,1787209760130.5383,0x00039c,7.113037,,927008,1787209760123.4253,2060705026,924,A,accepted_event,924,2060705026,0,heartbeat
1,928008,3359,7,1,0,1,925936,1787209761132.526,0x00039d,9.147217,,928008,1787209761123.3787,2060705026,925,A,accepted_event,925,2060705026,0,heartbeat
1,929008,3363,7,1,0,1,926935,1787209762131.5134,0x00039e,8.181396,,929008,1787209762123.332,2060705026,926,A,accepted_event,926,2060705026,0,heartbeat
1,930008,3373,7,1,0,1,927934,1787209763130.501,0x00039f,7.215332,,930008,1787209763123.2856,2060705026,927,A,accepted_event,927,2060705026,0,heartbeat
1,931008,3375,7,1,0,1,928936,1787209764132.4885,0x0003a0,9.249512,,931008,1787209764123.239,2060705026,928,A,accepted_event,928,2060705026,0,heartbeat
1,932008,3377,7,1,0,1,929935,1787209765131.476,0x0003a1,8.283447,,932008,1787209765123.1926,2060705026,929,A,accepted_event,929,2060705026,0,heartbeat
1,933008,3379,7,1,0,1,930935,1787209766131.4639,0x0003a2,8.317871,,933008,1787209766123.146,2060705026,930,A,accepted_event,930,2060705026,0,heartbeat
1,934008,3381,7,1,0,1,931935,1787209767131.4514,0x0003a3,8.352051,,934008,1787209767123.0994,2060705026,931,A,accepted_event,931,2060705026,0,heartbeat
1,935008,3383,7,1,0,1,932935,1787209768131.439,0x0003a4,8.385986,,935008,1787209768123.053,2060705026,932,A,accepted_event,932,2060705026,0,heartbeat
1,936008,3385,7,1,0,1,933934,1787209769130.4265,0x0003a5,7.420166,,936008,1787209769123.0063,2060705026,933,A,accepted_event,933,2060705026,0,heartbeat
1,937008,3387,7,1,0,1,934935,1787209770131.414,0x0003a6,8.454346,,937008,1787209770122.9597,2060705026,934,A,accepted_event,934,2060705026,0,heartbeat
1,938008,3389,7,1,0,1,935934,1787209771130.4016,0x0003a7,7.488281,,938008,1787209771122.9133,2060705026,935,A,accepted_event,935,2060705026,0,heartbeat
1,939008,3391,7,1,0,1,936935,1787209772131.3894,0x0003a8,8.522705,,939008,1787209772122.8667,2060705026,936,A,accepted_event,936,2060705026,0,heartbeat
1,940008,3402,7,1,0,1,937935,1787209773131.377,0x0003a9,8.556885,,940008,1787209773122.82,2060705026,937,A,accepted_event,937,2060705026,0,heartbeat
1,941008,3404,7,1,0,1,938934,1787209774130.3645,0x0003aa,7.59082,,941008,1787209774122.7737,2060705026,938,A,accepted_event,938,2060705026,0,heartbeat
1,942008,3406,7,1,0,1,939934,1787209775130.352,0x0003ab,7.625,,942008,1787209775122.727,2060705026,939,A,accepted_event,939,2060705026,0,heartbeat
1,943008,3408,7,1,0,1,940935,1787209776131.3396,0x0003ac,8.65918,,943008,1787209776122.6804,2060705026,940,A,accepted_event,940,2060705026,0,heartbeat
1,944008,3410,7,1,0,1,941935,1787209777131.3271,0x0003ad,8.693115,,944008,1787209777122.634,2060705026,941,A,accepted_event,941,2060705026,0,heartbeat
1,945008,3412,7,1,0,1,942936,1787209778132.315,0x0003ae,9.727539,,945008,1787209778122.5874,2060705026,942,A,accepted_event,942,2060705026,0,heartbeat
1,946008,3414,7,1,0,1,943935,1787209779131.3025,0x0003af,8.761475,,946008,1787209779122.541,2060705026,943,A,accepted_event,943,2060705026,0,heartbeat
1,947008,3416,7,1,0,1,944934,1787209780130.29,0x0003b0,7.795654,,947008,1787209780122.4944,2060705026,944,A,accepted_event,944,2060705026,0,heartbeat
1,948008,3418,7,1,0,1,945934,1787209781130.2776,0x0003b1,7.829834,,948008,1787209781122.4478,2060705026,945,A,accepted_event,945,2060705026,0,heartbeat
1,949008,3421,7,1,0,1,946935,1787209782131.2651,0x0003b2,8.86377,,949008,1787209782122.4014,2060705026,946,A,accepted_event,946,2060705026,0,heartbeat
1,950008,3430,7,1,0,1,947934,1787209783130.2527,0x0003b3,7.897949,,950008,1787209783122.3547,2060705026,947,A,accepted_event,947,2060705026,0,heartbeat
1,951008,3434,7,1,0,1,948934,1787209784130.2405,0x0003b4,7.932373,,951008,1787209784122.308,2060705026,948,A,accepted_event,948,2060705026,0,heartbeat
1,952008,3436,7,1,0,1,949934,1787209785130.228,0x0003b5,7.966309,,952008,1787209785122.2617,2060705026,949,A,accepted_event,949,2060705026,0,heartbeat
1,953008,3438,7,1,0,1,950935,1787209786131.2156,0x0003b6,9.000488,,953008,1787209786122.215,2060705026,950,A,accepted_event,950,2060705026,0,heartbeat
1,954008,3440,7,1,0,1,951933,1787209787129.2031,0x0003b7,7.034668,,954008,1787209787122.1685,2060705026,951,A,accepted_event,951,2060705026,0,heartbeat
1,955008,3442,7,1,0,1,952937,1787209788133.1907,0x0003b8,11.068604,,955008,1787209788122.122,2060705026,952,A,accepted_event,952,2060705026,0,heartbeat
1,956008,3444,7,1,0,1,953934,1787209789130.1782,0x0003b9,8.102783,,956008,1787209789122.0754,2060705026,953,A,accepted_event,953,2060705026,0,heartbeat
1,957008,3446,7,1,0,1,954934,1787209790130.166,0x0003ba,8.137207,,957008,1787209790122.0288,2060705026,954,A,accepted_event,954,2060705026,0,heartbeat
1,958008,3448,7,1,0,1,955935,1787209791131.1536,0x0003bb,9.171143,,958008,1787209791121.9824,2060705026,955,A,accepted_event,955,2060705026,0,heartbeat
1,959008,3450,7,1,0,1,956934,1787209792130.141,0x0003bc,8.205322,,959008,1787209792121.9358,2060705026,956,A,accepted_event,956,2060705026,0,heartbeat
1,960008,3456,7,1,0,1,957933,1787209793129.1287,0x0003bd,7.239502,,960008,1787209793121.8892,2060705026,957,A,accepted_event,957,2060705026,0,heartbeat
1,961008,3464,7,1,0,1,959188,1787209794384.113,0x0003be,262.270264,,961008,1787209794121.8428,2060705026,958,A,accepted_event,958,2060705026,0,heartbeat
1,962008,3466,7,1,0,1,959934,1787209795130.1038,0x0003bf,8.307617,,962008,1787209795121.7961,2060705026,959,A,accepted_event,959,2060705026,0,heartbeat
1,963013,3469,7,1,0,1,960961,1787209796157.091,0x0003c0,31.341553,,963012,1787209796125.7495,2060705026,960,A,accepted_event,960,2060705026,0,heartbeat
1,964013,3481,7,1,0,1,962699,1787209797895.0696,0x0003c1,768.366699,,964013,1787209797126.703,2060705026,961,A,accepted_event,961,2060705026,0,heartbeat
1,965010,3493,7,1,0,1,963581,1787209798777.0586,0x0003c2,654.4021,,965009,1787209798122.6565,2060705026,962,A,accepted_event,962,2060705026,0,heartbeat
1,966011,3505,7,1,0,1,965447,1787209800643.0354,0x0003c3,1519.425537,,966010,1787209799123.6099,2060705026,963,A,accepted_event,963,2060705026,0,heartbeat
1,967010,3517,0,1,0,0,,,0x0003c4,,,967009,1787209800122.5635,2060705026,964,A,accepted_event,964,2060705026,0,heartbeat
1,968010,3529,7,1,0,1,970198,1787209805393.9766,0x0003c5,4271.459717,,968009,1787209801122.5168,2060705026,965,A,accepted_event,965,2060705026,0,heartbeat
1,969011,3534,7,1,0,1,970304,1787209805499.975,0x0003c6,3376.504883,,969010,1787209802123.4702,2060705026,966,A,accepted_event,966,2060705026,0,heartbeat
1,971011,3558,0,1,0,0,,,0x0003c8,,,971010,1787209804123.3772,2060705026,968,A,accepted_event,968,2060705026,0,heartbeat
1,972010,3566,7,1,0,1,974972,1787209810167.9172,0x0003c9,5045.586426,,972009,1787209805122.3308,2060705026,969,A,accepted_event,969,2060705026,1,heartbeat
1,977010,3580,7,1,0,1,975888,1787209811083.9058,0x0003ce,961.807861,,977009,1787209810122.098,2060705026,974,A,accepted_event,974,2060705026,0,heartbeat
1,978014,3592,7,1,0,1,976697,1787209811892.8958,0x0003cf,765.844482,,978014,1787209811127.0513,2060705026,975,A,accepted_event,975,2060705026,0,heartbeat
1,979011,3604,7,1,0,1,978826,1787209814021.8694,0x0003d0,1898.864502,,979010,1787209812123.005,2060705026,976,A,accepted_event,976,2060705026,0,heartbeat
1,982014,3630,7,1,0,1,980615,1787209815810.8472,0x0003d3,683.982178,,982014,1787209815126.865,2060705026,979,A,accepted_event,979,2060705026,0,heartbeat
1,983014,3642,0,1,0,0,,,0x0003d4,,,983014,1787209816126.8184,2060705026,980,A,accepted_event,980,2060705026,0,heartbeat
1,984010,3654,7,1,0,1,985120,1787209820315.7913,0x0003d5,3194.019043,,984009,1787209817121.7722,2060705026,981,A,accepted_event,981,2060705026,1,heartbeat
1,988010,3674,7,1,0,1,987476,1787209822671.762,0x0003d9,1549.176025,,988010,1787209821122.586,2060705026,985,A,accepted_event,985,2060705026,0,heartbeat
1,989011,3684,7,1,0,1,988480,1787209823675.7495,0x0003da,1553.210205,,989010,1787209822122.5393,2060705026,986,A,accepted_event,986,2060705026,0,heartbeat
1,990011,3697,7,1,0,1,989760,1787209824955.7336,0x0003db,1833.240723,,990010,1787209823122.493,2060705026,987,A,accepted_event,987,2060705026,0,heartbeat
1,991010,3718,7,1,0,1,990633,1787209825828.723,0x0003dc,1707.276611,,991009,1787209824121.4463,2060705026,988,A,accepted_event,988,2060705026,0,heartbeat
1,992010,3730,7,1,0,1,991605,1787209826800.7107,0x0003dd,1679.310791,,992009,1787209825121.4,2060705026,989,A,accepted_event,989,2060705026,0,heartbeat
1,993010,3740,7,1,0,1,992715,1787209827910.697,0x0003de,1788.34375,,993010,1787209826122.3533,2060705026,990,A,accepted_event,990,2060705026,0,heartbeat
1,994010,3752,7,1,0,1,993270,1787209828465.6902,0x0003df,1344.383545,,994009,1787209827121.3066,2060705026,991,A,accepted_event,991,2060705026,0,heartbeat
1,996010,3773,7,1,0,1,995746,1787209830941.6594,0x0003e1,1820.445801,,996009,1787209829121.2136,2060705026,993,A,accepted_event,993,2060705026,0,heartbeat
1,997010,3783,7,1,0,1,996718,1787209831913.6472,0x0003e2,1792.480225,,997009,1787209830121.167,2060705026,994,A,accepted_event,994,2060705026,0,heartbeat
1,998010,3795,7,1,0,1,997613,1787209832808.6362,0x0003e3,1687.515625,,998009,1787209831121.1206,2060705026,995,A,accepted_event,995,2060705026,0,heartbeat
1,999010,3807,7,1,0,1,998592,1787209833787.624,0x0003e4,1666.550049,,999009,1787209832121.074,2060705026,996,A,accepted_event,996,2060705026,0,heartbeat
1,1000010,3820,7,1,0,1,1000371,1787209835566.602,0x0003e5,2445.574707,,1000009,1787209833121.0273,2060705026,997,A,accepted_event,997,2060705026,0,heartbeat
1,1001011,3835,0,1,0,0,,,0x0003e6,,,1001010,1787209834121.981,2060705026,998,A,accepted_event,998,2060705026,0,heartbeat
1,1006010,3861,7,1,0,1,1005802,1787209840997.5347,0x0003eb,1876.786377,,1006009,1787209839120.7483,2060705026,1003,A,accepted_event,1003,2060705026,0,heartbeat
1,1008010,3877,7,1,0,1,1008895,1787209844090.496,0x0003ed,2969.841064,,1008009,1787209841120.655,2060705026,1005,A,accepted_event,1005,2060705026,1,heartbeat
1,1013010,3915,7,1,0,1,1015065,1787209850260.4197,0x0003f2,4139.997314,,1013009,1787209846120.4224,2060705026,1010,A,accepted_event,1010,2060705026,0,heartbeat
1,1014010,3921,7,1,0,1,1016426,1787209851621.4026,0x0003f3,4501.026855,,1014009,1787209847120.3757,2060705026,1011,A,accepted_event,1011,2060705026,0,heartbeat
1,1016010,3935,7,1,0,1,1016274,1787209851469.4045,0x0003f5,2349.121826,,1016009,1787209849120.2827,2060705026,1013,A,accepted_event,1013,2060705026,1,heartbeat
1,1019010,3951,7,1,0,1,1018496,1787209853691.377,0x0003f8,1570.233887,,1019010,1787209852121.143,2060705026,1016,A,accepted_event,1016,2060705026,0,heartbeat
1,1020010,3963,7,1,0,1,1019409,1787209854604.3657,0x0003f9,1484.269043,,1020009,1787209853120.0967,2060705026,1017,A,accepted_event,1017,2060705026,0,heartbeat
1,1021014,3978,7,1,0,1,1019889,1787209855084.3596,0x0003fa,959.309814,,1021014,1787209854125.0498,2060705026,1018,A,accepted_event,1018,2060705026,0,heartbeat
1,1022011,3997,7,1,0,1,1021144,1787209856339.3442,0x0003fb,1218.34082,,1022010,1787209855121.0034,2060705026,1019,A,accepted_event,1019,2060705026,0,heartbeat
1,1023012,4008,7,1,0,1,1022428,1787209857623.3281,0x0003fc,1501.371338,,1023011,1787209856121.9568,2060705026,1020,A,accepted_event,1020,2060705026,0,heartbeat
1,1024008,4010,7,1,0,1,1022455,1787209857650.328,0x0003fd,531.41748,,1024008,1787209857118.9104,2060705026,1021,A,accepted_event,1021,2060705026,0,heartbeat
1,1025008,4012,7,1,0,1,1022931,1787209858126.322,0x0003fe,7.458252,,1025008,1787209858118.8638,2060705026,1022,A,accepted_event,1022,2060705026,0,heartbeat
1,1026008,4014,7,1,0,1,1023931,1787209859126.3096,0x0003ff,7.492188,,1026008,1787209859118.8174,2060705026,1023,A,accepted_event,1023,2060705026,0,heartbeat
1,1027008,4016,7,1,1,1,1024932,1787209860127.297,0x000400,8.526367,,1027008,1787209860118.7708,2060705026,0,A,accepted_event,0,2060705026,0,heartbeat
1,1028008,4018,7,1,1,1,1025933,1787209861128.2847,0x000401,9.560303,,1028008,1787209861118.7244,2060705026,1,A,accepted_event,1,2060705026,0,heartbeat
1,1029008,4019,7,1,1,1,1026931,1787209862126.2722,0x000402,7.594482,,1029008,1787209862118.6777,2060705026,2,A,accepted_event,2,2060705026,0,heartbeat
1,1030009,4021,7,1,1,1,1027932,1787209863127.26,0x000403,7.628906,,1030009,1787209863119.631,2060705026,3,A,accepted_event,3,2060705026,0,heartbeat
1,1031008,4025,7,1,1,1,1028933,1787209864128.2476,0x000404,9.662842,,1031008,1787209864118.5847,2060705026,4,A,accepted_event,4,2060705026,0,heartbeat
1,1032008,4035,7,1,1,1,1029931,1787209865126.235,0x000405,7.697021,,1032008,1787209865118.538,2060705026,5,A,accepted_event,5,2060705026,0,heartbeat
1,1033008,4037,7,1,1,1,1030932,1787209866127.2227,0x000406,8.731201,,1033008,1787209866118.4915,2060705026,6,A,accepted_event,6,2060705026,0,heartbeat
1,1034008,4039,7,1,1,1,1031932,1787209867127.2102,0x000407,8.765137,,1034008,1787209867118.445,2060705026,7,A,accepted_event,7,2060705026,0,heartbeat
1,1035008,4041,7,1,1,1,1032931,1787209868126.1978,0x000408,7.799316,,1035008,1787209868118.3984,2060705026,8,A,accepted_event,8,2060705026,0,heartbeat
1,1036008,4043,7,1,1,1,1033932,1787209869127.1855,0x000409,8.83374,,1036008,1787209869118.3518,2060705026,9,A,accepted_event,9,2060705026,0,heartbeat
1,1037008,4045,7,1,1,1,1034931,1787209870126.173,0x00040a,7.867676,,1037008,1787209870118.3054,2060705026,10,A,accepted_event,10,2060705026,0,heartbeat
1,1038008,4047,7,1,1,1,1035931,1787209871126.1606,0x00040b,7.901855,,1038008,1787209871118.2588,2060705026,11,A,accepted_event,11,2060705026,0,heartbeat
1,1039008,4049,7,1,1,1,1036933,1787209872128.1482,0x00040c,9.936035,,1039008,1787209872118.2122,2060705026,12,A,accepted_event,12,2060705026,0,heartbeat
1,1040008,4051,7,1,1,1,1037932,1787209873127.1357,0x00040d,8.969971,,1040008,1787209873118.1658,2060705026,13,A,accepted_event,13,2060705026,0,heartbeat
1,1041008,4054,7,1,1,1,1038930,1787209874125.1233,0x00040e,7.00415,,1041008,1787209874118.1191,2060705026,14,A,accepted_event,14,2060705026,0,heartbeat
1,1042008,4065,7,1,1,1,1039933,1787209875128.1108,0x00040f,10.038086,,1042008,1787209875118.0728,2060705026,15,A,accepted_event,15,2060705026,0,heartbeat
1,1043009,4067,7,1,1,1,1040932,1787209876127.0986,0x000410,8.07251,,1043009,1787209876119.0261,2060705026,16,A,accepted_event,16,2060705026,0,heartbeat
1,1044008,4069,7,1,1,1,1041930,1787209877125.0862,0x000411,7.106689,,1044008,1787209877117.9795,2060705026,17,A,accepted_event,17,2060705026,0,heartbeat
1,1045008,4071,7,1,1,1,1042933,1787209878128.0737,0x000412,10.140625,,1045008,1787209878117.933,2060705026,18,A,accepted_event,18,2060705026,0,heartbeat
1,1046008,4073,7,1,1,1,1043931,1787209879126.0613,0x000413,8.174805,,1046008,1787209879117.8865,2060705026,19,A,accepted_event,19,2060705026,0,heartbeat
1,1047008,4075,7,1,1,1,1044931,1787209880126.0488,0x000414,8.208984,,1047008,1787209880117.8398,2060705026,20,A,accepted_event,20,2060705026,0,heartbeat
1,1048008,4077,7,1,1,1,1045933,1787209881128.0364,0x000415,10.24292,,1048008,1787209881117.7935,2060705026,21,A,accepted_event,21,2060705026,0,heartbeat
1,1049008,4079,7,1,1,1,1046931,1787209882126.0242,0x000416,8.277344,,1049008,1787209882117.7468,2060705026,22,A,accepted_event,22,2060705026,0,heartbeat
1,1050008,4081,7,1,1,1,1047931,1787209883126.0117,0x000417,8.311523,,1050008,1787209883117.7002,2060705026,23,A,accepted_event,23,2060705026,0,heartbeat
1,1051008,4083,7,1,1,1,1048931,1787209884125.9993,0x000418,8.345459,,1051008,1787209884117.6538,2060705026,24,A,accepted_event,24,2060705026,0,heartbeat
1,1052009,4091,7,1,1,1,1049932,1787209885126.9868,0x000419,8.379639,,1052009,1787209885118.6072,2060705026,25,A,accepted_event,25,2060705026,0,heartbeat
1,1053008,4097,7,1,1,1,1050931,1787209886125.9744,0x00041a,8.413818,,1053008,1787209886117.5605,2060705026,26,A,accepted_event,26,2060705026,0,heartbeat
1,1054008,4099,7,1,1,1,1051931,1787209887125.962,0x00041b,8.447754,,1054008,1787209887117.5142,2060705026,27,A,accepted_event,27,2060705026,0,heartbeat
1,1055008,4101,7,1,1,1,1053187,1787209888381.9465,0x00041c,264.479004,,1055008,1787209888117.4675,2060705026,28,A,accepted_event,28,2060705026,0,heartbeat
1,1056008,4103,7,1,1,1,1053930,1787209889124.9373,0x00041d,7.516357,,1056008,1787209889117.421,2060705026,29,A,accepted_event,29,2060705026,0,heartbeat
1,1057008,4105,7,1,1,1,1054931,1787209890125.9248,0x00041e,8.550293,,1057008,1787209890117.3745,2060705026,30,A,accepted_event,30,2060705026,0,heartbeat
1,1058008,4107,7,1,1,1,1055931,1787209891125.9124,0x00041f,8.584473,,1058008,1787209891117.328,2060705026,31,A,accepted_event,31,2060705026,0,heartbeat
1,1059008,4109,7,1,1,1,1056930,1787209892124.9,0x000420,7.618408,,1059008,1787209892117.2815,2060705026,32,A,accepted_event,32,2060705026,0,heartbeat
1,1060008,4111,7,1,1,1,1057931,1787209893125.8875,0x000421,8.652588,,1060008,1787209893117.2349,2060705026,33,A,accepted_event,33,2060705026,0,heartbeat
1,1061008,4113,7,1,1,1,1058932,1787209894126.8752,0x000422,9.687012,,1061008,1787209894117.1882,2060705026,34,A,accepted_event,34,2060705026,0,heartbeat
1,1062008,4116,7,1,1,1,1059929,1787209895123.8628,0x000423,6.720947,,1062008,1787209895117.1418,2060705026,35,A,accepted_event,35,2060705026,0,heartbeat
1,1063008,4126,7,1,1,1,1060930,1787209896124.8503,0x000424,7.755127,,1063008,1787209896117.0952,2060705026,36,A,accepted_event,36,2060705026,0,heartbeat
1,1064008,4128,7,1,1,1,1061931,1787209897125.838,0x000425,8.789307,,1064008,1787209897117.0486,2060705026,37,A,accepted_event,37,2060705026,0,heartbeat
1,1065008,4130,7,1,1,1,1062930,1787209898124.8254,0x000426,7.823242,,1065008,1787209898117.0022,2060705026,38,A,accepted_event,38,2060705026,0,heartbeat
1,1066008,4132,7,1,1,1,1064186,1787209899380.8098,0x000427,263.854248,,1066008,1787209899116.9556,2060705026,39,A,accepted_event,39,2060705026,0,heartbeat
1,1067009,4134,7,1,1,1,1064931,1787209900125.8008,0x000428,7.891846,,1067009,1787209900117.909,2060705026,40,A,accepted_event,40,2060705026,0,heartbeat
1,1068008,4136,7,1,1,1,1065932,1787209901126.7883,0x000429,9.925781,,1068008,1787209901116.8625,2060705026,41,A,accepted_event,41,2060705026,0,heartbeat
1,1069008,4138,7,1,1,1,1066932,1787209902126.776,0x00042a,9.959961,,1069008,1787209902116.816,2060705026,42,A,accepted_event,42,2060705026,0,heartbeat
1,1070008,4140,7,1,1,1,1067931,1787209903125.7634,0x00042b,8.994141,,1070008,1787209903116.7693,2060705026,43,A,accepted_event,43,2060705026,0,heartbeat
1,1071008,4142,7,1,1,1,1068930,1787209904124.751,0x00042c,8.028076,,1071008,1787209904116.723,2060705026,44,A,accepted_event,44,2060705026,0,heartbeat
1,1072008,4145,7,1,1,1,1069931,1787209905125.7385,0x00042d,9.062256,,1072008,1787209905116.6763,2060705026,45,A,accepted_event,45,2060705026,0,heartbeat
1,1073008,4156,7,1,1,1,1070930,1787209906124.7263,0x00042e,8.09668,,1073008,1787209906116.6296,2060705026,46,A,accepted_event,46,2060705026,0,heartbeat
1,1074008,4158,7,1,1,1,1071930,1787209907124.7139,0x00042f,8.130615,,1074008,1787209907116.5833,2060705026,47,A,accepted_event,47,2060705026,0,heartbeat
1,1075008,4160,7,1,1,1,1072930,1787209908124.7014,0x000430,8.164795,,1075008,1787209908116.5366,2060705026,48,A,accepted_event,48,2060705026,0,heartbeat
1,1076008,4162,7,1,1,1,1073930,1787209909124.689,0x000431,8.19873,,1076008,1787209909116.4902,2060705026,49,A,accepted_event,49,2060705026,0,heartbeat
1,1077008,4164,7,1,1,1,1074931,1787209910125.6765,0x000432,9.23291,,1077008,1787209910116.4436,2060705026,50,A,accepted_event,50,2060705026,0,heartbeat
1,1078008,4166,7,1,1,1,1075931,1787209911125.664,0x000433,9.26709,,1078008,1787209911116.397,2060705026,51,A,accepted_event,51,2060705026,0,heartbeat
1,1079008,4168,7,1,1,1,1076930,1787209912124.6519,0x000434,8.30127,,1079008,1787209912116.3506,2060705026,52,A,accepted_event,52,2060705026,0,heartbeat
1,1080008,4170,7,1,1,1,1077930,1787209913124.6394,0x000435,8.335449,,1080008,1787209913116.304,2060705026,53,A,accepted_event,53,2060705026,0,heartbeat
1,1081009,4172,7,1,1,1,1078932,1787209914126.627,0x000436,9.369629,,1081009,1787209914117.2573,2060705026,54,A,accepted_event,54,2060705026,0,heartbeat
1,1082008,4175,7,1,1,1,1079932,1787209915126.6145,0x000437,10.403564,,1082008,1787209915116.211,2060705026,55,A,accepted_event,55,2060705026,0,heartbeat
1,1083008,4182,7,1,1,1,1080930,1787209916124.602,0x000438,8.437744,,1083008,1787209916116.1643,2060705026,56,A,accepted_event,56,2060705026,0,heartbeat
1,1084008,4188,7,1,1,1,1081930,1787209917124.5896,0x000439,8.471924,,1084008,1787209917116.1177,2060705026,57,A,accepted_event,57,2060705026,0,heartbeat
1,1085009,4190,7,1,1,1,1082931,1787209918125.5774,0x00043a,8.506104,,1085009,1787209918117.0713,2060705026,58,A,accepted_event,58,2060705026,0,heartbeat
1,1086009,4192,7,1,1,1,1083931,1787209919125.565,0x00043b,8.540283,,1086009,1787209919117.0247,2060705026,59,A,accepted_event,59,2060705026,0,heartbeat
1,1087008,4194,7,1,1,1,1084930,1787209920124.5525,0x00043c,8.574463,,1087008,1787209920115.978,2060705026,60,A,accepted_event,60,2060705026,0,heartbeat
1,1088008,4196,7,1,1,1,1085931,1787209921125.54,0x00043d,9.608398,,1088008,1787209921115.9316,2060705026,61,A,accepted_event,61,2060705026,0,heartbeat
1,1089008,4198,7,1,1,1,1086929,1787209922123.5276,0x00043e,7.642578,,1089008,1787209922115.885,2060705026,62,A,accepted_event,62,2060705026,0,heartbeat
1,1090008,4200,7,1,1,1,1087930,1787209923124.5151,0x00043f,8.676514,,1090008,1787209923115.8386,2060705026,63,A,accepted_event,63,2060705026,0,heartbeat
1,1091008,4202,7,1,1,1,1088930,1787209924124.503,0x000440,8.710938,,1091008,1787209924115.792,2060705026,64,A,accepted_event,64,2060705026,0,heartbeat
1,1092008,4204,7,1,1,1,1089929,1787209925123.4905,0x000441,7.745117,,1092008,1787209925115.7454,2060705026,65,A,accepted_event,65,2060705026,0,heartbeat
1,1093008,4208,7,1,1,1,1090931,1787209926125.478,0x000442,9.779053,,1093008,1787209926115.699,2060705026,66,A,accepted_event,66,2060705026,0,heartbeat
1,1094008,4218,7,1,1,1,1091929,1787209927123.4656,0x000443,7.813232,,1094008,1787209927115.6523,2060705026,67,A,accepted_event,67,2060705026,0,heartbeat
1,1095008,4220,7,1,1,1,1092929,1787209928123.4531,0x000444,7.847412,,1095008,1787209928115.6057,2060705026,68,A,accepted_event,68,2060705026,0,heartbeat
1,1096008,4222,7,1,1,1,1093931,1787209929125.4407,0x000445,9.881348,,1096008,1787209929115.5593,2060705026,69,A,accepted_event,69,2060705026,0,heartbeat
1,1097008,4224,7,1,1,1,1094929,1787209930123.4285,0x000446,7.915771,,1097008,1787209930115.5127,2060705026,70,A,accepted_event,70,2060705026,0,heartbeat
1,1098008,4226,7,1,1,1,1095928,1787209931122.416,0x000447,6.949951,,1098008,1787209931115.466,2060705026,71,A,accepted_event,71,2060705026,0,heartbeat
1,1099008,4228,7,1,1,1,1096931,1787209932125.4036,0x000448,9.983887,,1099008,1787209932115.4197,2060705026,72,A,accepted_event,72,2060705026,0,heartbeat
1,1100008,4230,7,1,1,1,1097930,1787209933124.391,0x000449,9.018066,,1100008,1787209933115.373,2060705026,73,A,accepted_event,73,2060705026,0,heartbeat
1,1101008,4232,7,1,1,1,1098929,1787209934123.3787,0x00044a,8.052246,,1101008,1787209934115.3264,2060705026,74,A,accepted_event,74,2060705026,0,heartbeat
1,1102008,4234,7,1,1,1,1099929,1787209935123.3662,0x00044b,8.086182,,1102008,1787209935115.28,2060705026,75,A,accepted_event,75,2060705026,0,heartbeat
1,1103008,4236,7,1,1,1,1100929,1787209936123.354,0x00044c,8.120605,,1103008,1787209936115.2334,2060705026,76,A,accepted_event,76,2060705026,0,heartbeat
1,1104008,4247,7,1,1,1,1101930,1787209937124.3416,0x00044d,9.154785,,1104008,1787209937115.1868,2060705026,77,A,accepted_event,77,2060705026,0,heartbeat
1,1105008,4249,7,1,1,1,1102929,1787209938123.329,0x00044e,8.188721,,1105008,1787209938115.1404,2060705026,78,A,accepted_event,78,2060705026,0,heartbeat
1,1106008,4251,7,1,1,1,1103929,1787209939123.3167,0x00044f,8.2229,,1106008,1787209939115.0938,2060705026,79,A,accepted_event,79,2060705026,0,heartbeat
1,1107008,4253,7,1,1,1,1104928,1787209940122.3042,0x000450,7.256836,,1107008,1787209940115.0474,2060705026,80,A,accepted_event,80,2060705026,0,heartbeat
1,1108008,4255,7,1,1,1,1105929,1787209941123.2917,0x000451,8.291016,,1108008,1787209941115.0007,2060705026,81,A,accepted_event,81,2060705026,0,heartbeat
1,1109008,4257,7,1,1,1,1107186,1787209942380.2761,0x000452,265.322021,,1109008,1787209942114.954,2060705026,82,A,accepted_event,82,2060705026,0,heartbeat
1,1110008,4259,7,1,1,1,1107929,1787209943123.267,0x000453,8.359375,,1110008,1787209943114.9077,2060705026,83,A,accepted_event,83,2060705026,0,heartbeat
1,1111008,4261,7,1,1,1,1108929,1787209944123.2546,0x000454,8.393555,,1111008,1787209944114.861,2060705026,84,A,accepted_event,84,2060705026,0,heartbeat
1,1112008,4263,7,1,1,1,1109929,1787209945123.2422,0x000455,8.427734,,1112008,1787209945114.8145,2060705026,85,A,accepted_event,85,2060705026,0,heartbeat
1,1113008,4266,7,1,1,1,1110929,1787209946123.2297,0x000456,8.46167,,1113008,1787209946114.768,2060705026,86,A,accepted_event,86,2060705026,0,heartbeat
1,1114008,4275,7,1,1,1,1111928,1787209947122.2173,0x000457,7.49585,,1114008,1787209947114.7214,2060705026,87,A,accepted_event,87,2060705026,0,heartbeat
1,1115009,4279,7,1,1,1,1112930,1787209948124.2048,0x000458,8.530029,,1115009,1787209948115.6748,2060705026,88,A,accepted_event,88,2060705026,0,heartbeat
1,1116008,4281,7,1,1,1,1113927,1787209949121.1926,0x000459,6.564209,,1116008,1787209949114.6284,2060705026,89,A,accepted_event,89,2060705026,0,heartbeat
1,1117008,4283,7,1,1,1,1114930,1787209950124.1802,0x00045a,9.598389,,1117008,1787209950114.5818,2060705026,90,A,accepted_event,90,2060705026,0,heartbeat
1,1118008,4285,7,1,1,1,1115929,1787209951123.1677,0x00045b,8.632568,,1118008,1787209951114.5352,2060705026,91,A,accepted_event,91,2060705026,0,heartbeat
1,1119008,4287,7,1,1,1,1116927,1787209952121.1553,0x00045c,6.666504,,1119008,1787209952114.4888,2060705026,92,A,accepted_event,92,2060705026,0,heartbeat
1,1120008,4289,7,1,1,1,1117929,1787209953123.1428,0x00045d,8.700684,,1120008,1787209953114.4421,2060705026,93,A,accepted_event,93,2060705026,0,heartbeat
1,1121008,4291,7,1,1,1,1118930,1787209954124.1304,0x00045e,9.734863,,1121008,1787209954114.3955,2060705026,94,A,accepted_event,94,2060705026,0,heartbeat
1,1122008,4293,7,1,1,1,1119929,1787209955123.1182,0x00045f,8.769043,,1122008,1787209955114.349,2060705026,95,A,accepted_event,95,2060705026,0,heartbeat
1,1123008,4295,7,1,1,1,1120930,1787209956124.1057,0x000460,9.803223,,1123008,1787209956114.3025,2060705026,96,A,accepted_event,96,2060705026,0,heartbeat
1,1124008,4299,7,1,1,1,1121928,1787209957122.0933,0x000461,7.837158,,1124008,1787209957114.256,2060705026,97,A,accepted_event,97,2060705026,0,heartbeat
1,1125008,4309,7,1,1,1,1122928,1787209958122.0808,0x000462,7.871338,,1125008,1787209958114.2095,2060705026,98,A,accepted_event,98,2060705026,0,heartbeat
1,1126008,4311,7,1,1,1,1123929,1787209959123.0684,0x000463,8.905518,,1126008,1787209959114.1628,2060705026,99,A,accepted_event,99,2060705026,0,heartbeat
1,1127008,4313,7,1,1,1,1124928,1787209960122.0562,0x000464,7.939697,,1127008,1787209960114.1165,2060705026,100,A,accepted_event,100,2060705026,0,heartbeat
1,1128008,4315,7,1,1,1,1125929,1787209961123.0437,0x000465,8.973877,,1128008,1787209961114.0698,2060705026,101,A,accepted_event,101,2060705026,0,heartbeat
1,1129008,4317,7,1,1,1,1126928,1787209962122.0312,0x000466,8.008057,,1129008,1787209962114.0232,2060705026,102,A,accepted_event,102,2060705026,0,heartbeat
1,1130008,4319,7,1,1,1,1127929,1787209963123.0188,0x000467,9.041992,,1130008,1787209963113.9768,2060705026,103,A,accepted_event,103,2060705026,0,heartbeat
1,1131008,4321,7,1,1,1,1128929,1787209964123.0063,0x000468,9.076172,,1131008,1787209964113.9302,2060705026,104,A,accepted_event,104,2060705026,0,heartbeat
1,1132008,4323,7,1,1,1,1129928,1787209965121.994,0x000469,8.110352,,1132008,1787209965113.8835,2060705026,105,A,accepted_event,105,2060705026,0,heartbeat
1,1133008,4325,7,1,1,1,1130930,1787209966123.9814,0x00046a,10.144287,,1133008,1787209966113.8372,2060705026,106,A,accepted_event,106,2060705026,0,heartbeat
1,1134008,4327,7,1,1,1,1131928,1787209967121.9692,0x00046b,8.178711,,1134008,1787209967113.7905,2060705026,107,A,accepted_event,107,2060705026,0,heartbeat
1,1135008,4338,7,1,1,1,1132928,1787209968121.9568,0x00046c,8.212891,,1135008,1787209968113.744,2060705026,108,A,accepted_event,108,2060705026,0,heartbeat
1,1136008,4340,7,1,1,1,1133927,1787209969120.9443,0x00046d,7.246826,,1136008,1787209969113.6975,2060705026,109,A,accepted_event,109,2060705026,0,heartbeat
1,1137008,4342,7,1,1,1,1134928,1787209970121.932,0x00046e,8.281006,,1137008,1787209970113.651,2060705026,110,A,accepted_event,110,2060705026,0,heartbeat
1,1138008,4344,7,1,1,1,1135928,1787209971121.9194,0x00046f,8.314941,,1138008,1787209971113.6045,2060705026,111,A,accepted_event,111,2060705026,0,heartbeat
1,1139008,4346,7,1,1,1,1136928,1787209972121.907,0x000470,8.349121,,1139008,1787209972113.5579,2060705026,112,A,accepted_event,112,2060705026,0,heartbeat
1,1140008,4348,7,1,1,1,1137928,1787209973121.8948,0x000471,8.383545,,1140008,1787209973113.5112,2060705026,113,A,accepted_event,113,2060705026,0,heartbeat
1,1141008,4350,7,1,1,1,1138928,1787209974121.8823,0x000472,8.41748,,1141008,1787209974113.4648,2060705026,114,A,accepted_event,114,2060705026,0,heartbeat
1,1142008,4352,7,1,1,1,1139928,1787209975121.8699,0x000473,8.45166,,1142008,1787209975113.4182,2060705026,115,A,accepted_event,115,2060705026,0,heartbeat
1,1143008,4354,7,1,1,1,1140928,1787209976121.8574,0x000474,8.48584,,1143008,1787209976113.3716,2060705026,116,A,accepted_event,116,2060705026,0,heartbeat
1,1144008,4357,7,1,1,1,1141929,1787209977122.845,0x000475,9.519775,,1144008,1787209977113.3252,2060705026,117,A,accepted_event,117,2060705026,0,heartbeat
1,1145008,4367,7,1,1,1,1142927,1787209978120.8325,0x000476,7.553955,,1145008,1787209978113.2786,2060705026,118,A,accepted_event,118,2060705026,0,heartbeat
1,1146008,4370,7,1,1,1,1143928,1787209979121.8203,0x000477,8.588379,,1146008,1787209979113.232,2060705026,119,A,accepted_event,119,2060705026,0,heartbeat
1,1147008,4372,7,1,1,1,1144927,1787209980120.8079,0x000478,7.622314,,1147008,1787209980113.1855,2060705026,120,A,accepted_event,120,2060705026,0,heartbeat
1,1148008,4374,7,1,1,1,1145927,1787209981120.7954,0x000479,7.656494,,1148008,1787209981113.139,2060705026,121,A,accepted_event,121,2060705026,0,heartbeat
1,1149008,4376,7,1,1,1,1146929,1787209982122.783,0x00047a,9.690674,,1149008,1787209982113.0923,2060705026,122,A,accepted_event,122,2060705026,0,heartbeat
1,1150008,4378,7,1,1,1,1147927,1787209983120.7705,0x00047b,7.724609,,1150008,1787209983113.046,2060705026,123,A,accepted_event,123,2060705026,0,heartbeat
1,1151008,4380,7,1,1,1,1148927,1787209984120.758,0x00047c,7.758789,,1151008,1787209984112.9993,2060705026,124,A,accepted_event,124,2060705026,0,heartbeat
1,1152008,4382,7,1,1,1,1149929,1787209985122.7458,0x00047d,9.793213,,1152008,1787209985112.9526,2060705026,125,A,accepted_event,125,2060705026,0,heartbeat
1,1153008,4384,7,1,1,1,1150927,1787209986120.7334,0x00047e,7.827148,,1153008,1787209986112.9062,2060705026,126,A,accepted_event,126,2060705026,0,heartbeat
1,1154008,4386,7,1,1,1,1151928,1787209987121.721,0x00047f,8.861328,,1154008,1787209987112.8596,2060705026,127,A,accepted_event,127,2060705026,0,heartbeat
1,1155008,4392,7,1,1,1,1152928,1787209988121.7085,0x000480,8.895264,,1155008,1787209988112.8132,2060705026,128,A,accepted_event,128,2060705026,0,heartbeat
1,1156008,4400,7,1,1,1,1153928,1787209989121.696,0x000481,8.929443,,1156008,1787209989112.7666,2060705026,129,A,accepted_event,129,2060705026,0,heartbeat
1,1157008,4402,7,1,1,1,1154927,1787209990120.6836,0x000482,7.963623,,1157008,1787209990112.72,2060705026,130,A,accepted_event,130,2060705026,0,heartbeat
1,1158008,4404,7,1,1,1,1155929,1787209991122.6711,0x000483,9.997559,,1158008,1787209991112.6736,2060705026,131,A,accepted_event,131,2060705026,0,heartbeat
1,1159008,4406,7,1,1,1,1156927,1787209992120.659,0x000484,8.031982,,1159008,1787209992112.627,2060705026,132,A,accepted_event,132,2060705026,0,heartbeat
1,1160008,4408,7,1,1,1,1157926,1787209993119.6465,0x000485,7.066162,,1160008,1787209993112.5803,2060705026,133,A,accepted_event,133,2060705026,0,heartbeat
1,1161008,4410,7,1,1,1,1158927,1787209994120.634,0x000486,8.100098,,1161008,1787209994112.534,2060705026,134,A,accepted_event,134,2060705026,0,heartbeat
1,1162008,4412,7,1,1,1,1159928,1787209995121.6216,0x000487,9.134277,,1162008,1787209995112.4873,2060705026,135,A,accepted_event,135,2060705026,0,heartbeat
1,1163008,4414,7,1,1,1,1160927,1787209996120.6091,0x000488,8.168457,,1163008,1787209996112.4407,2060705026,136,A,accepted_event,136,2060705026,0,heartbeat
1,1164008,4416,7,1,1,1,1161927,1787209997120.597,0x000489,8.202637,,1164008,1787209997112.3943,2060705026,137,A,accepted_event,137,2060705026,0,heartbeat
1,1165008,4420,7,1,1,1,1162927,1787209998120.5845,0x00048a,8.236816,,1165008,1787209998112.3477,2060705026,138,A,accepted_event,138,2060705026,0,heartbeat
1,1166008,4430,7,1,1,1,1163926,1787209999119.572,0x00048b,7.270996,,1166008,1787209999112.301,2060705026,139,A,accepted_event,139,2060705026,0,heartbeat
1,1167008,4432,7,1,1,1,1164927,1787210000120.5596,0x00048c,8.304932,,1167008,1787210000112.2546,2060705026,140,A,accepted_event,140,2060705026,0,heartbeat
1,1168008,4433,7,1,1,1,1165927,1787210001120.547,0x00048d,8.339111,,1168008,1787210001112.208,2060705026,141,A,accepted_event,141,2060705026,0,heartbeat
1,1169008,4435,7,1,1,1,1166926,1787210002119.5347,0x00048e,7.373291,,1169008,1787210002112.1614,2060705026,142,A,accepted_event,142,2060705026,0,heartbeat
1,1170008,4437,7,1,1,1,1167927,1787210003120.5225,0x00048f,8.407471,,1170008,1787210003112.115,2060705026,143,A,accepted_event,143,2060705026,0,heartbeat
1,1171008,4439,7,1,1,1,1168926,1787210004119.51,0x000490,7.44165,,1171008,1787210004112.0684,2060705026,144,A,accepted_event,144,2060705026,0,heartbeat
1,1172008,4441,7,1,1,1,1169926,1787210005119.4976,0x000491,7.475586,,1172008,1787210005112.022,2060705026,145,A,accepted_event,145,2060705026,0,heartbeat
1,1173008,4443,7,1,1,1,1171182,1787210006375.482,0x000492,263.506592,,1173008,1787210006111.9753,2060705026,146,A,accepted_event,146,2060705026,0,heartbeat
1,1174009,4445,7,1,1,1,1171927,1787210007120.4727,0x000493,7.543945,,1174009,1787210007112.9287,2060705026,147,A,accepted_event,147,2060705026,0,heartbeat
1,1175008,4448,7,1,1,1,1172926,1787210008119.4602,0x000494,7.577881,,1175008,1787210008111.8823,2060705026,148,A,accepted_event,148,2060705026,0,heartbeat
1,63008,115,7,1,0,1,60964,1787208896171.2615,0x800000,7.621826,,63008,1787208896163.6396,2060705026,0,A,accepted_event,0,2060705026,0,throughput
1,63108,117,7,1,0,1,61527,1787208896734.2544,0x800001,470.619385,,63108,1787208896263.635,2060705026,1,A,accepted_event,1,2060705026,0,throughput
1,63208,118,7,1,0,1,62065,1787208897272.2478,0x800002,908.617432,,63208,1787208896363.6304,2060705026,2,A,accepted_event,2,2060705026,0,throughput
1,63308,119,7,1,0,1,62093,1787208897300.2473,0x800003,836.621582,,63308,1787208896463.6257,2060705026,3,A,accepted_event,3,2060705026,0,throughput
1,63408,120,7,1,0,1,62120,1787208897327.247,0x800004,763.625977,,63408,1787208896563.621,2060705026,4,A,accepted_event,4,2060705026,0,throughput
1,63508,121,7,1,0,1,62146,1787208897353.2468,0x800005,689.630615,,63508,1787208896663.6162,2060705026,5,A,accepted_event,5,2060705026,0,throughput
1,63609,122,7,1,0,1,62173,1787208897380.2463,0x800006,615.634766,,63609,1787208896764.6116,2060705026,6,A,accepted_event,6,2060705026,0,throughput
1,63709,123,7,1,0,1,62200,1787208897407.246,0x800007,542.63916,,63709,1787208896864.607,2060705026,7,A,accepted_event,7,2060705026,0,throughput
1,63809,125,7,1,0,1,62229,1787208897436.2456,0x800008,471.643311,,63809,1787208896964.6023,2060705026,8,A,accepted_event,8,2060705026,0,throughput
1,63908,127,7,1,0,1,62256,1787208897463.2454,0x800009,399.647705,,63908,1787208897063.5977,2060705026,9,A,accepted_event,9,2060705026,0,throughput
1,64009,128,7,1,0,1,62282,1787208897489.245,0x80000a,324.6521,,64009,1787208897164.593,2060705026,10,A,accepted_event,10,2060705026,0,throughput
1,64108,130,7,1,0,1,62785,1787208897992.2388,0x80000b,728.650391,,64108,1787208897263.5884,2060705026,11,A,accepted_event,11,2060705026,0,throughput
1,64209,131,7,1,0,1,62860,1787208898067.2378,0x80000c,703.654053,,64208,1787208897363.5837,2060705026,12,A,accepted_event,12,2060705026,0,throughput
1,64309,132,7,1,0,1,62915,1787208898122.2373,0x80000d,658.658203,,64308,1787208897463.579,2060705026,13,A,accepted_event,13,2060705026,0,throughput
1,64410,133,7,1,0,1,62972,1787208898179.2366,0x80000e,614.662109,,64409,1787208897564.5745,2060705026,14,A,accepted_event,14,2060705026,0,throughput
1,64509,134,7,1,0,1,63025,1787208898232.2358,0x80000f,567.666016,,64509,1787208897664.5698,2060705026,15,A,accepted_event,15,2060705026,0,throughput
1,64609,136,7,1,0,1,63309,1787208898516.2324,0x800010,752.667236,,64608,1787208897763.5652,2060705026,16,A,accepted_event,16,2060705026,0,throughput
1,64709,137,7,1,0,1,63336,1787208898543.232,0x800011,679.671387,,64708,1787208897863.5605,2060705026,17,A,accepted_event,17,2060705026,0,throughput
1,64809,138,7,1,0,1,63362,1787208898569.2317,0x800012,604.676025,,64809,1787208897964.5557,2060705026,18,A,accepted_event,18,2060705026,0,throughput
1,64909,139,7,1,0,1,63389,1787208898596.2312,0x800013,531.680176,,64909,1787208898064.551,2060705026,19,A,accepted_event,19,2060705026,0,throughput
1,65008,140,7,1,0,1,63416,1787208898623.231,0x800014,459.68457,,65008,1787208898163.5464,2060705026,20,A,accepted_event,20,2060705026,0,throughput
1,65112,144,7,1,0,1,63978,1787208899185.224,0x800015,917.682373,,65112,1787208898267.5417,2060705026,21,A,accepted_event,21,2060705026,0,throughput
1,65208,147,7,1,0,1,64005,1787208899212.2236,0x800016,848.686523,,65208,1787208898363.537,2060705026,22,A,accepted_event,22,2060705026,0,throughput
1,65309,149,7,1,0,1,64032,1787208899239.2234,0x800017,774.690918,,65309,1787208898464.5325,2060705026,23,A,accepted_event,23,2060705026,0,throughput
1,65409,152,7,1,0,1,64315,1787208899522.2197,0x800018,958.691895,,65408,1787208898563.5278,2060705026,24,A,accepted_event,24,2060705026,0,throughput
1,65508,155,7,1,0,1,64342,1787208899549.2195,0x800019,885.696289,,65508,1787208898663.5232,2060705026,25,A,accepted_event,25,2060705026,0,throughput
1,65608,156,7,1,0,1,64368,1787208899575.2192,0x80001a,811.700684,,65608,1787208898763.5186,2060705026,26,A,accepted_event,26,2060705026,0,throughput
1,65709,157,7,1,0,1,64653,1787208899860.2156,0x80001b,995.70166,,65709,1787208898864.514,2060705026,27,A,accepted_event,27,2060705026,0,throughput
1,65810,158,7,1,0,1,64936,1787208900143.2122,0x80001c,1178.702881,,65809,1787208898964.5093,2060705026,28,A,accepted_event,28,2060705026,0,throughput
1,65909,159,7,1,0,1,64965,1787208900172.2117,0x80001d,1107.707031,,65909,1787208899064.5046,2060705026,29,A,accepted_event,29,2060705026,0,throughput
1,66009,160,7,1,0,1,65502,1787208900709.205,0x80001e,1544.705078,,66009,1787208899164.5,2060705026,30,A,accepted_event,30,2060705026,0,throughput
1,66109,163,7,1,0,1,65561,1787208900768.2043,0x80001f,1504.708984,,66108,1787208899263.4954,2060705026,31,A,accepted_event,31,2060705026,0,throughput
1,66210,164,7,1,0,1,65844,1787208901051.201,0x800020,1686.710205,,66209,1787208899364.4907,2060705026,32,A,accepted_event,32,2060705026,0,throughput
1,66308,165,7,1,0,1,65871,1787208901078.2004,0x800021,1614.714355,,66308,1787208899463.486,2060705026,33,A,accepted_event,33,2060705026,0,throughput
1,66409,166,7,1,0,1,65898,1787208901105.2002,0x800022,1541.71875,,66408,1787208899563.4814,2060705026,34,A,accepted_event,34,2060705026,0,throughput
1,66508,167,7,1,0,1,65925,1787208901132.2,0x800023,1468.723145,,66508,1787208899663.4768,2060705026,35,A,accepted_event,35,2060705026,0,throughput
1,66609,168,7,1,0,1,65952,1787208901159.1995,0x800024,1394.727539,,66609,1787208899764.472,2060705026,36,A,accepted_event,36,2060705026,0,throughput
1,66709,169,7,1,0,1,65980,1787208901187.1992,0x800025,1323.731934,,66708,1787208899863.4673,2060705026,37,A,accepted_event,37,2060705026,0,throughput
1,66809,170,7,1,0,1,66008,1787208901215.1987,0x800026,1251.736084,,66808,1787208899963.4626,2060705026,38,A,accepted_event,38,2060705026,0,throughput
1,66908,171,7,1,0,1,66519,1787208901726.1924,0x800027,1662.734375,,66908,1787208900063.458,2060705026,39,A,accepted_event,39,2060705026,0,throughput
1,67008,172,7,1,0,1,66033,1787208901240.1985,0x800028,1076.745117,,67008,1787208900163.4534,2060705026,40,A,accepted_event,40,2060705026,0,throughput
1,67109,175,7,1,0,1,67262,1787208902469.1833,0x800029,2204.734619,,67109,1787208900264.4487,2060705026,41,A,accepted_event,41,2060705026,0,throughput
1,67209,176,7,1,0,1,66814,1787208902021.1887,0x80002a,1656.744629,,67209,1787208900364.444,2060705026,42,A,accepted_event,42,2060705026,0,throughput
1,67308,177,7,1,0,1,66843,1787208902050.1885,0x80002b,1586.749023,,67308,1787208900463.4395,2060705026,43,A,accepted_event,43,2060705026,0,throughput
1,67408,178,7,1,0,1,66873,1787208902080.188,0x80002c,1516.753174,,67408,1787208900563.4348,2060705026,44,A,accepted_event,44,2060705026,0,throughput
1,67509,179,7,1,0,1,67154,1787208902361.1846,0x80002d,1696.754395,,67509,1787208900664.4302,2060705026,45,A,accepted_event,45,2060705026,0,throughput
1,67609,180,7,1,0,1,67182,1787208902389.1843,0x80002e,1625.758789,,67608,1787208900763.4255,2060705026,46,A,accepted_event,46,2060705026,0,throughput
1,67710,181,7,1,0,1,67210,1787208902417.1838,0x80002f,1552.762939,,67709,1787208900864.421,2060705026,47,A,accepted_event,47,2060705026,0,throughput
1,67809,182,7,1,0,1,67237,1787208902444.1836,0x800030,1479.767578,,67809,1787208900964.416,2060705026,48,A,accepted_event,48,2060705026,0,throughput
1,67909,183,7,1,0,1,67546,1787208902753.1797,0x800031,1689.768066,,67908,1787208901063.4116,2060705026,49,A,accepted_event,49,2060705026,0,throughput
1,68009,184,7,1,0,1,67579,1787208902786.1792,0x800032,1622.772217,,68008,1787208901163.407,2060705026,50,A,accepted_event,50,2060705026,0,throughput
1,68108,186,7,1,0,1,67689,1787208902896.178,0x800033,1632.775879,,68108,1787208901263.402,2060705026,51,A,accepted_event,51,2060705026,0,throughput
1,68209,188,7,1,0,1,67748,1787208902955.1772,0x800034,1590.779785,,68209,1787208901364.3975,2060705026,52,A,accepted_event,52,2060705026,0,throughput
1,68309,189,7,1,0,1,68029,1787208903236.1738,0x800035,1771.781006,,68309,1787208901464.3928,2060705026,53,A,accepted_event,53,2060705026,0,throughput
1,68408,190,7,1,0,1,68309,1787208903516.1702,0x800036,1952.781982,,68408,1787208901563.3882,2060705026,54,A,accepted_event,54,2060705026,0,throughput
1,68510,191,7,1,0,1,68420,1787208903627.169,0x800037,1962.7854,,68509,1787208901664.3835,2060705026,55,A,accepted_event,55,2060705026,0,throughput
1,68609,192,7,1,0,1,68337,1787208903544.17,0x800038,1780.791016,,68608,1787208901763.379,2060705026,56,A,accepted_event,56,2060705026,0,throughput
1,68709,193,7,1,0,1,68365,1787208903572.1694,0x800039,1707.795166,,68709,1787208901864.3743,2060705026,57,A,accepted_event,57,2060705026,0,throughput
1,68810,194,7,1,0,1,68392,1787208903599.1692,0x80003a,1634.799561,,68809,1787208901964.3696,2060705026,58,A,accepted_event,58,2060705026,0,throughput
1,68910,195,7,1,0,1,68446,1787208903653.1685,0x80003b,1588.803467,,68909,1787208902064.365,2060705026,59,A,accepted_event,59,2060705026,0,throughput
1,69009,196,7,1,0,1,68517,1787208903724.1677,0x80003c,1559.807373,,69009,1787208902164.3604,2060705026,60,A,accepted_event,60,2060705026,0,throughput
1,69111,198,7,1,0,1,69083,1787208904290.1606,0x80003d,2024.805176,,69110,1787208902265.3555,2060705026,61,A,accepted_event,61,2060705026,0,throughput
1,69209,200,7,1,0,1,69110,1787208904317.1604,0x80003e,1952.809326,,69209,1787208902364.351,2060705026,62,A,accepted_event,62,2060705026,0,throughput
1,69309,201,7,1,0,1,69138,1787208904345.16,0x80003f,1880.813477,,69309,1787208902464.3464,2060705026,63,A,accepted_event,63,2060705026,0,throughput
1,69409,202,7,1,0,1,69167,1787208904374.1597,0x800040,1810.817871,,69408,1787208902563.3418,2060705026,64,A,accepted_event,64,2060705026,0,throughput
1,69509,203,7,1,0,1,69450,1787208904657.156,0x800041,1993.818848,,69508,1787208902663.3372,2060705026,65,A,accepted_event,65,2060705026,0,throughput
1,69609,204,7,1,0,1,69477,1787208904684.1558,0x800042,1920.823242,,69608,1787208902763.3325,2060705026,66,A,accepted_event,66,2060705026,0,throughput
1,69709,205,7,1,0,1,69504,1787208904711.1555,0x800043,1846.827881,,69709,1787208902864.3276,2060705026,67,A,accepted_event,67,2060705026,0,throughput
1,69809,206,7,1,0,1,69530,1787208904737.155,0x800044,1772.832031,,69809,1787208902964.323,2060705026,68,A,accepted_event,68,2060705026,0,throughput
1,69909,207,7,1,0,1,69557,1787208904764.1548,0x800045,1699.836426,,69909,1787208903064.3184,2060705026,69,A,accepted_event,69,2060705026,0,throughput
1,70010,208,7,1,0,1,69585,1787208904792.1543,0x800046,1627.840576,,70009,1787208903164.3137,2060705026,70,A,accepted_event,70,2060705026,0,throughput
1,70208,210,7,1,0,1,69612,1787208904819.154,0x800048,1455.849609,,70208,1787208903363.3044,2060705026,72,A,accepted_event,72,2060705026,0,throughput
1,70309,211,7,1,0,1,69804,1787208905011.1516,0x800049,1546.851807,,70309,1787208903464.2998,2060705026,73,A,accepted_event,73,2060705026,0,throughput
1,70509,212,7,1,0,1,69867,1787208905074.151,0x80004b,1409.860352,,70509,1787208903664.2905,2060705026,75,A,accepted_event,75,2060705026,0,throughput
1,70609,213,7,1,0,1,69922,1787208905129.1501,0x80004c,1364.864258,,70609,1787208903764.286,2060705026,76,A,accepted_event,76,2060705026,0,throughput
1,70708,214,7,1,0,1,70460,1787208905667.1436,0x80004d,1803.862305,,70708,1787208903863.2812,2060705026,77,A,accepted_event,77,2060705026,0,throughput
1,70811,215,7,1,0,1,70743,1787208905950.1401,0x80004e,1984.86377,,70810,1787208903965.2764,2060705026,78,A,accepted_event,78,2060705026,0,throughput
1,70908,216,7,1,0,1,70770,1787208905977.1396,0x80004f,1913.867676,,70908,1787208904063.272,2060705026,79,A,accepted_event,79,2060705026,0,throughput
1,71008,217,7,1,0,1,70799,1787208906006.1394,0x800050,1842.87207,,71008,1787208904163.2673,2060705026,80,A,accepted_event,80,2060705026,0,throughput
1,71109,219,7,1,0,1,71109,1787208906316.1355,0x800051,2052.872803,,71108,1787208904263.2627,2060705026,81,A,accepted_event,81,2060705026,0,throughput
1,71209,221,7,1,0,1,71135,1787208906342.1353,0x800052,1978.877441,,71208,1787208904363.2578,2060705026,82,A,accepted_event,82,2060705026,0,throughput
1,71409,222,7,1,0,1,71160,1787208906367.1348,0x800054,1802.88623,,71409,1787208904564.2485,2060705026,84,A,accepted_event,84,2060705026,0,throughput
1,71509,223,7,1,0,1,71186,1787208906393.1345,0x800055,1729.890625,,71508,1787208904663.244,2060705026,85,A,accepted_event,85,2060705026,0,throughput
1,71709,224,7,1,0,1,71213,1787208906420.1343,0x800057,1556.899658,,71708,1787208904863.2346,2060705026,87,A,accepted_event,87,2060705026,0,throughput
1,71809,225,7,1,0,1,71379,1787208906586.132,0x800058,1621.9021,,71809,1787208904964.23,2060705026,88,A,accepted_event,88,2060705026,0,throughput
1,71909,226,7,1,0,1,71433,1787208906640.1316,0x800059,1575.90625,,71909,1787208905064.2253,2060705026,89,A,accepted_event,89,2060705026,0,throughput
1,72009,227,7,1,0,1,71744,1787208906951.1277,0x80005a,1786.906982,,72009,1787208905164.2207,2060705026,90,A,accepted_event,90,2060705026,0,throughput
1,72208,229,7,1,0,1,71771,1787208906978.1272,0x80005c,1614.915771,,72208,1787208905363.2114,2060705026,92,A,accepted_event,92,2060705026,0,throughput
1,72409,230,7,1,0,1,72052,1787208907259.1238,0x80005e,1694.921631,,72409,1787208905564.2021,2060705026,94,A,accepted_event,94,2060705026,0,throughput
1,72508,231,7,1,0,1,72082,1787208907289.1235,0x80005f,1625.926025,,72508,1787208905663.1975,2060705026,95,A,accepted_event,95,2060705026,0,throughput
1,72608,232,7,1,0,1,72110,1787208907317.123,0x800060,1553.930176,,72608,1787208905763.1929,2060705026,96,A,accepted_event,96,2060705026,0,throughput
1,72809,233,7,1,0,1,72137,1787208907344.1228,0x800062,1380.939453,,72808,1787208905963.1833,2060705026,98,A,accepted_event,98,2060705026,0,throughput
1,72908,234,7,1,0,1,72928,1787208908135.113,0x800063,2071.934326,,72908,1787208906063.1787,2060705026,99,A,accepted_event,99,2060705026,0,throughput
1,73008,235,7,1,0,1,72940,1787208908147.1128,0x800064,1983.938721,,73008,1787208906163.174,2060705026,100,A,accepted_event,100,2060705026,0,throughput
1,73209,238,7,1,0,1,73250,1787208908457.109,0x800066,2093.944092,,73208,1787208906363.1648,2060705026,102,A,accepted_event,102,2060705026,0,throughput
1,73309,239,7,1,0,1,73276,1787208908483.1086,0x800067,2019.948486,,73308,1787208906463.1602,2060705026,103,A,accepted_event,103,2060705026,0,throughput
1,73410,240,7,1,0,1,73303,1787208908510.1082,0x800068,1945.952637,,73409,1787208906564.1555,2060705026,104,A,accepted_event,104,2060705026,0,throughput
1,73509,241,7,1,0,1,73330,1787208908537.108,0x800069,1873.957031,,73508,1787208906663.151,2060705026,105,A,accepted_event,105,2060705026,0,throughput
1,73609,242,7,1,0,1,73356,1787208908563.1077,0x80006a,1799.961426,,73608,1787208906763.1462,2060705026,106,A,accepted_event,106,2060705026,0,throughput
1,73708,243,7,1,0,1,73641,1787208908848.104,0x80006b,1984.962402,,73708,1787208906863.1416,2060705026,107,A,accepted_event,107,2060705026,0,throughput
1,73808,245,7,1,0,1,75911,1787208911118.076,0x80006c,4154.938965,,73808,1787208906963.137,2060705026,108,A,accepted_event,108,2060705026,0,throughput
1,73908,246,7,1,0,1,75940,1787208911147.0754,0x80006d,4083.943115,,73908,1787208907063.1323,2060705026,109,A,accepted_event,109,2060705026,0,throughput
1,74009,247,7,1,0,1,75968,1787208911175.0752,0x80006e,4010.947754,,74009,1787208907164.1274,2060705026,110,A,accepted_event,110,2060705026,0,throughput
1,74109,249,0,1,0,0,,,0x80006f,,,74109,1787208907264.1228,2060705026,111,A,accepted_event,111,2060705026,0,throughput
1,74509,251,0,1,0,0,,,0x800073,,,74509,1787208907664.1042,2060705026,115,A,accepted_event,115,2060705026,0,throughput
1,74609,252,0,1,0,0,,,0x800074,,,74609,1787208907764.0996,2060705026,116,A,accepted_event,116,2060705026,0,throughput
1,74709,253,7,1,0,1,76528,1787208911735.0684,0x800075,3870.973389,,74709,1787208907864.095,2060705026,117,A,accepted_event,117,2060705026,0,throughput
1,74811,254,7,1,0,1,75995,1787208911202.075,0x800076,3235.984619,,74811,1787208907966.0903,2060705026,118,A,accepted_event,118,2060705026,0,throughput
1,74909,256,7,1,0,1,76307,1787208911514.071,0x800077,3450.985352,,74908,1787208908063.0857,2060705026,119,A,accepted_event,119,2060705026,0,throughput
1,75008,257,7,1,0,1,76335,1787208911542.0706,0x800078,3378.989502,,75008,1787208908163.081,2060705026,120,A,accepted_event,120,2060705026,0,throughput
1,75409,267,7,1,0,1,76278,1787208911485.0713,0x80007c,2921.008789,,75409,1787208908564.0625,2060705026,124,A,accepted_event,124,2060705026,0,throughput
1,75509,268,7,1,0,1,76514,1787208911721.0684,0x80007d,3058.010498,,75508,1787208908663.0579,2060705026,125,A,accepted_event,125,2060705026,0,throughput
1,75609,269,7,1,0,1,76557,1787208911764.0679,0x80007e,3001.014648,,75608,1787208908763.0532,2060705026,126,A,accepted_event,126,2060705026,0,throughput
1,75708,270,7,1,0,1,76586,1787208911793.0676,0x80007f,2930.019043,,75708,1787208908863.0486,2060705026,127,A,accepted_event,127,2060705026,0,throughput
1,76908,272,7,1,0,1,76869,1787208912076.064,0x80008b,2013.071289,,76908,1787208910062.9927,2060705026,139,A,accepted_event,139,2060705026,0,throughput
1,77009,273,7,1,0,1,76924,1787208912131.0632,0x80008c,1967.075195,,77009,1787208910163.988,2060705026,140,A,accepted_event,140,2060705026,0,throughput
1,77108,275,7,1,0,1,77270,1787208912477.059,0x80008d,2214.075684,,77108,1787208910262.9834,2060705026,141,A,accepted_event,141,2060705026,0,throughput
1,77209,276,7,1,0,1,77429,1787208912636.0571,0x80008e,2273.078369,,77208,1787208910362.9788,2060705026,142,A,accepted_event,142,2060705026,0,throughput
1,77509,278,7,1,0,1,77490,1787208912697.0564,0x800091,2033.091797,,77509,1787208910663.9646,2060705026,145,A,accepted_event,145,2060705026,0,throughput
1,77610,279,7,1,0,1,77517,1787208912724.056,0x800092,1960.095947,,77609,1787208910763.96,2060705026,146,A,accepted_event,146,2060705026,0,throughput
1,77809,280,7,1,0,1,77552,1787208912759.0554,0x800094,1796.104736,,77808,1787208910962.9507,2060705026,148,A,accepted_event,148,2060705026,0,throughput
1,77908,281,7,1,0,1,77833,1787208913040.052,0x800095,1977.105957,,77908,1787208911062.946,2060705026,149,A,accepted_event,149,2060705026,0,throughput
1,78113,282,7,1,0,1,77861,1787208913068.0518,0x800097,1801.115234,,78112,1787208911266.9365,2060705026,151,A,accepted_event,151,2060705026,0,throughput
1,78208,283,7,1,0,1,77888,1787208913095.0513,0x800098,1732.119141,,78208,1787208911362.9321,2060705026,152,A,accepted_event,152,2060705026,0,throughput
1,78410,285,7,1,0,1,77915,1787208913122.051,0x80009a,1558.128174,,78409,1787208911563.9229,2060705026,154,A,accepted_event,154,2060705026,0,throughput
1,78508,286,7,1,0,1,77941,1787208913148.0508,0x80009b,1485.132568,,78508,1787208911662.9182,2060705026,155,A,accepted_event,155,2060705026,0,throughput
1,78609,287,7,1,0,1,78268,1787208913475.0466,0x80009c,1712.133057,,78608,1787208911762.9136,2060705026,156,A,accepted_event,156,2060705026,0,throughput
1,78709,288,7,1,0,1,78372,1787208913579.0454,0x80009d,1715.136719,,78709,1787208911863.9087,2060705026,157,A,accepted_event,157,2060705026,0,throughput
1,78808,289,7,1,0,1,78424,1787208913631.0447,0x80009e,1668.140381,,78808,1787208911962.9043,2060705026,158,A,accepted_event,158,2060705026,0,throughput
1,78908,290,7,1,0,1,78492,1787208913699.044,0x80009f,1636.144287,,78908,1787208912062.8997,2060705026,159,A,accepted_event,159,2060705026,0,throughput
1,79009,291,7,1,0,1,78523,1787208913730.0435,0x8000a0,1567.148682,,79008,1787208912162.8948,2060705026,160,A,accepted_event,160,2060705026,0,throughput
1,79109,293,7,1,0,1,78578,1787208913785.0427,0x8000a1,1522.152588,,79108,1787208912262.8901,2060705026,161,A,accepted_event,161,2060705026,0,throughput
1,79209,294,7,1,0,1,79437,1787208914644.0322,0x8000a2,2280.146729,,79209,1787208912363.8855,2060705026,162,A,accepted_event,162,2060705026,0,throughput
1,79309,296,7,1,0,1,78790,1787208913997.0403,0x8000a3,1534.159424,,79308,1787208912462.8809,2060705026,163,A,accepted_event,163,2060705026,0,throughput
1,79409,297,7,1,0,1,79073,1787208914280.0366,0x8000a4,1716.1604,,79409,1787208912563.8762,2060705026,164,A,accepted_event,164,2060705026,0,throughput
1,79509,298,7,1,0,1,79100,1787208914307.0364,0x8000a5,1644.164795,,79508,1787208912662.8716,2060705026,165,A,accepted_event,165,2060705026,0,throughput
1,79609,299,7,1,0,1,79128,1787208914335.036,0x8000a6,1572.168945,,79608,1787208912762.867,2060705026,166,A,accepted_event,166,2060705026,0,throughput
1,79709,300,7,1,0,1,79411,1787208914618.0325,0x8000a7,1755.170166,,79708,1787208912862.8623,2060705026,167,A,accepted_event,167,2060705026,0,throughput
1,79808,301,7,1,0,1,79465,1787208914672.0317,0x8000a8,1709.174072,,79808,1787208912962.8577,2060705026,168,A,accepted_event,168,2060705026,0,throughput
1,79909,302,7,1,0,1,79491,1787208914698.0315,0x8000a9,1635.178467,,79908,1787208913062.853,2060705026,169,A,accepted_event,169,2060705026,0,throughput
1,80009,303,7,1,0,1,79520,1787208914727.031,0x8000aa,1564.182617,,80008,1787208913162.8484,2060705026,170,A,accepted_event,170,2060705026,0,throughput
1,80109,305,7,1,0,1,79575,1787208914782.0305,0x8000ab,1519.186768,,80108,1787208913262.8438,2060705026,171,A,accepted_event,171,2060705026,0,throughput
1,80210,306,7,1,0,1,79601,1787208914808.03,0x8000ac,1444.191162,,80209,1787208913363.8389,2060705026,172,A,accepted_event,172,2060705026,0,throughput
1,80310,308,7,1,0,1,79807,1787208915014.0276,0x8000ad,1550.193359,,80309,1787208913463.8342,2060705026,173,A,accepted_event,173,2060705026,0,throughput
1,80408,309,7,1,0,1,80383,1787208915590.0205,0x8000ae,2027.190674,,80408,1787208913562.8298,2060705026,174,A,accepted_event,174,2060705026,0,throughput
1,80508,310,7,1,0,1,80412,1787208915619.02,0x8000af,1956.195068,,80508,1787208913662.825,2060705026,175,A,accepted_event,175,2060705026,0,throughput
1,80608,311,7,1,0,1,79917,1787208915124.0261,0x8000b0,1361.205811,,80608,1787208913762.8203,2060705026,176,A,accepted_event,176,2060705026,0,throughput
1,80709,312,7,1,0,1,80198,1787208915405.0227,0x8000b1,1541.207031,,80709,1787208913863.8157,2060705026,177,A,accepted_event,177,2060705026,0,throughput
1,80808,313,7,1,0,1,80225,1787208915432.0225,0x8000b2,1469.211426,,80808,1787208913962.811,2060705026,178,A,accepted_event,178,2060705026,0,throughput
1,80909,314,7,1,0,1,80252,1787208915459.022,0x8000b3,1395.215576,,80909,1787208914063.8064,2060705026,179,A,accepted_event,179,2060705026,0,throughput
1,81009,315,7,1,0,1,80694,1787208915901.0166,0x8000b4,1738.214844,,81008,1787208914162.8018,2060705026,180,A,accepted_event,180,2060705026,0,throughput
1,81109,317,7,1,0,1,81006,1787208916213.0127,0x8000b5,1950.215576,,81108,1787208914262.797,2060705026,181,A,accepted_event,181,2060705026,0,throughput
1,81209,318,7,1,0,1,81287,1787208916494.0093,0x8000b6,2130.216797,,81209,1787208914363.7925,2060705026,182,A,accepted_event,182,2060705026,0,throughput
1,81309,320,7,1,0,1,82078,1787208917284.9993,0x8000b7,2821.211426,,81309,1787208914463.7878,2060705026,183,A,accepted_event,183,2060705026,0,throughput
1,81409,321,7,1,0,1,82089,1787208917295.9993,0x8000b8,2732.216064,,81409,1787208914563.7832,2060705026,184,A,accepted_event,184,2060705026,0,throughput
1,81508,322,7,1,0,1,82624,1787208917830.9927,0x8000b9,3168.214111,,81508,1787208914662.7786,2060705026,185,A,accepted_event,185,2060705026,0,throughput
1,81609,323,7,1,0,1,82654,1787208917860.9922,0x8000ba,3098.218262,,81608,1787208914762.774,2060705026,186,A,accepted_event,186,2060705026,0,throughput
1,81708,324,7,1,0,1,82682,1787208917888.992,0x8000bb,3026.222656,,81708,1787208914862.7693,2060705026,187,A,accepted_event,187,2060705026,0,throughput
1,81808,325,7,1,0,1,82710,1787208917916.9915,0x8000bc,2954.226807,,81808,1787208914962.7646,2060705026,188,A,accepted_event,188,2060705026,0,throughput
1,81909,326,7,1,0,1,82736,1787208917942.9912,0x8000bd,2879.231445,,81909,1787208915063.7598,2060705026,189,A,accepted_event,189,2060705026,0,throughput
1,82008,327,7,1,0,1,83018,1787208918224.9878,0x8000be,3062.232422,,82008,1787208915162.7554,2060705026,190,A,accepted_event,190,2060705026,0,throughput
1,82109,329,7,1,0,1,83072,1787208918278.987,0x8000bf,3016.236572,,82108,1787208915262.7505,2060705026,191,A,accepted_event,191,2060705026,0,throughput
1,82609,331,7,1,0,1,83099,1787208918305.9866,0x8000c4,2542.259277,,82609,1787208915763.7273,2060705026,196,A,accepted_event,196,2060705026,0,throughput
1,82709,332,7,1,0,1,83380,1787208918586.9832,0x8000c5,2723.260498,,82709,1787208915863.7227,2060705026,197,A,accepted_event,197,2060705026,0,throughput
1,83109,333,0,1,0,0,,,0x8000c9,,,83109,1787208916263.704,2060705026,201,A,accepted_event,201,2060705026,0,throughput
1,83408,335,0,1,0,0,,,0x8000cc,,,83408,1787208916562.6902,2060705026,204,A,accepted_event,204,2060705026,0,throughput
1,83510,336,0,1,0,0,,,0x8000cd,,,83509,1787208916663.6853,2060705026,205,A,accepted_event,205,2060705026,0,throughput
1,83609,337,0,1,0,0,,,0x8000ce,,,83608,1787208916762.6807,2060705026,206,A,accepted_event,206,2060705026,0,throughput
1,83710,338,0,1,0,0,,,0x8000cf,,,83709,1787208916863.676,2060705026,207,A,accepted_event,207,2060705026,0,throughput
1,83809,339,0,1,0,0,,,0x8000d0,,,83809,1787208916963.6714,2060705026,208,A,accepted_event,208,2060705026,0,throughput
1,83909,341,0,1,0,0,,,0x8000d1,,,83909,1787208917063.6667,2060705026,209,A,accepted_event,209,2060705026,0,throughput
1,84009,342,0,1,0,0,,,0x8000d2,,,84009,1787208917163.662,2060705026,210,A,accepted_event,210,2060705026,0,throughput
1,84108,344,0,1,0,0,,,0x8000d3,,,84108,1787208917262.6575,2060705026,211,A,accepted_event,211,2060705026,0,throughput
1,84212,345,0,1,0,0,,,0x8000d4,,,84211,1787208917365.6528,2060705026,212,A,accepted_event,212,2060705026,0,throughput
1,84309,347,7,1,0,1,86956,1787208922162.9387,0x8000d5,4700.290527,,84308,1787208917462.6482,2060705026,213,A,accepted_event,213,2060705026,0,throughput
1,84409,348,7,1,0,1,86985,1787208922191.9385,0x8000d6,4628.294922,,84409,1787208917563.6436,2060705026,214,A,accepted_event,214,2060705026,0,throughput
1,85108,350,7,1,0,1,87498,1787208922704.9321,0x8000dd,4442.321045,,85108,1787208918262.611,2060705026,221,A,accepted_event,221,2060705026,0,throughput
1,85209,354,7,1,0,1,87526,1787208922732.9316,0x8000de,4369.325439,,85209,1787208918363.6062,2060705026,222,A,accepted_event,222,2060705026,0,throughput
1,85708,361,7,1,0,1,87808,1787208923014.9282,0x8000e3,4152.345215,,85708,1787208918862.583,2060705026,227,A,accepted_event,227,2060705026,0,throughput
1,85809,362,7,1,0,1,87834,1787208923040.928,0x8000e4,4077.349609,,85809,1787208918963.5784,2060705026,228,A,accepted_event,228,2060705026,0,throughput
1,85909,363,7,1,0,1,88118,1787208923324.9243,0x8000e5,4262.350586,,85908,1787208919062.5737,2060705026,229,A,accepted_event,229,2060705026,0,throughput
1,86309,364,7,1,0,1,88145,1787208923351.924,0x8000e9,3888.368896,,86309,1787208919463.5552,2060705026,233,A,accepted_event,233,2060705026,0,throughput
1,86609,366,7,1,0,1,88171,1787208923377.9238,0x8000ec,3614.382812,,86609,1787208919763.541,2060705026,236,A,accepted_event,236,2060705026,0,throughput
1,87608,368,7,1,0,1,88200,1787208923406.9233,0x8000f6,2644.428711,,87608,1787208920762.4946,2060705026,246,A,accepted_event,246,2060705026,0,throughput
1,87910,369,7,1,0,1,88496,1787208923702.9197,0x8000f9,2638.439209,,87910,1787208921064.4805,2060705026,249,A,accepted_event,249,2060705026,0,throughput
1,88008,370,7,1,0,1,88525,1787208923731.9194,0x8000fa,2569.443359,,88008,1787208921162.476,2060705026,250,A,accepted_event,250,2060705026,0,throughput
1,88509,372,7,1,0,1,88553,1787208923759.919,0x8000ff,2096.466309,,88509,1787208921663.4526,2060705026,255,A,accepted_event,255,2060705026,0,throughput
1,89109,373,7,1,0,1,88580,1787208923786.9187,0x800105,1523.493896,,89109,1787208922263.4248,2060705026,261,A,accepted_event,261,2060705026,0,throughput
1,89609,375,7,1,0,1,88855,1787208924061.9153,0x80010a,1299.513672,,89608,1787208922762.4016,2060705026,266,A,accepted_event,266,2060705026,1,throughput
1,89708,376,7,1,0,1,89138,1787208924344.9116,0x80010b,1482.514648,,89708,1787208922862.397,2060705026,267,A,accepted_event,267,2060705026,1,throughput
1,89809,377,7,1,0,1,89420,1787208924626.9082,0x80010c,1664.516113,,89808,1787208922962.392,2060705026,268,A,accepted_event,268,2060705026,1,throughput
1,89909,378,7,1,0,1,90443,1787208925649.8955,0x80010d,2587.508057,,89908,1787208923062.3875,2060705026,269,A,accepted_event,269,2060705026,0,throughput
1,90008,379,7,1,0,1,90470,1787208925676.8953,0x80010e,2514.512451,,90008,1787208923162.3828,2060705026,270,A,accepted_event,270,2060705026,0,throughput
1,90109,381,7,1,0,1,90780,1787208925986.8914,0x80010f,2723.513184,,90109,1787208923263.3782,2060705026,271,A,accepted_event,271,2060705026,0,throughput
1,90209,382,7,1,0,1,90807,1787208926013.891,0x800110,2651.517578,,90208,1787208923362.3735,2060705026,272,A,accepted_event,272,2060705026,0,throughput
1,90408,384,7,1,0,1,90835,1787208926041.8906,0x800112,2479.526367,,90408,1787208923562.3643,2060705026,274,A,accepted_event,274,2060705026,0,throughput
1,90508,385,7,1,0,1,91120,1787208926326.8872,0x800113,2664.527588,,90508,1787208923662.3596,2060705026,275,A,accepted_event,275,2060705026,0,throughput
1,90609,386,7,1,0,1,91403,1787208926609.8835,0x800114,2847.528564,,90608,1787208923762.355,2060705026,276,A,accepted_event,276,2060705026,0,throughput
1,90909,387,0,1,0,0,,,0x800117,,,90908,1787208924062.341,2060705026,279,A,accepted_event,279,2060705026,0,throughput
1,91208,388,0,1,0,0,,,0x80011a,,,91208,1787208924362.3271,2060705026,282,A,accepted_event,282,2060705026,0,throughput
1,91308,389,0,1,0,0,,,0x80011b,,,91308,1787208924462.3225,2060705026,283,A,accepted_event,283,2060705026,0,throughput
1,91409,391,0,1,0,0,,,0x80011c,,,91408,1787208924562.3176,2060705026,284,A,accepted_event,284,2060705026,0,throughput
1,91508,392,0,1,0,0,,,0x80011d,,,91508,1787208924662.313,2060705026,285,A,accepted_event,285,2060705026,0,throughput
1,91608,393,0,1,0,0,,,0x80011e,,,91608,1787208924762.3083,2060705026,286,A,accepted_event,286,2060705026,0,throughput
1,91709,394,0,1,0,0,,,0x80011f,,,91709,1787208924863.3037,2060705026,287,A,accepted_event,287,2060705026,0,throughput
1,91809,395,0,1,0,0,,,0x800120,,,91808,1787208924962.299,2060705026,288,A,accepted_event,288,2060705026,0,throughput
1,91909,396,0,1,0,0,,,0x800121,,,91909,1787208925063.2944,2060705026,289,A,accepted_event,289,2060705026,0,throughput
1,92008,397,0,1,0,0,,,0x800122,,,92008,1787208925162.2898,2060705026,290,A,accepted_event,290,2060705026,0,throughput
1,92109,399,0,1,0,0,,,0x800123,,,92109,1787208925263.2852,2060705026,291,A,accepted_event,291,2060705026,0,throughput
1,92209,400,0,1,0,0,,,0x800124,,,92209,1787208925363.2805,2060705026,292,A,accepted_event,292,2060705026,0,throughput
1,93009,402,7,1,0,1,95824,1787208931030.8289,0x80012c,4868.585693,,93008,1787208926162.2432,2060705026,300,A,accepted_event,300,2060705026,1,throughput
1,93109,404,7,1,0,1,96391,1787208931597.8218,0x80012d,5335.583252,,93108,1787208926262.2385,2060705026,301,A,accepted_event,301,2060705026,1,throughput
1,93209,405,7,1,0,1,96418,1787208931624.8213,0x80012e,5261.587402,,93209,1787208926363.234,2060705026,302,A,accepted_event,302,2060705026,1,throughput
1,93308,406,7,1,0,1,96445,1787208931651.821,0x80012f,5189.591797,,93308,1787208926462.2292,2060705026,303,A,accepted_event,303,2060705026,1,throughput
1,93408,408,7,1,0,1,96473,1787208931679.8208,0x800130,5117.596191,,93408,1787208926562.2246,2060705026,304,A,accepted_event,304,2060705026,1,throughput
1,93509,409,7,1,0,1,96500,1787208931706.8203,0x800131,5043.600342,,93509,1787208926663.22,2060705026,305,A,accepted_event,305,2060705026,1,throughput
1,93610,410,7,1,0,1,96527,1787208931733.82,0x800132,4970.604736,,93609,1787208926763.2153,2060705026,306,A,accepted_event,306,2060705026,1,throughput
1,97909,425,7,1,0,1,96816,1787208932022.8164,0x80015d,959.80127,,97909,1787208931063.0151,2060705026,349,A,accepted_event,349,2060705026,0,throughput
1,98008,426,7,1,0,1,96844,1787208932050.8162,0x80015e,888.805664,,98008,1787208931162.0105,2060705026,350,A,accepted_event,350,2060705026,0,throughput
1,98108,428,7,1,0,1,97099,1787208932305.813,0x80015f,1043.807129,,98108,1787208931262.0059,2060705026,351,A,accepted_event,351,2060705026,0,throughput
1,98209,429,7,1,0,1,97384,1787208932590.8093,0x800160,1227.808105,,98209,1787208931363.0012,2060705026,352,A,accepted_event,352,2060705026,0,throughput
1,98309,430,7,1,0,1,97412,1787208932618.809,0x800161,1155.8125,,98309,1787208931462.9966,2060705026,353,A,accepted_event,353,2060705026,0,throughput
1,98408,432,7,1,0,1,97440,1787208932646.8086,0x800162,1084.81665,,98408,1787208931561.992,2060705026,354,A,accepted_event,354,2060705026,0,throughput
1,98509,433,7,1,0,1,97467,1787208932673.8083,0x800163,1010.821045,,98509,1787208931662.9873,2060705026,355,A,accepted_event,355,2060705026,0,throughput
1,98609,434,7,1,0,1,97686,1787208932892.8057,0x800164,1129.822998,,98609,1787208931762.9827,2060705026,356,A,accepted_event,356,2060705026,0,throughput
1,98709,435,7,1,0,1,97718,1787208932924.8052,0x800165,1061.827148,,98709,1787208931862.978,2060705026,357,A,accepted_event,357,2060705026,0,throughput
1,98809,436,7,1,0,1,98000,1787208933206.8018,0x800166,1244.828369,,98808,1787208931961.9734,2060705026,358,A,accepted_event,358,2060705026,0,throughput
1,98908,437,7,1,0,1,98028,1787208933234.8015,0x800167,1172.832764,,98908,1787208932061.9688,2060705026,359,A,accepted_event,359,2060705026,0,throughput
1,99009,438,7,1,0,1,98055,1787208933261.801,0x800168,1098.837158,,99009,1787208932162.9639,2060705026,360,A,accepted_event,360,2060705026,0,throughput
1,99109,440,7,1,0,1,98109,1787208933315.8003,0x800169,1052.841064,,99109,1787208932262.9592,2060705026,361,A,accepted_event,361,2060705026,0,throughput
1,99208,441,7,1,0,1,98397,1787208933603.7969,0x80016a,1241.842285,,99208,1787208932361.9546,2060705026,362,A,accepted_event,362,2060705026,0,throughput
1,99309,442,7,1,0,1,98679,1787208933885.7932,0x80016b,1422.843262,,99309,1787208932462.95,2060705026,363,A,accepted_event,363,2060705026,0,throughput
1,99409,443,7,1,0,1,98962,1787208934168.7898,0x80016c,1606.844482,,99408,1787208932561.9453,2060705026,364,A,accepted_event,364,2060705026,0,throughput
1,99508,445,7,1,0,1,98988,1787208934194.7896,0x80016d,1532.848877,,99508,1787208932661.9407,2060705026,365,A,accepted_event,365,2060705026,0,throughput
1,99609,446,7,1,0,1,99015,1787208934221.789,0x80016e,1458.853027,,99609,1787208932762.936,2060705026,366,A,accepted_event,366,2060705026,0,throughput
1,99809,447,7,1,0,1,99299,1787208934505.7856,0x800170,1542.858887,,99809,1787208932962.9268,2060705026,368,A,accepted_event,368,2060705026,0,throughput
1,99910,448,7,1,0,1,99326,1787208934532.7854,0x800171,1469.863281,,99909,1787208933062.922,2060705026,369,A,accepted_event,369,2060705026,0,throughput
1,100008,449,7,1,0,1,99354,1787208934560.785,0x800172,1398.867432,,100008,1787208933161.9175,2060705026,370,A,accepted_event,370,2060705026,0,throughput
1,100109,451,7,1,0,1,99916,1787208935122.778,0x800173,1860.865234,,100108,1787208933261.9128,2060705026,371,A,accepted_event,371,2060705026,0,throughput
1,100210,452,7,1,0,1,99943,1787208935149.7776,0x800174,1786.869385,,100209,1787208933362.9082,2060705026,372,A,accepted_event,372,2060705026,0,throughput
1,100309,453,7,1,0,1,99970,1787208935176.7773,0x800175,1713.873779,,100309,1787208933462.9036,2060705026,373,A,accepted_event,373,2060705026,0,throughput
1,100409,454,7,1,0,1,99999,1787208935205.7769,0x800176,1642.878174,,100409,1787208933562.8987,2060705026,374,A,accepted_event,374,2060705026,0,throughput
1,100509,456,7,1,0,1,100026,1787208935232.7766,0x800177,1569.882568,,100509,1787208933662.894,2060705026,375,A,accepted_event,375,2060705026,0,throughput
1,100809,457,7,1,0,1,100052,1787208935258.7764,0x80017a,1296.89624,,100808,1787208933961.8801,2060705026,378,A,accepted_event,378,2060705026,0,throughput
1,100909,458,7,1,0,1,100078,1787208935284.776,0x80017b,1221.900391,,100909,1787208934062.8755,2060705026,379,A,accepted_event,379,2060705026,0,throughput
1,101008,459,7,1,0,1,100299,1787208935505.7732,0x80017c,1343.902344,,101008,1787208934161.8708,2060705026,380,A,accepted_event,380,2060705026,0,throughput
1,101108,461,7,1,0,1,100464,1787208935670.7712,0x80017d,1408.905029,,101108,1787208934261.8662,2060705026,381,A,accepted_event,381,2060705026,0,throughput
1,101209,462,7,1,0,1,100520,1787208935726.7705,0x80017e,1364.908936,,101208,1787208934361.8616,2060705026,382,A,accepted_event,382,2060705026,0,throughput
1,101309,463,7,1,0,1,100580,1787208935786.7698,0x80017f,1323.912842,,101309,1787208934462.857,2060705026,383,A,accepted_event,383,2060705026,0,throughput
1,101408,464,7,1,0,1,100728,1787208935934.7678,0x800180,1372.915527,,101408,1787208934561.8523,2060705026,384,A,accepted_event,384,2060705026,0,throughput
1,101508,466,7,1,0,1,101009,1787208936215.7644,0x800181,1553.916748,,101508,1787208934661.8477,2060705026,385,A,accepted_event,385,2060705026,0,throughput
1,101610,467,7,1,0,1,101037,1787208936243.7642,0x800182,1480.921143,,101609,1787208934762.843,2060705026,386,A,accepted_event,386,2060705026,0,throughput
1,101709,468,7,1,0,1,101064,1787208936270.7637,0x800183,1408.925293,,101708,1787208934861.8384,2060705026,387,A,accepted_event,387,2060705026,0,throughput
1,101809,469,7,1,0,1,101348,1787208936554.7603,0x800184,1592.926514,,101808,1787208934961.8337,2060705026,388,A,accepted_event,388,2060705026,0,throughput
1,101910,470,7,1,0,1,101374,1787208936580.7598,0x800185,1517.930908,,101909,1787208935062.8289,2060705026,389,A,accepted_event,389,2060705026,0,throughput
1,102008,471,7,1,0,1,101399,1787208936605.7595,0x800186,1443.935059,,102008,1787208935161.8245,2060705026,390,A,accepted_event,390,2060705026,0,throughput
1,102109,473,7,1,0,1,101521,1787208936727.758,0x800187,1465.938232,,102108,1787208935261.8198,2060705026,391,A,accepted_event,391,2060705026,0,throughput
1,102210,474,7,1,0,1,101580,1787208936786.7573,0x800188,1423.942383,,102209,1787208935362.815,2060705026,392,A,accepted_event,392,2060705026,0,throughput
1,102309,475,7,1,0,1,101726,1787208936932.7556,0x800189,1469.945312,,102309,1787208935462.8103,2060705026,393,A,accepted_event,393,2060705026,0,throughput
1,102410,476,7,1,0,1,101970,1787208937176.7524,0x80018a,1613.946777,,102409,1787208935562.8057,2060705026,394,A,accepted_event,394,2060705026,0,throughput
1,102508,478,7,1,0,1,101997,1787208937203.7522,0x80018b,1541.951172,,102508,1787208935661.801,2060705026,395,A,accepted_event,395,2060705026,0,throughput
1,102609,479,7,1,0,1,102280,1787208937486.7485,0x80018c,1723.952148,,102609,1787208935762.7964,2060705026,396,A,accepted_event,396,2060705026,0,throughput
1,102709,480,7,1,0,1,102308,1787208937514.7483,0x80018d,1651.956543,,102709,1787208935862.7917,2060705026,397,A,accepted_event,397,2060705026,0,throughput
1,102808,481,7,1,0,1,102336,1787208937542.7478,0x80018e,1580.960693,,102808,1787208935961.787,2060705026,398,A,accepted_event,398,2060705026,0,throughput
1,102909,482,7,1,0,1,102364,1787208937570.7476,0x80018f,1507.965088,,102909,1787208936062.7825,2060705026,399,A,accepted_event,399,2060705026,0,throughput
1,103009,483,7,1,0,1,102391,1787208937597.7473,0x800190,1434.969482,,103009,1787208936162.7778,2060705026,400,A,accepted_event,400,2060705026,0,throughput
1,103112,485,7,1,0,1,102446,1787208937652.7466,0x800191,1387.973633,,103111,1787208936264.773,2060705026,401,A,accepted_event,401,2060705026,0,throughput
1,103209,486,7,1,0,1,102474,1787208937680.746,0x800192,1317.977539,,103209,1787208936362.7686,2060705026,402,A,accepted_event,402,2060705026,0,throughput
1,103309,487,7,1,0,1,102503,1787208937709.7458,0x800193,1247.981934,,103308,1787208936461.764,2060705026,403,A,accepted_event,403,2060705026,0,throughput
1,103409,488,7,1,0,1,102530,1787208937736.7456,0x800194,1174.986328,,103408,1787208936561.7593,2060705026,404,A,accepted_event,404,2060705026,0,throughput
1,103510,490,7,1,0,1,102579,1787208937785.7449,0x800195,1122.990479,,103509,1787208936662.7544,2060705026,405,A,accepted_event,405,2060705026,0,throughput
1,103608,491,7,1,0,1,102796,1787208938002.7422,0x800196,1240.992188,,103608,1787208936761.75,2060705026,406,A,accepted_event,406,2060705026,0,throughput
1,103708,492,7,1,0,1,103079,1787208938285.7388,0x800197,1423.993408,,103708,1787208936861.7454,2060705026,407,A,accepted_event,407,2060705026,0,throughput
1,103809,493,7,1,0,1,103107,1787208938313.7383,0x800198,1351.997803,,103808,1787208936961.7405,2060705026,408,A,accepted_event,408,2060705026,0,throughput
1,103909,494,7,1,0,1,103252,1787208938458.7366,0x800199,1397.000732,,103908,1787208937061.7358,2060705026,409,A,accepted_event,409,2060705026,0,throughput
1,104010,496,0,1,0,0,,,0x80019a,,,104009,1787208937162.7312,2060705026,410,A,accepted_event,410,2060705026,0,throughput
1,104110,498,7,1,0,1,104843,1787208940049.7168,0x80019b,2786.990234,,104109,1787208937262.7266,2060705026,411,A,accepted_event,411,2060705026,0,throughput
1,104209,499,0,1,0,0,,,0x80019c,,,104209,1787208937362.722,2060705026,412,A,accepted_event,412,2060705026,0,throughput
1,104309,500,0,1,0,0,,,0x80019d,,,104308,1787208937461.7173,2060705026,413,A,accepted_event,413,2060705026,0,throughput
1,104409,501,0,1,0,0,,,0x80019e,,,104409,1787208937562.7126,2060705026,414,A,accepted_event,414,2060705026,0,throughput
1,104608,503,0,1,0,0,,,0x8001a0,,,104608,1787208937761.7034,2060705026,416,A,accepted_event,416,2060705026,0,throughput
1,104709,504,0,1,0,0,,,0x8001a1,,,104709,1787208937862.6987,2060705026,417,A,accepted_event,417,2060705026,0,throughput
1,104809,505,0,1,0,0,,,0x8001a2,,,104809,1787208937962.694,2060705026,418,A,accepted_event,418,2060705026,0,throughput
1,104908,506,0,1,0,0,,,0x8001a3,,,104908,1787208938061.6895,2060705026,419,A,accepted_event,419,2060705026,0,throughput
1,105008,508,0,1,0,0,,,0x8001a4,,,105008,1787208938161.6848,2060705026,420,A,accepted_event,420,2060705026,0,throughput
1,105309,513,0,1,0,0,,,0x8001a7,,,105309,1787208938462.6707,2060705026,423,A,accepted_event,423,2060705026,0,throughput
1,105408,517,0,1,0,0,,,0x8001a8,,,105408,1787208938561.666,2060705026,424,A,accepted_event,424,2060705026,0,throughput
1,105508,520,0,1,0,0,,,0x8001a9,,,105508,1787208938661.6614,2060705026,425,A,accepted_event,425,2060705026,0,throughput
1,105609,521,0,1,0,0,,,0x8001aa,,,105609,1787208938762.6567,2060705026,426,A,accepted_event,426,2060705026,0,throughput
1,105708,522,7,1,0,1,109354,1787208944560.661,0x8001ab,5699.008789,,105708,1787208938861.652,2060705026,427,A,accepted_event,427,2060705026,0,throughput
1,106910,524,7,1,0,1,109725,1787208944931.6562,0x8001b7,4869.060059,,106909,1787208940062.5962,2060705026,439,A,accepted_event,439,2060705026,1,throughput
1,107008,525,7,1,0,1,110262,1787208945468.6497,0x8001b8,5307.058105,,107008,1787208940161.5916,2060705026,440,A,accepted_event,440,2060705026,1,throughput
1,107109,527,7,1,0,1,110572,1787208945778.6458,0x8001b9,5516.058838,,107109,1787208940262.587,2060705026,441,A,accepted_event,441,2060705026,1,throughput
1,107208,528,7,1,0,1,110599,1787208945805.6453,0x8001ba,5444.062988,,107208,1787208940361.5823,2060705026,442,A,accepted_event,442,2060705026,1,throughput
1,107309,529,7,1,0,1,110626,1787208945832.645,0x8001bb,5371.067383,,107308,1787208940461.5776,2060705026,443,A,accepted_event,443,2060705026,1,throughput
1,107409,530,7,1,0,1,110652,1787208945858.6448,0x8001bc,5297.071777,,107408,1787208940561.573,2060705026,444,A,accepted_event,444,2060705026,1,throughput
1,107509,532,7,1,0,1,110679,1787208945885.6443,0x8001bd,5223.075928,,107509,1787208940662.5684,2060705026,445,A,accepted_event,445,2060705026,1,throughput
1,111809,537,7,1,0,1,110706,1787208945912.644,0x8001e8,950.275879,,111809,1787208944962.3682,2060705026,488,A,accepted_event,488,2060705026,0,throughput
1,111908,538,7,1,0,1,110735,1787208945941.6438,0x8001e9,880.280273,,111908,1787208945061.3635,2060705026,489,A,accepted_event,489,2060705026,0,throughput
1,112009,539,7,1,0,1,111016,1787208946222.6401,0x8001ea,1060.28125,,112009,1787208945162.359,2060705026,490,A,accepted_event,490,2060705026,0,throughput
1,112109,541,0,1,0,0,,,0x8001eb,,,112108,1787208945261.3542,2060705026,491,A,accepted_event,491,2060705026,0,throughput
1,112208,542,7,1,0,1,111325,1787208946531.6365,0x8001ec,1170.286865,,112208,1787208945361.3496,2060705026,492,A,accepted_event,492,2060705026,0,throughput
1,112308,543,7,1,0,1,111606,1787208946812.6328,0x8001ed,1351.287842,,112308,1787208945461.345,2060705026,493,A,accepted_event,493,2060705026,0,throughput
1,112410,544,7,1,0,1,111634,1787208946840.6326,0x8001ee,1278.292236,,112409,1787208945562.3403,2060705026,494,A,accepted_event,494,2060705026,0,throughput
1,112509,545,7,1,0,1,111662,1787208946868.632,0x8001ef,1207.296387,,112508,1787208945661.3357,2060705026,495,A,accepted_event,495,2060705026,0,throughput
1,112609,547,7,1,0,1,111689,1787208946895.6318,0x8001f0,1134.300781,,112608,1787208945761.331,2060705026,496,A,accepted_event,496,2060705026,0,throughput
1,112710,548,7,1,0,1,111716,1787208946922.6316,0x8001f1,1060.30542,,112709,1787208945862.3262,2060705026,497,A,accepted_event,497,2060705026,0,throughput
1,112809,549,7,1,0,1,111743,1787208946949.631,0x8001f2,988.309326,,112808,1787208945961.3218,2060705026,498,A,accepted_event,498,2060705026,0,throughput
1,112909,550,7,1,0,1,115726,1787208950932.5818,0x8001f3,4871.264648,,112908,1787208946061.3171,2060705026,499,A,accepted_event,499,2060705026,1,throughput
1,113008,551,7,1,0,1,116006,1787208951212.5784,0x8001f4,5051.266113,,113008,1787208946161.3123,2060705026,500,A,accepted_event,500,2060705026,1,throughput
1,113109,553,7,1,0,1,116316,1787208951522.5745,0x8001f5,5260.266846,,113109,1787208946262.3076,2060705026,501,A,accepted_event,501,2060705026,1,throughput
1,113208,554,7,1,0,1,116854,1787208952060.5676,0x8001f6,5699.264648,,113208,1787208946361.303,2060705026,502,A,accepted_event,502,2060705026,1,throughput
1,113309,555,7,1,0,1,116882,1787208952088.5674,0x8001f7,5626.269043,,113309,1787208946462.2983,2060705026,503,A,accepted_event,503,2060705026,1,throughput
1,113408,556,7,1,0,1,116911,1787208952117.5671,0x8001f8,5556.273438,,113408,1787208946561.2937,2060705026,504,A,accepted_event,504,2060705026,1,throughput
1,113508,557,7,1,0,1,116939,1787208952145.5667,0x8001f9,5484.277588,,113508,1787208946661.289,2060705026,505,A,accepted_event,505,2060705026,1,throughput
1,117808,573,7,1,0,1,116966,1787208952172.5664,0x800224,1211.477539,,117808,1787208950961.0889,2060705026,548,A,accepted_event,548,2060705026,0,throughput
1,117910,574,7,1,0,1,116991,1787208952197.566,0x800225,1135.481689,,117909,1787208951062.0842,2060705026,549,A,accepted_event,549,2060705026,0,throughput
1,118008,575,7,1,0,1,117017,1787208952223.5657,0x800226,1062.486084,,118008,1787208951161.0796,2060705026,550,A,accepted_event,550,2060705026,0,throughput
1,118109,577,7,1,0,1,117262,1787208952468.5627,0x800227,1206.487793,,118109,1787208951262.075,2060705026,551,A,accepted_event,551,2060705026,0,throughput
1,118208,578,7,1,0,1,117800,1787208953006.556,0x800228,1645.485596,,118208,1787208951361.0703,2060705026,552,A,accepted_event,552,2060705026,0,throughput
1,118309,579,7,1,0,1,117828,1787208953034.5557,0x800229,1572.48999,,118309,1787208951462.0657,2060705026,553,A,accepted_event,553,2060705026,0,throughput
1,118408,580,7,1,0,1,117855,1787208953061.5554,0x80022a,1500.494385,,118408,1787208951561.061,2060705026,554,A,accepted_event,554,2060705026,0,throughput
1,118510,581,7,1,0,1,117883,1787208953089.555,0x80022b,1427.498535,,118509,1787208951662.0564,2060705026,555,A,accepted_event,555,2060705026,0,throughput
1,118608,582,7,1,0,1,117910,1787208953116.5547,0x80022c,1355.50293,,118608,1787208951761.0518,2060705026,556,A,accepted_event,556,2060705026,0,throughput
1,118709,584,7,1,0,1,117937,1787208953143.5542,0x80022d,1282.50708,,118708,1787208951861.047,2060705026,557,A,accepted_event,557,2060705026,0,throughput
1,118808,585,7,1,0,1,118219,1787208953425.5508,0x80022e,1464.508301,,118808,1787208951961.0425,2060705026,558,A,accepted_event,558,2060705026,0,throughput
1,118910,586,7,1,0,1,118317,1787208953523.5496,0x80022f,1461.511963,,118909,1787208952062.0376,2060705026,559,A,accepted_event,559,2060705026,0,throughput
1,119008,587,7,1,0,1,118602,1787208953808.5461,0x800230,1647.512939,,119008,1787208952161.0332,2060705026,560,A,accepted_event,560,2060705026,0,throughput
1,119109,589,7,1,0,1,118913,1787208954119.5422,0x800231,1858.513672,,119108,1787208952261.0286,2060705026,561,A,accepted_event,561,2060705026,0,throughput
1,119208,590,7,1,0,1,118942,1787208954148.5417,0x800232,1787.518066,,119208,1787208952361.0237,2060705026,562,A,accepted_event,562,2060705026,0,throughput
1,119308,591,7,1,0,1,118969,1787208954175.5415,0x800233,1714.522461,,119308,1787208952461.019,2060705026,563,A,accepted_event,563,2060705026,0,throughput
1,119408,592,7,1,0,1,118997,1787208954203.541,0x800234,1642.526611,,119408,1787208952561.0144,2060705026,564,A,accepted_event,564,2060705026,0,throughput
1,119509,593,7,1,0,1,119531,1787208954737.5344,0x800235,2075.524658,,119509,1787208952662.0098,2060705026,565,A,accepted_event,565,2060705026,0,throughput
1,119609,594,7,1,0,1,120555,1787208955761.5217,0x800236,3000.516602,,119608,1787208952761.0051,2060705026,566,A,accepted_event,566,2060705026,0,throughput
1,119709,595,7,1,0,1,120583,1787208955789.5215,0x800237,2927.520996,,119709,1787208952862.0005,2060705026,567,A,accepted_event,567,2060705026,0,throughput
1,119808,597,7,1,0,1,120609,1787208955815.5212,0x800238,2854.525391,,119808,1787208952960.9958,2060705026,568,A,accepted_event,568,2060705026,0,throughput
1,119909,598,7,1,0,1,120635,1787208955841.5208,0x800239,2780.529541,,119908,1787208953060.9912,2060705026,569,A,accepted_event,569,2060705026,0,throughput
1,120709,599,7,1,0,1,121121,1787208956327.515,0x800241,2466.560791,,120708,1787208953860.954,2060705026,577,A,accepted_event,577,2060705026,1,throughput
1,120808,601,7,1,0,1,121149,1787208956355.5144,0x800242,2394.565186,,120808,1787208953960.9492,2060705026,578,A,accepted_event,578,2060705026,1,throughput
1,120908,602,7,1,0,1,121432,1787208956638.511,0x800243,2577.566406,,120908,1787208954060.9446,2060705026,579,A,accepted_event,579,2060705026,1,throughput
1,121009,603,7,1,0,1,121460,1787208956666.5105,0x800244,2504.570557,,121009,1787208954161.94,2060705026,580,A,accepted_event,580,2060705026,1,throughput
1,121108,605,7,1,0,1,121516,1787208956722.5098,0x800245,2461.574463,,121108,1787208954260.9353,2060705026,581,A,accepted_event,581,2060705026,1,throughput
1,121209,606,7,1,0,1,121544,1787208956750.5095,0x800246,2388.578857,,121209,1787208954361.9307,2060705026,582,A,accepted_event,582,2060705026,1,throughput
1,121309,607,7,1,0,1,121829,1787208957035.506,0x800247,2574.580078,,121308,1787208954460.926,2060705026,583,A,accepted_event,583,2060705026,1,throughput
1,513008,1757,7,1,1,1,510950,1787209346151.6765,0x800400,8.981934,,513008,1787209346142.6946,2060705026,0,A,accepted_event,0,2060705026,0,throughput
1,513108,1759,7,1,1,1,511048,1787209346249.6753,0x800401,6.985352,,513108,1787209346242.69,2060705026,1,A,accepted_event,1,2060705026,0,throughput
1,513209,1760,7,1,1,1,511152,1787209346353.6738,0x800402,9.988525,,513209,1787209346343.6853,2060705026,2,A,accepted_event,2,2060705026,0,throughput
1,513309,1761,7,1,1,1,511251,1787209346452.6726,0x800403,8.991943,,513309,1787209346443.6807,2060705026,3,A,accepted_event,3,2060705026,0,throughput
1,513408,1762,7,1,1,1,511349,1787209346550.6714,0x800404,7.995361,,513408,1787209346542.676,2060705026,4,A,accepted_event,4,2060705026,0,throughput
1,513508,1764,7,1,1,1,511630,1787209346831.668,0x800405,188.996582,,513508,1787209346642.6714,2060705026,5,A,accepted_event,5,2060705026,0,throughput
1,513609,1765,7,1,1,1,511913,1787209347114.6646,0x800406,370.997803,,513609,1787209346743.6667,2060705026,6,A,accepted_event,6,2060705026,0,throughput
1,513708,1766,7,1,1,1,511940,1787209347141.664,0x800407,299.001953,,513708,1787209346842.662,2060705026,7,A,accepted_event,7,2060705026,0,throughput
1,513809,1767,7,1,1,1,511969,1787209347170.6638,0x800408,227.006592,,513809,1787209346943.6572,2060705026,8,A,accepted_event,8,2060705026,0,throughput
1,513909,1768,7,1,1,1,511997,1787209347198.6633,0x800409,156.010498,,513908,1787209347042.6528,2060705026,9,A,accepted_event,9,2060705026,0,throughput
1,514009,1769,7,1,1,1,512024,1787209347225.663,0x80040a,83.014893,,514008,1787209347142.6482,2060705026,10,A,accepted_event,10,2060705026,0,throughput
1,514108,1771,7,1,1,1,512260,1787209347461.6602,0x80040b,219.016846,,514108,1787209347242.6433,2060705026,11,A,accepted_event,11,2060705026,0,throughput
1,514208,1772,7,1,1,1,512544,1787209347745.6567,0x80040c,403.018066,,514208,1787209347342.6387,2060705026,12,A,accepted_event,12,2060705026,0,throughput
1,514308,1773,7,1,1,1,512571,1787209347772.6562,0x80040d,330.022217,,514308,1787209347442.634,2060705026,13,A,accepted_event,13,2060705026,0,throughput
1,514409,1774,7,1,1,1,512598,1787209347799.656,0x80040e,257.026611,,514408,1787209347542.6294,2060705026,14,A,accepted_event,14,2060705026,0,throughput
1,514509,1776,7,1,1,1,512631,1787209347832.6555,0x80040f,189.030762,,514509,1787209347643.6248,2060705026,15,A,accepted_event,15,2060705026,0,throughput
1,514609,1777,7,1,1,1,512735,1787209347936.6543,0x800410,194.03418,,514608,1787209347742.62,2060705026,16,A,accepted_event,16,2060705026,0,throughput
1,514708,1778,7,1,1,1,513016,1787209348217.651,0x800411,375.0354,,514708,1787209347842.6155,2060705026,17,A,accepted_event,17,2060705026,0,throughput
1,514808,1779,7,1,1,1,513047,1787209348248.6504,0x800412,306.039551,,514808,1787209347942.6108,2060705026,18,A,accepted_event,18,2060705026,0,throughput
1,514908,1780,7,1,1,1,513330,1787209348531.647,0x800413,489.040771,,514908,1787209348042.6062,2060705026,19,A,accepted_event,19,2060705026,0,throughput
1,515008,1781,7,1,1,1,513611,1787209348812.6433,0x800414,670.041748,,515008,1787209348142.6016,2060705026,20,A,accepted_event,20,2060705026,0,throughput
1,515109,1783,7,1,1,1,514177,1787209349378.6365,0x800415,1135.039551,,515109,1787209348243.597,2060705026,21,A,accepted_event,21,2060705026,0,throughput
1,515209,1784,7,1,1,1,514204,1787209349405.636,0x800416,1062.043701,,515209,1787209348343.5923,2060705026,22,A,accepted_event,22,2060705026,0,throughput
1,515310,1785,7,1,1,1,514231,1787209349432.6357,0x800417,989.04834,,515309,1787209348443.5874,2060705026,23,A,accepted_event,23,2060705026,0,throughput
1,515408,1786,7,1,1,1,514257,1787209349458.6353,0x800418,916.052246,,515408,1787209348542.583,2060705026,24,A,accepted_event,24,2060705026,0,throughput
1,515508,1788,7,1,1,1,514286,1787209349487.635,0x800419,845.056641,,515508,1787209348642.5784,2060705026,25,A,accepted_event,25,2060705026,0,throughput
1,515608,1789,7,1,1,1,514314,1787209349515.6348,0x80041a,773.061279,,515608,1787209348742.5735,2060705026,26,A,accepted_event,26,2060705026,0,throughput
1,515708,1790,7,1,1,1,514342,1787209349543.6343,0x80041b,701.06543,,515708,1787209348842.5688,2060705026,27,A,accepted_event,27,2060705026,0,throughput
1,515809,1791,7,1,1,1,514631,1787209349832.6306,0x80041c,889.066406,,515809,1787209348943.5642,2060705026,28,A,accepted_event,28,2060705026,0,throughput
1,515908,1792,7,1,1,1,514915,1787209350116.6272,0x80041d,1074.067627,,515908,1787209349042.5596,2060705026,29,A,accepted_event,29,2060705026,0,throughput
1,516010,1793,7,1,1,1,514941,1787209350142.627,0x80041e,999.072021,,516009,1787209349143.555,2060705026,30,A,accepted_event,30,2060705026,0,throughput
1,516109,1795,7,1,1,1,515482,1787209350683.62,0x80041f,1441.069824,,516108,1787209349242.5503,2060705026,31,A,accepted_event,31,2060705026,0,throughput
1,516208,1796,7,1,1,1,515765,1787209350966.6167,0x800420,1624.071045,,516208,1787209349342.5457,2060705026,32,A,accepted_event,32,2060705026,0,throughput
1,516309,1797,7,1,1,1,516047,1787209351248.613,0x800421,1806.072021,,516308,1787209349442.541,2060705026,33,A,accepted_event,33,2060705026,0,throughput
1,516410,1798,7,1,1,1,516076,1787209351277.6128,0x800422,1734.076416,,516409,1787209349543.5364,2060705026,34,A,accepted_event,34,2060705026,0,throughput
1,516508,1800,7,1,1,1,516105,1787209351306.6125,0x800423,1664.080811,,516508,1787209349642.5317,2060705026,35,A,accepted_event,35,2060705026,0,throughput
1,516609,1801,7,1,1,1,516133,1787209351334.612,0x800424,1591.084961,,516609,1787209349743.527,2060705026,36,A,accepted_event,36,2060705026,0,throughput
1,516709,1802,7,1,1,1,517155,1787209352356.5994,0x800425,2514.076904,,516708,1787209349842.5225,2060705026,37,A,accepted_event,37,2060705026,0,throughput
1,516810,1803,7,1,1,1,517181,1787209352382.599,0x800426,2439.081299,,516809,1787209349943.5178,2060705026,38,A,accepted_event,38,2060705026,0,throughput
1,516909,1804,7,1,1,1,517207,1787209352408.5989,0x800427,2366.085693,,516908,1787209350042.5132,2060705026,39,A,accepted_event,39,2060705026,0,throughput
1,517009,1805,7,1,1,1,517488,1787209352689.5952,0x800428,2546.086914,,517009,1787209350143.5083,2060705026,40,A,accepted_event,40,2060705026,0,throughput
1,517110,1807,7,1,1,1,517541,1787209352742.5947,0x800429,2499.091064,,517109,1787209350243.5037,2060705026,41,A,accepted_event,41,2060705026,0,throughput
1,517610,1809,7,1,1,1,516481,1787209351682.6077,0x80042e,939.127197,,517609,1787209350743.4805,2060705026,46,A,accepted_event,46,2060705026,1,throughput
1,517708,1810,7,1,1,1,516763,1787209351964.6042,0x80042f,1122.128418,,517708,1787209350842.4758,2060705026,47,A,accepted_event,47,2060705026,1,throughput
1,517808,1811,7,1,1,1,516794,1787209351995.6038,0x800430,1053.132568,,517808,1787209350942.4712,2060705026,48,A,accepted_event,48,2060705026,1,throughput
1,517912,1812,7,1,1,1,517586,1787209352787.594,0x800431,1741.127686,,517912,1787209351046.4663,2060705026,49,A,accepted_event,49,2060705026,1,throughput
1,518010,1813,0,1,1,0,,,0x800432,,,518009,1787209351143.462,2060705026,50,A,accepted_event,50,2060705026,1,throughput
1,518109,1815,0,1,1,0,,,0x800433,,,518108,1787209351242.4573,2060705026,51,A,accepted_event,51,2060705026,0,throughput
1,518209,1816,0,1,1,0,,,0x800434,,,518208,1787209351342.4526,2060705026,52,A,accepted_event,52,2060705026,0,throughput
1,518309,1818,0,1,1,0,,,0x800435,,,518308,1787209351442.448,2060705026,53,A,accepted_event,53,2060705026,0,throughput
1,518408,1819,0,1,1,0,,,0x800436,,,518408,1787209351542.4434,2060705026,54,A,accepted_event,54,2060705026,0,throughput
1,518508,1821,7,1,1,1,521797,1787209356998.5417,0x800437,5356.103027,,518508,1787209351642.4387,2060705026,55,A,accepted_event,55,2060705026,0,throughput
1,518609,1824,7,1,1,1,522112,1787209357313.5378,0x800438,5571.10376,,518608,1787209351742.434,2060705026,56,A,accepted_event,56,2060705026,0,throughput
1,518909,1831,7,1,1,1,522818,1787209358019.529,0x80043b,5977.109131,,518908,1787209352042.42,2060705026,59,A,accepted_event,59,2060705026,0,throughput
1,519008,1832,7,1,1,1,522848,1787209358049.5288,0x80043c,5907.113525,,519008,1787209352142.4153,2060705026,60,A,accepted_event,60,2060705026,0,throughput
1,520209,1835,7,1,1,1,522139,1787209357340.5376,0x800448,3998.177979,,520208,1787209353342.3596,2060705026,72,A,accepted_event,72,2060705026,1,throughput
1,520308,1836,7,1,1,1,522166,1787209357367.537,0x800449,3925.182373,,520308,1787209353442.3547,2060705026,73,A,accepted_event,73,2060705026,1,throughput
1,520409,1837,7,1,1,1,522220,1787209357421.5366,0x80044a,3879.186523,,520408,1787209353542.35,2060705026,74,A,accepted_event,74,2060705026,1,throughput
1,520510,1839,7,1,1,1,522289,1787209357490.5356,0x80044b,3847.190186,,520509,1787209353643.3455,2060705026,75,A,accepted_event,75,2060705026,1,throughput
1,520608,1840,7,1,1,1,522193,1787209357394.5369,0x80044c,3652.196045,,520608,1787209353742.3408,2060705026,76,A,accepted_event,76,2060705026,1,throughput
1,520708,1841,7,1,1,1,522460,1787209357661.5334,0x80044d,3819.197266,,520708,1787209353842.3362,2060705026,77,A,accepted_event,77,2060705026,1,throughput
1,520809,1842,7,1,1,1,522876,1787209358077.5283,0x80044e,4134.196777,,520809,1787209353943.3315,2060705026,78,A,accepted_event,78,2060705026,1,throughput
1,520908,1843,7,1,1,1,522956,1787209358157.5273,0x80044f,4115.200439,,520908,1787209354042.327,2060705026,79,A,accepted_event,79,2060705026,1,throughput
1,522709,1847,7,1,1,1,523045,1787209358246.5264,0x800461,2404.283203,,522708,1787209355842.2432,2060705026,97,A,accepted_event,97,2060705026,0,throughput
1,522809,1848,7,1,1,1,523083,1787209358284.526,0x800462,2342.287354,,522808,1787209355942.2385,2060705026,98,A,accepted_event,98,2060705026,0,throughput
1,522909,1849,7,1,1,1,523110,1787209358311.5254,0x800463,2269.291504,,522908,1787209356042.234,2060705026,99,A,accepted_event,99,2060705026,0,throughput
1,523508,1850,7,1,1,1,523277,1787209358478.5234,0x800469,1836.317627,,523508,1787209356642.2058,2060705026,105,A,accepted_event,105,2060705026,0,throughput
1,524008,1852,7,1,1,1,523814,1787209359015.5168,0x80046e,1873.334229,,524008,1787209357142.1826,2060705026,110,A,accepted_event,110,2060705026,0,throughput
1,524109,1853,7,1,1,1,523841,1787209359042.5164,0x80046f,1799.338379,,524109,1787209357243.178,2060705026,111,A,accepted_event,111,2060705026,0,throughput
1,524209,1854,7,1,1,1,523870,1787209359071.516,0x800470,1729.342773,,524208,1787209357342.1733,2060705026,112,A,accepted_event,112,2060705026,0,throughput
1,524308,1855,7,1,1,1,523900,1787209359101.5156,0x800471,1659.346924,,524308,1787209357442.1687,2060705026,113,A,accepted_event,113,2060705026,0,throughput
1,524408,1856,7,1,1,1,523929,1787209359130.5154,0x800472,1588.351318,,524408,1787209357542.164,2060705026,114,A,accepted_event,114,2060705026,0,throughput
1,524709,1858,7,1,1,1,524442,1787209359643.509,0x800475,1800.359131,,524709,1787209357843.15,2060705026,117,A,accepted_event,117,2060705026,0,throughput
1,524809,1859,7,1,1,1,524724,1787209359925.5054,0x800476,1983.359863,,524808,1787209357942.1455,2060705026,118,A,accepted_event,118,2060705026,0,throughput
1,524909,1860,7,1,1,1,524751,1787209359952.5051,0x800477,1910.364502,,524908,1787209358042.1406,2060705026,119,A,accepted_event,119,2060705026,0,throughput
1,525009,1861,7,1,1,1,524780,1787209359981.505,0x800478,1838.368896,,525009,1787209358143.136,2060705026,120,A,accepted_event,120,2060705026,0,throughput
1,525409,1863,7,1,1,1,525598,1787209360799.4946,0x80047c,2256.377197,,525409,1787209358543.1174,2060705026,124,A,accepted_event,124,2060705026,0,throughput
1,525509,1864,7,1,1,1,525631,1787209360832.4941,0x80047d,2189.381348,,525509,1787209358643.1128,2060705026,125,A,accepted_event,125,2060705026,0,throughput
1,525710,1866,7,1,1,1,525653,1787209360854.494,0x80047f,2011.390381,,525709,1787209358843.1035,2060705026,127,A,accepted_event,127,2060705026,0,throughput
1,525809,1867,7,1,1,1,525679,1787209360880.4937,0x800480,1938.394775,,525808,1787209358942.0989,2060705026,128,A,accepted_event,128,2060705026,0,throughput
1,525909,1868,7,1,1,1,525963,1787209361164.49,0x800481,2121.395752,,525909,1787209359043.0942,2060705026,129,A,accepted_event,129,2060705026,0,throughput
1,526009,1869,7,1,1,1,525990,1787209361191.4897,0x800482,2049.400146,,526008,1787209359142.0896,2060705026,130,A,accepted_event,130,2060705026,0,throughput
1,526610,1872,7,1,1,1,526448,1787209361649.4841,0x800488,1906.422607,,526609,1787209359743.0615,2060705026,136,A,accepted_event,136,2060705026,1,throughput
1,526708,1873,7,1,1,1,526598,1787209361799.4822,0x800489,1957.425293,,526708,1787209359842.057,2060705026,137,A,accepted_event,137,2060705026,1,throughput
1,526809,1874,7,1,1,1,526626,1787209361827.482,0x80048a,1884.429688,,526809,1787209359943.0522,2060705026,138,A,accepted_event,138,2060705026,1,throughput
1,526909,1875,7,1,1,1,526653,1787209361854.4814,0x80048b,1811.433838,,526909,1787209360043.0476,2060705026,139,A,accepted_event,139,2060705026,1,throughput
1,527009,1876,7,1,1,1,526679,1787209361880.4812,0x80048c,1737.438232,,527009,1787209360143.043,2060705026,140,A,accepted_event,140,2060705026,1,throughput
1,527109,1878,7,1,1,1,526733,1787209361934.4805,0x80048d,1691.442139,,527109,1787209360243.0383,2060705026,141,A,accepted_event,141,2060705026,1,throughput
1,527209,1879,7,1,1,1,526787,1787209361988.4797,0x80048e,1645.446045,,527209,1787209360343.0337,2060705026,142,A,accepted_event,142,2060705026,1,throughput
1,527809,1881,7,1,1,1,526846,1787209362047.479,0x800494,1105.473145,,527808,1787209360942.0059,2060705026,148,A,accepted_event,148,2060705026,0,throughput
1,527908,1882,7,1,1,1,527382,1787209362583.4724,0x800495,1541.471191,,527908,1787209361042.0012,2060705026,149,A,accepted_event,149,2060705026,0,throughput
1,528009,1883,7,1,1,1,527665,1787209362866.469,0x800496,1724.472656,,528008,1787209361141.9963,2060705026,150,A,accepted_event,150,2060705026,0,throughput
1,528108,1885,7,1,1,1,527720,1787209362921.4683,0x800497,1679.476562,,528108,1787209361241.9917,2060705026,151,A,accepted_event,151,2060705026,0,throughput
1,528209,1886,7,1,1,1,527746,1787209362947.468,0x800498,1605.480957,,528208,1787209361341.987,2060705026,152,A,accepted_event,152,2060705026,0,throughput
1,528309,1888,7,1,1,1,527773,1787209362974.4675,0x800499,1532.485107,,528308,1787209361441.9824,2060705026,153,A,accepted_event,153,2060705026,0,throughput
1,528409,1889,7,1,1,1,527800,1787209363001.4673,0x80049a,1459.489502,,528408,1787209361541.9778,2060705026,154,A,accepted_event,154,2060705026,0,throughput
1,528509,1890,7,1,1,1,527827,1787209363028.467,0x80049b,1386.493896,,528508,1787209361641.9731,2060705026,155,A,accepted_event,155,2060705026,0,throughput
1,528609,1891,7,1,1,1,527853,1787209363054.4666,0x80049c,1311.498047,,528609,1787209361742.9685,2060705026,156,A,accepted_event,156,2060705026,0,throughput
1,528709,1892,7,1,1,1,528137,1787209363338.4631,0x80049d,1496.499268,,528708,1787209361841.9639,2060705026,157,A,accepted_event,157,2060705026,0,throughput
1,528809,1894,7,1,1,1,528164,1787209363365.4626,0x80049e,1422.503418,,528809,1787209361942.9592,2060705026,158,A,accepted_event,158,2060705026,0,throughput
1,528909,1898,7,1,1,1,528334,1787209363535.4607,0x80049f,1493.506104,,528908,1787209362041.9546,2060705026,159,A,accepted_event,159,2060705026,0,throughput
1,529013,1901,7,1,1,1,528643,1787209363844.4568,0x8004a0,1698.50708,,529012,1787209362145.9497,2060705026,160,A,accepted_event,160,2060705026,0,throughput
1,529108,1905,7,1,1,1,528670,1787209363871.4565,0x8004a1,1629.51123,,529108,1787209362241.9453,2060705026,161,A,accepted_event,161,2060705026,0,throughput
1,529209,1907,7,1,1,1,528696,1787209363897.456,0x8004a2,1555.515381,,529208,1787209362341.9407,2060705026,162,A,accepted_event,162,2060705026,0,throughput
1,529309,1908,7,1,1,1,528724,1787209363925.4558,0x8004a3,1482.52002,,529309,1787209362442.9358,2060705026,163,A,accepted_event,163,2060705026,0,throughput
1,529409,1909,7,1,1,1,528753,1787209363954.4556,0x8004a4,1412.52417,,529408,1787209362541.9314,2060705026,164,A,accepted_event,164,2060705026,0,throughput
1,529509,1910,7,1,1,1,528900,1787209364101.4536,0x8004a5,1459.5271,,529508,1787209362641.9265,2060705026,165,A,accepted_event,165,2060705026,0,throughput
1,529609,1911,7,1,1,1,528928,1787209364129.4534,0x8004a6,1387.531494,,529608,1787209362741.9219,2060705026,166,A,accepted_event,166,2060705026,0,throughput
1,529709,1912,7,1,1,1,529212,1787209364413.4497,0x8004a7,1571.532471,,529708,1787209362841.9172,2060705026,167,A,accepted_event,167,2060705026,0,throughput
1,529810,1914,7,1,1,1,529497,1787209364698.4463,0x8004a8,1755.533691,,529809,1787209362942.9126,2060705026,168,A,accepted_event,168,2060705026,0,throughput
1,529909,1915,7,1,1,1,529524,1787209364725.4458,0x8004a9,1683.537842,,529908,1787209363041.908,2060705026,169,A,accepted_event,169,2060705026,0,throughput
1,530009,1916,7,1,1,1,529589,1787209364790.445,0x8004aa,1648.541748,,530008,1787209363141.9033,2060705026,170,A,accepted_event,170,2060705026,0,throughput
1,530109,1918,7,1,1,1,529648,1787209364849.4443,0x8004ab,1606.545654,,530109,1787209363242.8987,2060705026,171,A,accepted_event,171,2060705026,0,throughput
1,530309,1919,7,1,1,1,529676,1787209364877.444,0x8004ad,1434.554688,,530309,1787209363442.8894,2060705026,173,A,accepted_event,173,2060705026,0,throughput
1,530409,1920,7,1,1,1,529702,1787209364903.4436,0x8004ae,1361.558838,,530408,1787209363541.8848,2060705026,174,A,accepted_event,174,2060705026,0,throughput
1,530508,1921,7,1,1,1,529754,1787209364955.443,0x8004af,1313.562988,,530508,1787209363641.8801,2060705026,175,A,accepted_event,175,2060705026,0,throughput
1,530609,1922,7,1,1,1,529921,1787209365122.441,0x8004b0,1379.56543,,530609,1787209363742.8755,2060705026,176,A,accepted_event,176,2060705026,0,throughput
1,530808,1923,7,1,1,1,529949,1787209365150.4407,0x8004b2,1208.574463,,530808,1787209363941.8662,2060705026,178,A,accepted_event,178,2060705026,0,throughput
1,531009,1926,7,1,1,1,530497,1787209365698.4338,0x8004b4,1555.577148,,531009,1787209364142.8567,2060705026,180,A,accepted_event,180,2060705026,0,throughput
1,531109,1927,7,1,1,1,530523,1787209365724.4336,0x8004b5,1481.581543,,531109,1787209364242.852,2060705026,181,A,accepted_event,181,2060705026,0,throughput
1,531209,1928,7,1,1,1,530805,1787209366006.43,0x8004b6,1664.58252,,531208,1787209364341.8474,2060705026,182,A,accepted_event,182,2060705026,0,throughput
1,531410,1929,7,1,1,1,530833,1787209366034.4297,0x8004b8,1491.591553,,531409,1787209364542.8381,2060705026,184,A,accepted_event,184,2060705026,0,throughput
1,531510,1930,7,1,1,1,530861,1787209366062.4292,0x8004b9,1419.595703,,531509,1787209364642.8335,2060705026,185,A,accepted_event,185,2060705026,0,throughput
1,531609,1931,7,1,1,1,530889,1787209366090.429,0x8004ba,1347.600098,,531609,1787209364742.8289,2060705026,186,A,accepted_event,186,2060705026,0,throughput
1,531710,1932,7,1,1,1,530916,1787209366117.4287,0x8004bb,1274.604492,,531709,1787209364842.8242,2060705026,187,A,accepted_event,187,2060705026,0,throughput
1,531809,1933,7,1,1,1,530943,1787209366144.4282,0x8004bc,1201.608643,,531809,1787209364942.8196,2060705026,188,A,accepted_event,188,2060705026,0,throughput
1,531908,1935,7,1,1,1,530970,1787209366171.428,0x8004bd,1129.613037,,531908,1787209365041.815,2060705026,189,A,accepted_event,189,2060705026,0,throughput
1,532009,1936,7,1,1,1,530997,1787209366198.4275,0x8004be,1055.617188,,532009,1787209365142.8103,2060705026,190,A,accepted_event,190,2060705026,0,throughput
1,532108,1938,7,1,1,1,531259,1787209366460.4243,0x8004bf,1218.618652,,532108,1787209365241.8057,2060705026,191,A,accepted_event,191,2060705026,0,throughput
1,532208,1939,7,1,1,1,531754,1787209366955.4182,0x8004c0,1613.617188,,532208,1787209365341.801,2060705026,192,A,accepted_event,192,2060705026,0,throughput
1,532309,1940,7,1,1,1,531782,1787209366983.418,0x8004c1,1541.621582,,532308,1787209365441.7964,2060705026,193,A,accepted_event,193,2060705026,0,throughput
1,532409,1941,7,1,1,1,531809,1787209367010.4175,0x8004c2,1468.625732,,532408,1787209365541.7917,2060705026,194,A,accepted_event,194,2060705026,0,throughput
1,532509,1942,7,1,1,1,531836,1787209367037.4172,0x8004c3,1395.630127,,532508,1787209365641.787,2060705026,195,A,accepted_event,195,2060705026,0,throughput
1,532613,1943,7,1,1,1,531864,1787209367065.4167,0x8004c4,1319.634521,,532612,1787209365745.7822,2060705026,196,A,accepted_event,196,2060705026,0,throughput
1,532708,1944,7,1,1,1,532012,1787209367213.415,0x8004c5,1371.637451,,532708,1787209365841.7776,2060705026,197,A,accepted_event,197,2060705026,0,throughput
1,532809,1945,7,1,1,1,532548,1787209367749.4084,0x8004c6,1807.635498,,532808,1787209365941.773,2060705026,198,A,accepted_event,198,2060705026,0,throughput
1,532909,1946,7,1,1,1,532575,1787209367776.408,0x8004c7,1734.639648,,532908,1787209366041.7683,2060705026,199,A,accepted_event,199,2060705026,0,throughput
1,533009,1948,7,1,1,1,532856,1787209368057.4045,0x8004c8,1915.640869,,533008,1787209366141.7637,2060705026,200,A,accepted_event,200,2060705026,0,throughput
1,533110,1950,7,1,1,1,533167,1787209368368.4006,0x8004c9,2125.641602,,533109,1787209366242.759,2060705026,201,A,accepted_event,201,2060705026,0,throughput
1,533208,1951,7,1,1,1,533447,1787209368648.3972,0x8004ca,2306.642822,,533208,1787209366341.7544,2060705026,202,A,accepted_event,202,2060705026,0,throughput
1,533309,1952,7,1,1,1,533475,1787209368676.3967,0x8004cb,2233.646973,,533309,1787209366442.7498,2060705026,203,A,accepted_event,203,2060705026,0,throughput
1,533408,1953,7,1,1,1,533504,1787209368705.3965,0x8004cc,2163.651367,,533408,1787209366541.745,2060705026,204,A,accepted_event,204,2060705026,0,throughput
1,533508,1954,7,1,1,1,533532,1787209368733.3962,0x8004cd,2091.655762,,533508,1787209366641.7405,2060705026,205,A,accepted_event,205,2060705026,0,throughput
1,533608,1955,7,1,1,1,533559,1787209368760.3958,0x8004ce,2018.659912,,533608,1787209366741.7358,2060705026,206,A,accepted_event,206,2060705026,0,throughput
1,533709,1956,7,1,1,1,533841,1787209369042.3923,0x8004cf,2199.661133,,533709,1787209366842.7312,2060705026,207,A,accepted_event,207,2060705026,0,throughput
1,533808,1957,7,1,1,1,533868,1787209369069.3918,0x8004d0,2127.665283,,533808,1787209366941.7266,2060705026,208,A,accepted_event,208,2060705026,0,throughput
1,534108,1959,7,1,1,1,533896,1787209369097.3916,0x8004d3,1855.678955,,534108,1787209367241.7126,2060705026,211,A,accepted_event,211,2060705026,0,throughput
1,534408,1960,7,1,1,1,533924,1787209369125.3914,0x8004d6,1583.692871,,534408,1787209367541.6985,2060705026,214,A,accepted_event,214,2060705026,0,throughput
1,534509,1961,7,1,1,1,534206,1787209369407.3877,0x8004d7,1764.693848,,534509,1787209367642.6938,2060705026,215,A,accepted_event,215,2060705026,0,throughput
1,534608,1962,7,1,1,1,534446,1787209369647.3848,0x8004d8,1905.695557,,534608,1787209367741.6892,2060705026,216,A,accepted_event,216,2060705026,0,throughput
1,534709,1963,7,1,1,1,534475,1787209369676.3845,0x8004d9,1833.699951,,534709,1787209367842.6846,2060705026,217,A,accepted_event,217,2060705026,0,throughput
1,534809,1964,7,1,1,1,534502,1787209369703.384,0x8004da,1760.704102,,534809,1787209367942.68,2060705026,218,A,accepted_event,218,2060705026,0,throughput
1,534908,1965,7,1,1,1,534529,1787209369730.3838,0x8004db,1688.708496,,534908,1787209368041.6753,2060705026,219,A,accepted_event,219,2060705026,0,throughput
1,535008,1967,7,1,1,1,534556,1787209369757.3835,0x8004dc,1615.712891,,535008,1787209368141.6707,2060705026,220,A,accepted_event,220,2060705026,0,throughput
1,535709,1969,7,1,1,1,534431,1787209369632.385,0x8004e3,790.74707,,535708,1787209368841.638,2060705026,227,A,accepted_event,227,2060705026,1,throughput
1,535808,1970,7,1,1,1,534540,1787209369741.3835,0x8004e4,799.750244,,535808,1787209368941.6333,2060705026,228,A,accepted_event,228,2060705026,1,throughput
1,535909,1971,7,1,1,1,534572,1787209369773.3833,0x8004e5,731.754639,,535908,1787209369041.6287,2060705026,229,A,accepted_event,229,2060705026,1,throughput
1,536008,1973,7,1,1,1,534853,1787209370054.3796,0x8004e6,912.755615,,536008,1787209369141.624,2060705026,230,A,accepted_event,230,2060705026,1,throughput
1,536109,1975,7,1,1,1,534912,1787209370113.379,0x8004e7,870.759521,,536109,1787209369242.6194,2060705026,231,A,accepted_event,231,2060705026,1,throughput
1,536209,1976,7,1,1,1,534940,1787209370141.3787,0x8004e8,798.763916,,536209,1787209369342.6147,2060705026,232,A,accepted_event,232,2060705026,0,throughput
1,536309,1977,7,1,1,1,534965,1787209370166.3784,0x8004e9,724.768311,,536308,1787209369441.61,2060705026,233,A,accepted_event,233,2060705026,0,throughput
1,536409,1978,7,1,1,1,534993,1787209370194.378,0x8004ea,651.772461,,536409,1787209369542.6055,2060705026,234,A,accepted_event,234,2060705026,0,throughput
1,536509,1979,7,1,1,1,535021,1787209370222.3777,0x8004eb,579.776855,,536509,1787209369642.6008,2060705026,235,A,accepted_event,235,2060705026,0,throughput
1,536609,1980,7,1,1,1,535304,1787209370505.374,0x8004ec,763.777832,,536608,1787209369741.5962,2060705026,236,A,accepted_event,236,2060705026,0,throughput
1,536709,1981,7,1,1,1,535450,1787209370651.3723,0x8004ed,809.780762,,536708,1787209369841.5916,2060705026,237,A,accepted_event,237,2060705026,0,throughput
1,536809,1982,7,1,1,1,535561,1787209370762.3708,0x8004ee,820.783936,,536808,1787209369941.587,2060705026,238,A,accepted_event,238,2060705026,0,throughput
1,536908,1983,7,1,1,1,535591,1787209370792.3706,0x8004ef,750.78833,,536908,1787209370041.5823,2060705026,239,A,accepted_event,239,2060705026,0,throughput
1,537009,1985,7,1,1,1,535651,1787209370852.3699,0x8004f0,710.792236,,537008,1787209370141.5776,2060705026,240,A,accepted_event,240,2060705026,0,throughput
1,537112,1987,7,1,1,1,535987,1787209371188.3657,0x8004f1,943.792969,,537111,1787209370244.5728,2060705026,241,A,accepted_event,241,2060705026,0,throughput
1,537210,1988,7,1,1,1,536013,1787209371214.3652,0x8004f2,871.797119,,537209,1787209370342.568,2060705026,242,A,accepted_event,242,2060705026,0,throughput
1,537308,1989,7,1,1,1,536040,1787209371241.365,0x8004f3,799.801514,,537308,1787209370441.5635,2060705026,243,A,accepted_event,243,2060705026,0,throughput
1,537408,1990,7,1,1,1,536321,1787209371522.3616,0x8004f4,980.802734,,537408,1787209370541.5588,2060705026,244,A,accepted_event,244,2060705026,0,throughput
1,537509,1991,7,1,1,1,536348,1787209371549.361,0x8004f5,906.806885,,537509,1787209370642.5542,2060705026,245,A,accepted_event,245,2060705026,0,throughput
1,537612,1992,7,1,1,1,536429,1787209371630.36,0x8004f6,885.810547,,537611,1787209370744.5496,2060705026,246,A,accepted_event,246,2060705026,0,throughput
1,537708,1993,7,1,1,1,536456,1787209371657.3599,0x8004f7,815.814941,,537708,1787209370841.545,2060705026,247,A,accepted_event,247,2060705026,0,throughput
1,537809,1994,7,1,1,1,536561,1787209371762.3586,0x8004f8,819.818359,,537809,1787209370942.5403,2060705026,248,A,accepted_event,248,2060705026,0,throughput
1,537909,1995,7,1,1,1,536843,1787209372044.355,0x8004f9,1001.819336,,537909,1787209371042.5356,2060705026,249,A,accepted_event,249,2060705026,0,throughput
1,538008,1997,7,1,1,1,536871,1787209372072.3547,0x8004fa,930.82373,,538008,1787209371141.531,2060705026,250,A,accepted_event,250,2060705026,0,throughput
1,538108,1999,7,1,1,1,536957,1787209372158.3535,0x8004fb,916.827148,,538108,1787209371241.5264,2060705026,251,A,accepted_event,251,2060705026,0,throughput
1,538208,2000,7,1,1,1,536987,1787209372188.3533,0x8004fc,846.831543,,538208,1787209371341.5217,2060705026,252,A,accepted_event,252,2060705026,0,throughput
1,538309,2001,7,1,1,1,537217,1787209372418.3503,0x8004fd,975.833252,,538309,1787209371442.517,2060705026,253,A,accepted_event,253,2060705026,0,throughput
1,538410,2002,7,1,1,1,537501,1787209372702.347,0x8004fe,1159.834473,,538409,1787209371542.5125,2060705026,254,A,accepted_event,254,2060705026,0,throughput
1,538508,2003,7,1,1,1,538037,1787209373238.3403,0x8004ff,1596.83252,,538508,1787209371641.5078,2060705026,255,A,accepted_event,255,2060705026,0,throughput
1,538610,2005,7,1,1,1,538066,1787209373267.3398,0x800500,1524.836914,,538609,1787209371742.503,2060705026,256,A,accepted_event,256,2060705026,0,throughput
1,538709,2006,7,1,1,1,538348,1787209373549.3364,0x800501,1707.837891,,538708,1787209371841.4985,2060705026,257,A,accepted_event,257,2060705026,0,throughput
1,538808,2008,7,1,1,1,538631,1787209373832.3328,0x800502,1890.839111,,538808,1787209371941.4937,2060705026,258,A,accepted_event,258,2060705026,0,throughput
1,538909,2012,7,1,1,1,538660,1787209373861.3325,0x800503,1819.843506,,538908,1787209372041.489,2060705026,259,A,accepted_event,259,2060705026,0,throughput
1,539008,2015,7,1,1,1,538688,1787209373889.332,0x800504,1747.847656,,539008,1787209372141.4844,2060705026,260,A,accepted_event,260,2060705026,0,throughput
1,539109,2020,7,1,1,1,539000,1787209374201.3284,0x800505,1958.848633,,539109,1787209372242.4797,2060705026,261,A,accepted_event,261,2060705026,0,throughput
1,539208,2021,7,1,1,1,539027,1787209374228.328,0x800506,1886.852783,,539208,1787209372341.475,2060705026,262,A,accepted_event,262,2060705026,0,throughput
1,539310,2022,7,1,1,1,539053,1787209374254.3276,0x800507,1810.857178,,539310,1787209372443.4705,2060705026,263,A,accepted_event,263,2060705026,0,throughput
1,539408,2023,7,1,1,1,539080,1787209374281.3274,0x800508,1739.861572,,539408,1787209372541.4658,2060705026,264,A,accepted_event,264,2060705026,0,throughput
1,539508,2024,7,1,1,1,539143,1787209374344.3264,0x800509,1702.865234,,539508,1787209372641.4612,2060705026,265,A,accepted_event,265,2060705026,0,throughput
1,539609,2025,7,1,1,1,539320,1787209374521.3242,0x80050a,1778.867676,,539609,1787209372742.4565,2060705026,266,A,accepted_event,266,2060705026,0,throughput
1,539908,2026,7,1,1,1,539484,1787209374685.3223,0x80050d,1643.879639,,539908,1787209373041.4426,2060705026,269,A,accepted_event,269,2060705026,0,throughput
1,540009,2027,7,1,1,1,539570,1787209374771.3213,0x80050e,1628.883301,,540009,1787209373142.438,2060705026,270,A,accepted_event,270,2060705026,0,throughput
1,540209,2029,7,1,1,1,539603,1787209374804.3208,0x800510,1461.892334,,540209,1787209373342.4285,2060705026,272,A,accepted_event,272,2060705026,0,throughput
1,540309,2030,7,1,1,1,539886,1787209375087.3174,0x800511,1644.893555,,540309,1787209373442.4238,2060705026,273,A,accepted_event,273,2060705026,0,throughput
1,540409,2031,7,1,1,1,539913,1787209375114.317,0x800512,1571.897705,,540409,1787209373542.4192,2060705026,274,A,accepted_event,274,2060705026,0,throughput
1,540612,2032,7,1,1,1,539939,1787209375140.3167,0x800514,1394.906738,,540612,1787209373745.41,2060705026,276,A,accepted_event,276,2060705026,0,throughput
1,540709,2033,7,1,1,1,540478,1787209375679.3098,0x800515,1837.904541,,540708,1787209373841.4053,2060705026,277,A,accepted_event,277,2060705026,0,throughput
1,540809,2034,7,1,1,1,540505,1787209375706.3096,0x800516,1764.908936,,540808,1787209373941.4006,2060705026,278,A,accepted_event,278,2060705026,0,throughput
1,540908,2035,7,1,1,1,540530,1787209375731.3093,0x800517,1689.91333,,540908,1787209374041.396,2060705026,279,A,accepted_event,279,2060705026,0,throughput
1,541009,2037,7,1,1,1,540556,1787209375757.3088,0x800518,1615.91748,,541008,1787209374141.3914,2060705026,280,A,accepted_event,280,2060705026,0,throughput
1,541109,2039,7,1,1,1,540610,1787209375811.3083,0x800519,1569.921631,,541108,1787209374241.3867,2060705026,281,A,accepted_event,281,2060705026,0,throughput
1,541210,2040,7,1,1,1,540738,1787209375939.3066,0x80051a,1596.924561,,541209,1787209374342.382,2060705026,282,A,accepted_event,282,2060705026,0,throughput
1,541310,2042,7,1,1,1,541021,1787209376222.3032,0x80051b,1779.925781,,541309,1787209374442.3774,2060705026,283,A,accepted_event,283,2060705026,0,throughput
1,541408,2043,7,1,1,1,541048,1787209376249.3027,0x80051c,1707.929932,,541408,1787209374541.3728,2060705026,284,A,accepted_event,284,2060705026,0,throughput
1,541509,2044,7,1,1,1,541076,1787209376277.3025,0x80051d,1635.934326,,541508,1787209374641.3682,2060705026,285,A,accepted_event,285,2060705026,0,throughput
1,541608,2045,7,1,1,1,541358,1787209376559.299,0x80051e,1817.935547,,541608,1787209374741.3635,2060705026,286,A,accepted_event,286,2060705026,0,throughput
1,541709,2046,7,1,1,1,541386,1787209376587.2986,0x80051f,1744.939941,,541709,1787209374842.3586,2060705026,287,A,accepted_event,287,2060705026,0,throughput
1,541808,2047,7,1,1,1,541412,1787209376613.2983,0x800520,1671.944092,,541808,1787209374941.3542,2060705026,288,A,accepted_event,288,2060705026,0,throughput
1,541908,2048,7,1,1,1,541455,1787209376656.2979,0x800521,1614.948486,,541908,1787209375041.3494,2060705026,289,A,accepted_event,289,2060705026,0,throughput
1,542008,2049,7,1,1,1,541482,1787209376683.2974,0x800522,1541.952637,,542008,1787209375141.3447,2060705026,290,A,accepted_event,290,2060705026,0,throughput
1,542109,2050,7,1,1,1,541509,1787209376710.297,0x800523,1467.957031,,542109,1787209375242.34,2060705026,291,A,accepted_event,291,2060705026,0,throughput
1,542208,2051,7,1,1,1,541538,1787209376739.2969,0x800524,1397.961426,,542208,1787209375341.3354,2060705026,292,A,accepted_event,292,2060705026,0,throughput
1,542309,2053,7,1,1,1,541564,1787209376765.2964,0x800525,1323.965576,,542308,1787209375441.3308,2060705026,293,A,accepted_event,293,2060705026,0,throughput
1,542409,2054,7,1,1,1,541709,1787209376910.2947,0x800526,1368.968506,,542408,1787209375541.3262,2060705026,294,A,accepted_event,294,2060705026,0,throughput
1,542509,2055,7,1,1,1,541990,1787209377191.2913,0x800527,1549.969727,,542508,1787209375641.3215,2060705026,295,A,accepted_event,295,2060705026,0,throughput
1,542608,2056,7,1,1,1,542558,1787209377759.2842,0x800528,2017.967285,,542608,1787209375741.317,2060705026,296,A,accepted_event,296,2060705026,0,throughput
1,542709,2057,7,1,1,1,542587,1787209377788.2837,0x800529,1945.971436,,542709,1787209375842.3123,2060705026,297,A,accepted_event,297,2060705026,0,throughput
1,542809,2058,7,1,1,1,542616,1787209377817.2834,0x80052a,1875.97583,,542808,1787209375941.3076,2060705026,298,A,accepted_event,298,2060705026,0,throughput
1,542908,2059,0,1,1,0,,,0x80052b,,,542908,1787209376041.303,2060705026,299,A,accepted_event,299,2060705026,0,throughput
1,543008,2060,7,1,1,1,543332,1787209378533.2744,0x80052c,2391.976074,,543008,1787209376141.2983,2060705026,300,A,accepted_event,300,2060705026,0,throughput
1,543208,2061,7,1,1,1,544377,1787209379578.2615,0x80052e,3236.972412,,543208,1787209376341.289,2060705026,302,A,accepted_event,302,2060705026,0,throughput
1,543409,2063,7,1,1,1,544404,1787209379605.2612,0x800530,3062.981689,,543409,1787209376542.2795,2060705026,304,A,accepted_event,304,2060705026,0,throughput
1,543508,2064,7,1,1,1,544433,1787209379634.2607,0x800531,2992.98584,,543508,1787209376641.275,2060705026,305,A,accepted_event,305,2060705026,0,throughput
1,543609,2065,7,1,1,1,544460,1787209379661.2605,0x800532,2919.990234,,543608,1787209376741.2703,2060705026,306,A,accepted_event,306,2060705026,0,throughput
1,543709,2066,7,1,1,1,544486,1787209379687.2603,0x800533,2844.994629,,543709,1787209376842.2656,2060705026,307,A,accepted_event,307,2060705026,0,throughput
1,543808,2067,7,1,1,1,544515,1787209379716.2598,0x800534,2774.998779,,543808,1787209376941.261,2060705026,308,A,accepted_event,308,2060705026,0,throughput
1,543908,2068,7,1,1,1,544542,1787209379743.2595,0x800535,2702.003174,,543908,1787209377041.2563,2060705026,309,A,accepted_event,309,2060705026,0,throughput
1,544010,2069,7,1,1,1,544568,1787209379769.2593,0x800536,2627.007568,,544009,1787209377142.2517,2060705026,310,A,accepted_event,310,2060705026,0,throughput
1,544109,2071,7,1,1,1,544624,1787209379825.2585,0x800537,2583.011475,,544109,1787209377242.247,2060705026,311,A,accepted_event,311,2060705026,0,throughput
1,544209,2072,7,1,1,1,544907,1787209380108.255,0x800538,2766.012451,,544209,1787209377342.2424,2060705026,312,A,accepted_event,312,2060705026,0,throughput
1,545509,2075,7,1,1,1,544334,1787209379535.262,0x800545,894.080078,,545508,1787209378641.182,2060705026,325,A,accepted_event,325,2060705026,1,throughput
1,545608,2076,7,1,1,1,544365,1787209379566.2617,0x800546,825.084473,,545608,1787209378741.1772,2060705026,326,A,accepted_event,326,2060705026,1,throughput
1,545708,2077,7,1,1,1,544394,1787209379595.2612,0x800547,754.088623,,545708,1787209378841.1726,2060705026,327,A,accepted_event,327,2060705026,1,throughput
1,545808,2078,7,1,1,1,544678,1787209379879.2578,0x800548,938.089844,,545808,1787209378941.168,2060705026,328,A,accepted_event,328,2060705026,1,throughput
1,545909,2079,7,1,1,1,544963,1787209380164.2542,0x800549,1122.09082,,545909,1787209379042.1633,2060705026,329,A,accepted_event,329,2060705026,1,throughput
1,546009,2080,7,1,1,1,545500,1787209380701.2476,0x80054a,1559.088867,,546009,1787209379142.1587,2060705026,330,A,accepted_event,330,2060705026,0,throughput
1,546109,2082,7,1,1,1,546571,1787209381772.2344,0x80054b,2530.080322,,546109,1787209379242.154,2060705026,331,A,accepted_event,331,2060705026,0,throughput
1,546208,2083,7,1,1,1,546580,1787209381781.2341,0x80054c,2440.084717,,546208,1787209379341.1494,2060705026,332,A,accepted_event,332,2060705026,0,throughput
1,546308,2085,7,1,1,1,546607,1787209381808.234,0x80054d,2367.089111,,546308,1787209379441.1448,2060705026,333,A,accepted_event,333,2060705026,0,throughput
1,546409,2086,7,1,1,1,546634,1787209381835.2336,0x80054e,2294.093506,,546408,1787209379541.1401,2060705026,334,A,accepted_event,334,2060705026,0,throughput
1,546508,2087,7,1,1,1,546660,1787209381861.2332,0x80054f,2220.097656,,546508,1787209379641.1355,2060705026,335,A,accepted_event,335,2060705026,0,throughput
1,546609,2088,7,1,1,1,546689,1787209381890.233,0x800550,2149.102295,,546608,1787209379741.1306,2060705026,336,A,accepted_event,336,2060705026,0,throughput
1,546709,2089,7,1,1,1,546718,1787209381919.2324,0x800551,2077.106445,,546709,1787209379842.126,2060705026,337,A,accepted_event,337,2060705026,0,throughput
1,546809,2090,7,1,1,1,546999,1787209382200.229,0x800552,2259.107666,,546808,1787209379941.1213,2060705026,338,A,accepted_event,338,2060705026,0,throughput
1,547108,2091,7,1,1,1,547282,1787209382483.2256,0x800555,2242.118164,,547108,1787209380241.1074,2060705026,341,A,accepted_event,341,2060705026,0,throughput
1,547210,2092,7,1,1,1,547310,1787209382511.225,0x800556,2169.122314,,547209,1787209380342.1028,2060705026,342,A,accepted_event,342,2060705026,0,throughput
1,547309,2093,7,1,1,1,547337,1787209382538.2249,0x800557,2097.126709,,547308,1787209380441.0981,2060705026,343,A,accepted_event,343,2060705026,0,throughput
1,547409,2095,7,1,1,1,549296,1787209384497.2004,0x800558,3955.106934,,547409,1787209380542.0935,2060705026,344,A,accepted_event,344,2060705026,0,throughput
1,547509,2096,7,1,1,1,549579,1787209384780.197,0x800559,4139.108154,,547508,1787209380641.0889,2060705026,345,A,accepted_event,345,2060705026,0,throughput
1,547609,2097,7,1,1,1,549864,1787209385065.1934,0x80055a,4323.109131,,547609,1787209380742.0842,2060705026,346,A,accepted_event,346,2060705026,0,throughput
1,547709,2098,0,1,1,0,,,0x80055b,,,547709,1787209380842.0796,2060705026,347,A,accepted_event,347,2060705026,0,throughput
1,547811,2099,0,1,1,0,,,0x80055c,,,547810,1787209380943.0747,2060705026,348,A,accepted_event,348,2060705026,0,throughput
1,547909,2100,0,1,1,0,,,0x80055d,,,547908,1787209381041.0703,2060705026,349,A,accepted_event,349,2060705026,0,throughput
1,548010,2101,0,1,1,0,,,0x80055e,,,548009,1787209381142.0654,2060705026,350,A,accepted_event,350,2060705026,0,throughput
1,548109,2103,7,1,1,1,549920,1787209385121.1926,0x80055f,3879.131836,,548109,1787209381242.0608,2060705026,351,A,accepted_event,351,2060705026,0,throughput
1,548209,2104,7,1,1,1,550097,1787209385298.1904,0x800560,3957.134277,,548208,1787209381341.0562,2060705026,352,A,accepted_event,352,2060705026,0,throughput
1,548309,2105,7,1,1,1,550378,1787209385579.187,0x800561,4138.135498,,548308,1787209381441.0515,2060705026,353,A,accepted_event,353,2060705026,0,throughput
1,548409,2107,7,1,1,1,550406,1787209385607.1868,0x800562,4065.139893,,548409,1787209381542.0469,2060705026,354,A,accepted_event,354,2060705026,0,throughput
1,548509,2108,7,1,1,1,550432,1787209385633.1863,0x800563,3991.144043,,548509,1787209381642.0422,2060705026,355,A,accepted_event,355,2060705026,0,throughput
1,548608,2109,7,1,1,1,550458,1787209385659.186,0x800564,3918.148438,,548608,1787209381741.0376,2060705026,356,A,accepted_event,356,2060705026,0,throughput
1,548708,2111,0,1,1,0,,,0x800565,,,548708,1787209381841.033,2060705026,357,A,accepted_event,357,2060705026,0,throughput
1,548808,2112,0,1,1,0,,,0x800566,,,548808,1787209381941.0283,2060705026,358,A,accepted_event,358,2060705026,0,throughput
1,548909,2115,7,1,1,1,550739,1787209385940.1826,0x800567,3898.158936,,548909,1787209382042.0237,2060705026,359,A,accepted_event,359,2060705026,0,throughput
1,549009,2119,7,1,1,1,550767,1787209385968.1821,0x800568,3826.163086,,549009,1787209382142.019,2060705026,360,A,accepted_event,360,2060705026,0,throughput
1,549109,2123,0,1,1,0,,,0x800569,,,549109,1787209382242.0144,2060705026,361,A,accepted_event,361,2060705026,0,throughput
1,549212,2125,7,1,1,1,551968,1787209387169.1672,0x80056a,4825.157715,,549211,1787209382344.0095,2060705026,362,A,accepted_event,362,2060705026,0,throughput
1,549309,2126,7,1,1,1,551995,1787209387196.167,0x80056b,4755.161865,,549308,1787209382441.0051,2060705026,363,A,accepted_event,363,2060705026,0,throughput
1,549410,2128,7,1,1,1,551604,1787209386805.1719,0x80056c,4263.171631,,549409,1787209382542.0002,2060705026,364,A,accepted_event,364,2060705026,0,throughput
1,549509,2129,7,1,1,1,551631,1787209386832.1714,0x80056d,4191.175537,,549508,1787209382640.9958,2060705026,365,A,accepted_event,365,2060705026,0,throughput
1,549609,2130,7,1,1,1,551659,1787209386860.1711,0x80056e,4118.180176,,549609,1787209382741.991,2060705026,366,A,accepted_event,366,2060705026,0,throughput
1,549709,2131,7,1,1,1,551940,1787209387141.1677,0x80056f,4299.181396,,549709,1787209382841.9863,2060705026,367,A,accepted_event,367,2060705026,0,throughput
1,549809,2132,0,1,1,0,,,0x800570,,,549808,1787209382940.9817,2060705026,368,A,accepted_event,368,2060705026,0,throughput
1,549909,2133,0,1,1,0,,,0x800571,,,549908,1787209383040.977,2060705026,369,A,accepted_event,369,2060705026,0,throughput
1,550009,2134,7,1,1,1,552276,1787209387477.1636,0x800572,4336.191162,,550008,1787209383140.9724,2060705026,370,A,accepted_event,370,2060705026,0,throughput
1,550508,2136,0,1,1,0,,,0x800577,,,550508,1787209383640.9492,2060705026,375,A,accepted_event,375,2060705026,0,throughput
1,550608,2137,0,1,1,0,,,0x800578,,,550608,1787209383740.9446,2060705026,376,A,accepted_event,376,2060705026,0,throughput
1,550809,2138,0,1,1,0,,,0x80057a,,,550809,1787209383941.9353,2060705026,378,A,accepted_event,378,2060705026,0,throughput
1,550909,2139,0,1,1,0,,,0x80057b,,,550908,1787209384040.9307,2060705026,379,A,accepted_event,379,2060705026,0,throughput
1,551009,2140,0,1,1,0,,,0x80057c,,,551009,1787209384141.9258,2060705026,380,A,accepted_event,380,2060705026,0,throughput
1,551209,2143,0,1,1,0,,,0x80057e,,,551209,1787209384341.9165,2060705026,382,A,accepted_event,382,2060705026,0,throughput
1,551510,2145,7,1,1,1,556448,1787209391649.1118,0x800581,7006.209229,,551510,1787209384642.9026,2060705026,385,A,accepted_event,385,2060705026,0,throughput
1,551709,2146,0,1,1,0,,,0x800583,,,551709,1787209384841.8933,2060705026,387,A,accepted_event,387,2060705026,0,throughput
1,551809,2147,7,1,1,1,556985,1787209392186.105,0x800584,7245.216309,,551808,1787209384940.8887,2060705026,388,A,accepted_event,388,2060705026,0,throughput
1,551909,2148,7,1,1,1,557012,1787209392213.1047,0x800585,7172.220703,,551908,1787209385040.884,2060705026,389,A,accepted_event,389,2060705026,0,throughput
1,552108,2149,7,1,1,1,557703,1787209392904.0962,0x800587,7663.221436,,552108,1787209385240.8748,2060705026,391,A,accepted_event,391,2060705026,0,throughput
1,552208,2150,7,1,1,1,558076,1787209393277.0916,0x800588,7936.221436,,552208,1787209385340.87,2060705026,392,A,accepted_event,392,2060705026,0,throughput
1,552309,2151,7,1,1,1,558147,1787209393348.0906,0x800589,7907.225098,,552308,1787209385440.8655,2060705026,393,A,accepted_event,393,2060705026,0,throughput
1,552409,2152,7,1,1,1,558255,1787209393456.0894,0x80058a,7915.228516,,552408,1787209385540.8608,2060705026,394,A,accepted_event,394,2060705026,0,throughput
1,552513,2154,0,1,1,0,,,0x80058b,,,552512,1787209385644.856,2060705026,395,A,accepted_event,395,2060705026,0,throughput
1,552608,2155,0,1,1,0,,,0x80058c,,,552608,1787209385740.8516,2060705026,396,A,accepted_event,396,2060705026,0,throughput
1,552709,2156,7,1,1,1,559106,1787209394307.0786,0x80058d,8466.231689,,552708,1787209385840.847,2060705026,397,A,accepted_event,397,2060705026,0,throughput
1,552809,2157,7,1,1,1,558467,1787209393668.0867,0x80058e,7727.244629,,552808,1787209385940.842,2060705026,398,A,accepted_event,398,2060705026,0,throughput
1,552909,2158,7,1,1,1,558774,1787209393975.0828,0x80058f,7934.245361,,552908,1787209386040.8374,2060705026,399,A,accepted_event,399,2060705026,0,throughput
1,553010,2159,7,1,1,1,559077,1787209394278.079,0x800590,8136.246338,,553009,1787209386141.8328,2060705026,400,A,accepted_event,400,2060705026,0,throughput
1,553208,2160,0,1,1,0,,,0x800592,,,553208,1787209386340.8235,2060705026,402,A,accepted_event,402,2060705026,0,throughput
1,553511,2162,0,1,1,0,,,0x800595,,,553511,1787209386643.8093,2060705026,405,A,accepted_event,405,2060705026,0,throughput
1,553609,2163,7,1,1,1,559134,1787209394335.0784,0x800596,7593.273438,,553609,1787209386741.805,2060705026,406,A,accepted_event,406,2060705026,0,throughput
1,553909,2164,0,1,1,0,,,0x800599,,,553909,1787209387041.791,2060705026,409,A,accepted_event,409,2060705026,0,throughput
1,554710,2166,0,1,1,0,,,0x8005a1,,,554709,1787209387841.7537,2060705026,417,A,accepted_event,417,2060705026,1,throughput
1,554809,2167,0,1,1,0,,,0x8005a2,,,554808,1787209387940.749,2060705026,418,A,accepted_event,418,2060705026,1,throughput
1,554909,2168,0,1,1,0,,,0x8005a3,,,554908,1787209388040.7444,2060705026,419,A,accepted_event,419,2060705026,1,throughput
1,555009,2169,7,1,1,1,557549,1787209392750.0981,0x8005a4,4609.358398,,555008,1787209388140.7397,2060705026,420,A,accepted_event,420,2060705026,0,throughput
1,555109,2171,7,1,1,1,557781,1787209392982.0952,0x8005a5,4741.360107,,555108,1787209388240.735,2060705026,421,A,accepted_event,421,2060705026,0,throughput
1,555208,2172,7,1,1,1,557956,1787209393157.093,0x8005a6,4816.362549,,555208,1787209388340.7305,2060705026,422,A,accepted_event,422,2060705026,0,throughput
1,555308,2173,7,1,1,1,557988,1787209393189.0925,0x8005a7,4748.366699,,555308,1787209388440.7258,2060705026,423,A,accepted_event,423,2060705026,0,throughput
1,555409,2174,7,1,1,1,558014,1787209393215.0923,0x8005a8,4674.371094,,555408,1787209388540.7212,2060705026,424,A,accepted_event,424,2060705026,0,throughput
1,555508,2176,7,1,1,1,558120,1787209393321.091,0x8005a9,4680.374512,,555508,1787209388640.7166,2060705026,425,A,accepted_event,425,2060705026,0,throughput
1,556008,2177,7,1,1,1,558201,1787209393402.0898,0x8005ae,4261.396729,,556008,1787209389140.693,2060705026,430,A,accepted_event,430,2060705026,0,throughput
1,556608,2180,7,1,1,1,558802,1787209394003.0825,0x8005b4,4262.417236,,556608,1787209389740.6653,2060705026,436,A,accepted_event,436,2060705026,0,throughput
1,557209,2181,7,1,1,1,558968,1787209394169.0803,0x8005ba,3828.442871,,557208,1787209390340.6375,2060705026,442,A,accepted_event,442,2060705026,0,throughput
1,557310,2182,7,1,1,1,558995,1787209394196.08,0x8005bb,3754.44751,,557309,1787209390441.6326,2060705026,443,A,accepted_event,443,2060705026,0,throughput
1,558809,2186,7,1,1,1,559023,1787209394224.0798,0x8005ca,2282.51709,,558809,1787209391941.5627,2060705026,458,A,accepted_event,458,2060705026,0,throughput
1,559110,2194,7,1,1,1,559160,1787209394361.0781,0x8005cd,2119.529297,,559109,1787209392241.5488,2060705026,461,A,accepted_event,461,2060705026,0,throughput
1,559208,2196,7,1,1,1,559200,1787209394401.0776,0x8005ce,2060.533447,,559208,1787209392340.5442,2060705026,462,A,accepted_event,462,2060705026,0,throughput
1,559309,2197,7,1,1,1,559509,1787209394710.0737,0x8005cf,2269.53418,,559308,1787209392440.5396,2060705026,463,A,accepted_event,463,2060705026,0,throughput
1,559410,2198,7,1,1,1,559615,1787209394816.0725,0x8005d0,2274.537598,,559409,1787209392541.535,2060705026,464,A,accepted_event,464,2060705026,0,throughput
1,559511,2199,7,1,1,1,559749,1787209394950.0708,0x8005d1,2306.540527,,559511,1787209392643.5303,2060705026,465,A,accepted_event,465,2060705026,0,throughput
1,559609,2201,7,1,1,1,559778,1787209394979.0703,0x8005d2,2238.544678,,559608,1787209392740.5256,2060705026,466,A,accepted_event,466,2060705026,0,throughput
1,559709,2202,7,1,1,1,559805,1787209395006.07,0x8005d3,2165.549072,,559708,1787209392840.521,2060705026,467,A,accepted_event,467,2060705026,0,throughput
1,559809,2203,7,1,1,1,559899,1787209395100.0688,0x8005d4,2158.55249,,559809,1787209392941.5164,2060705026,468,A,accepted_event,468,2060705026,0,throughput
1,560109,2204,7,1,1,1,559968,1787209395169.068,0x8005d7,1928.565674,,560108,1787209393240.5024,2060705026,471,A,accepted_event,471,2060705026,0,throughput
1,560209,2205,7,1,1,1,559997,1787209395198.0676,0x8005d8,1856.570068,,560209,1787209393341.4976,2060705026,472,A,accepted_event,472,2060705026,0,throughput
1,560310,2206,7,1,1,1,560280,1787209395481.0642,0x8005d9,2039.571289,,560309,1787209393441.493,2060705026,473,A,accepted_event,473,2060705026,0,throughput
1,560408,2207,7,1,1,1,560561,1787209395762.0605,0x8005da,2221.572021,,560408,1787209393540.4885,2060705026,474,A,accepted_event,474,2060705026,0,throughput
1,560709,2209,7,1,1,1,560588,1787209395789.0603,0x8005dd,1947.585938,,560709,1787209393841.4744,2060705026,477,A,accepted_event,477,2060705026,0,throughput
1,560809,2210,7,1,1,1,560616,1787209395817.06,0x8005de,1875.590332,,560809,1787209393941.4697,2060705026,478,A,accepted_event,478,2060705026,0,throughput
1,561009,2211,7,1,1,1,560748,1787209395949.0583,0x8005e0,1807.5979,,561009,1787209394141.4604,2060705026,480,A,accepted_event,480,2060705026,0,throughput
1,561110,2212,7,1,1,1,560778,1787209395979.0579,0x8005e1,1737.602051,,561109,1787209394241.4558,2060705026,481,A,accepted_event,481,2060705026,0,throughput
1,561209,2213,7,1,1,1,560805,1787209396006.0576,0x8005e2,1665.606445,,561208,1787209394340.4512,2060705026,482,A,accepted_event,482,2060705026,0,throughput
1,561308,2215,7,1,1,1,561088,1787209396289.0542,0x8005e3,1848.607666,,561308,1787209394440.4465,2060705026,483,A,accepted_event,483,2060705026,0,throughput
1,561408,2216,7,1,1,1,561116,1787209396317.0537,0x8005e4,1776.611816,,561408,1787209394540.442,2060705026,484,A,accepted_event,484,2060705026,0,throughput
1,561509,2217,7,1,1,1,561397,1787209396598.0503,0x8005e5,1956.613037,,561509,1787209394641.4373,2060705026,485,A,accepted_event,485,2060705026,0,throughput
1,561609,2219,7,1,1,1,561424,1787209396625.05,0x8005e6,1883.617432,,561609,1787209394741.4326,2060705026,486,A,accepted_event,486,2060705026,0,throughput
1,561810,2220,7,1,1,1,561450,1787209396651.0496,0x8005e8,1709.626465,,561809,1787209394941.423,2060705026,488,A,accepted_event,488,2060705026,0,throughput
1,562108,2221,7,1,1,1,561477,1787209396678.0493,0x8005eb,1437.640137,,562108,1787209395240.4092,2060705026,491,A,accepted_event,491,2060705026,0,throughput
1,562210,2222,7,1,1,1,561505,1787209396706.049,0x8005ec,1364.644531,,562209,1787209395341.4045,2060705026,492,A,accepted_event,492,2060705026,0,throughput
1,562309,2223,7,1,1,1,561534,1787209396735.0486,0x8005ed,1294.648682,,562308,1787209395440.4,2060705026,493,A,accepted_event,493,2060705026,0,throughput
1,562409,2224,7,1,1,1,561563,1787209396764.0483,0x8005ee,1223.653076,,562408,1787209395540.3953,2060705026,494,A,accepted_event,494,2060705026,0,throughput
1,562508,2225,7,1,1,1,561849,1787209397050.0447,0x8005ef,1409.654053,,562508,1787209395640.3906,2060705026,495,A,accepted_event,495,2060705026,0,throughput
1,562609,2227,7,1,1,1,562004,1787209397205.0427,0x8005f0,1464.656738,,562608,1787209395740.386,2060705026,496,A,accepted_event,496,2060705026,0,throughput
1,562709,2228,7,1,1,1,562061,1787209397262.042,0x8005f1,1421.660645,,562708,1787209395840.3813,2060705026,497,A,accepted_event,497,2060705026,0,throughput
1,562809,2229,7,1,1,1,562118,1787209397319.0413,0x8005f2,1377.664551,,562809,1787209395941.3767,2060705026,498,A,accepted_event,498,2060705026,0,throughput
1,562909,2230,7,1,1,1,562400,1787209397601.0378,0x8005f3,1560.665771,,562908,1787209396040.372,2060705026,499,A,accepted_event,499,2060705026,0,throughput
1,563009,2231,7,1,1,1,562428,1787209397629.0376,0x8005f4,1488.670166,,563008,1787209396140.3674,2060705026,500,A,accepted_event,500,2060705026,0,throughput
1,563109,2233,7,1,1,1,563250,1787209398451.0273,0x8005f5,2209.664551,,563109,1787209396241.3628,2060705026,501,A,accepted_event,501,2060705026,0,throughput
1,563209,2234,7,1,1,1,563277,1787209398478.0269,0x8005f6,2137.668701,,563208,1787209396340.3582,2060705026,502,A,accepted_event,502,2060705026,0,throughput
1,563309,2235,7,1,1,1,563304,1787209398505.0266,0x8005f7,2064.673096,,563308,1787209396440.3535,2060705026,503,A,accepted_event,503,2060705026,0,throughput
1,563409,2236,7,1,1,1,563332,1787209398533.0264,0x8005f8,1991.677734,,563409,1787209396541.3486,2060705026,504,A,accepted_event,504,2060705026,0,throughput
1,563509,2237,7,1,1,1,563615,1787209398816.0227,0x8005f9,2174.678711,,563509,1787209396641.344,2060705026,505,A,accepted_event,505,2060705026,0,throughput
1,563610,2239,7,1,1,1,563643,1787209398844.0225,0x8005fa,2102.683105,,563609,1787209396741.3394,2060705026,506,A,accepted_event,506,2060705026,0,throughput
1,563708,2240,7,1,1,1,563669,1787209398870.022,0x8005fb,2029.687256,,563708,1787209396840.3347,2060705026,507,A,accepted_event,507,2060705026,0,throughput
1,563809,2241,7,1,1,1,563695,1787209398896.0217,0x8005fc,1955.69165,,563808,1787209396940.33,2060705026,508,A,accepted_event,508,2060705026,0,throughput
1,563909,2242,7,1,1,1,563721,1787209398922.0215,0x8005fd,1880.696045,,563909,1787209397041.3254,2060705026,509,A,accepted_event,509,2060705026,0,throughput
1,564009,2243,0,1,1,0,,,0x8005fe,,,564008,1787209397140.3208,2060705026,510,A,accepted_event,510,2060705026,0,throughput
1,564108,2245,7,1,1,1,564286,1787209399487.0144,0x8005ff,2246.698242,,564108,1787209397240.3162,2060705026,511,A,accepted_event,511,2060705026,0,throughput
1,564208,2246,7,1,1,1,564312,1787209399513.0142,0x800600,2172.702637,,564208,1787209397340.3115,2060705026,512,A,accepted_event,512,2060705026,0,throughput
1,564308,2247,7,1,1,1,564338,1787209399539.0137,0x800601,2098.706787,,564308,1787209397440.307,2060705026,513,A,accepted_event,513,2060705026,0,throughput
1,564409,2248,7,1,1,1,564365,1787209399566.0134,0x800602,2024.711182,,564409,1787209397541.3022,2060705026,514,A,accepted_event,514,2060705026,0,throughput
1,564509,2249,7,1,1,1,564846,1787209400047.0076,0x800603,2406.709961,,564508,1787209397640.2976,2060705026,515,A,accepted_event,515,2060705026,0,throughput
1,564608,2251,7,1,1,1,564873,1787209400074.007,0x800604,2333.714111,,564608,1787209397740.293,2060705026,516,A,accepted_event,516,2060705026,0,throughput
1,564709,2252,7,1,1,1,564900,1787209400101.0068,0x800605,2260.718506,,564708,1787209397840.2883,2060705026,517,A,accepted_event,517,2060705026,0,throughput
1,564811,2253,7,1,1,1,564926,1787209400127.0066,0x800606,2184.723145,,564810,1787209397942.2834,2060705026,518,A,accepted_event,518,2060705026,0,throughput
1,564908,2254,7,1,1,1,564953,1787209400154.006,0x800607,2113.727051,,564908,1787209398040.279,2060705026,519,A,accepted_event,519,2060705026,0,throughput
1,565009,2255,7,1,1,1,564983,1787209400184.0059,0x800608,2042.731689,,565009,1787209398141.2742,2060705026,520,A,accepted_event,520,2060705026,0,throughput
1,565709,2258,7,1,1,1,565038,1787209400239.0051,0x80060f,1398.763428,,565708,1787209398840.2417,2060705026,527,A,accepted_event,527,2060705026,1,throughput
1,565808,2259,7,1,1,1,565256,1787209400457.0024,0x800610,1516.765381,,565808,1787209398940.237,2060705026,528,A,accepted_event,528,2060705026,1,throughput
1,565908,2260,7,1,1,1,565311,1787209400512.0017,0x800611,1471.769287,,565908,1787209399040.2324,2060705026,529,A,accepted_event,529,2060705026,1,throughput
1,566008,2261,7,1,1,1,565340,1787209400541.0015,0x800612,1400.773682,,566008,1787209399140.2278,2060705026,530,A,accepted_event,530,2060705026,1,throughput
1,566111,2263,7,1,1,1,566102,1787209401302.992,0x800613,2059.769043,,566111,1787209399243.223,2060705026,531,A,accepted_event,531,2060705026,1,throughput
1,566209,2264,7,1,1,1,566130,1787209401330.9915,0x800614,1990.772949,,566208,1787209399340.2185,2060705026,532,A,accepted_event,532,2060705026,1,throughput
1,566309,2265,7,1,1,1,566156,1787209401356.9912,0x800615,1916.777344,,566308,1787209399440.2139,2060705026,533,A,accepted_event,533,2060705026,1,throughput
1,567009,2267,7,1,1,1,566185,1787209401385.991,0x80061c,1245.809814,,567008,1787209400140.1812,2060705026,540,A,accepted_event,540,2060705026,0,throughput
1,567109,2269,0,1,1,0,,,0x80061d,,,567108,1787209400240.1765,2060705026,541,A,accepted_event,541,2060705026,0,throughput
1,567208,2270,7,1,1,1,566619,1787209401819.9856,0x80061e,1479.813721,,567208,1787209400340.1719,2060705026,542,A,accepted_event,542,2060705026,0,throughput
1,567309,2271,7,1,1,1,566901,1787209402101.982,0x80061f,1660.814697,,567309,1787209400441.1672,2060705026,543,A,accepted_event,543,2060705026,0,throughput
1,567409,2272,7,1,1,1,566929,1787209402129.9817,0x800620,1589.819092,,567408,1787209400540.1626,2060705026,544,A,accepted_event,544,2060705026,0,throughput
1,567508,2273,7,1,1,1,567211,1787209402411.978,0x800621,1771.820068,,567508,1787209400640.158,2060705026,545,A,accepted_event,545,2060705026,0,throughput
1,567608,2275,7,1,1,1,567493,1787209402693.9746,0x800622,1953.821289,,567608,1787209400740.1533,2060705026,546,A,accepted_event,546,2060705026,0,throughput
1,567708,2276,7,1,1,1,567521,1787209402721.9744,0x800623,1881.825684,,567708,1787209400840.1487,2060705026,547,A,accepted_event,547,2060705026,0,throughput
1,567809,2277,7,1,1,1,567549,1787209402749.9739,0x800624,1808.829834,,567809,1787209400941.144,2060705026,548,A,accepted_event,548,2060705026,0,throughput
1,567909,2278,7,1,1,1,567576,1787209402776.9736,0x800625,1735.834229,,567909,1787209401041.1394,2060705026,549,A,accepted_event,549,2060705026,0,throughput
1,568009,2279,7,1,1,1,567603,1787209402803.9731,0x800626,1662.838623,,568009,1787209401141.1345,2060705026,550,A,accepted_event,550,2060705026,0,throughput
1,568108,2281,7,1,1,1,567656,1787209402856.9727,0x800627,1616.842529,,568108,1787209401240.1301,2060705026,551,A,accepted_event,551,2060705026,0,throughput
1,568208,2282,7,1,1,1,567683,1787209402883.9722,0x800628,1543.84668,,568208,1787209401340.1255,2060705026,552,A,accepted_event,552,2060705026,0,throughput
1,568809,2285,7,1,1,1,569464,1787209404664.9502,0x80062e,2724.852783,,568808,1787209401940.0974,2060705026,558,A,accepted_event,558,2060705026,1,throughput
1,568908,2286,7,1,1,1,569745,1787209404945.9468,0x80062f,2905.854004,,568908,1787209402040.0928,2060705026,559,A,accepted_event,559,2060705026,1,throughput
1,569008,2287,7,1,1,1,570028,1787209405228.943,0x800630,3088.85498,,569008,1787209402140.0881,2060705026,560,A,accepted_event,560,2060705026,1,throughput
1,569109,2292,7,1,1,1,570083,1787209405283.9424,0x800631,3042.858887,,569109,1787209402241.0835,2060705026,561,A,accepted_event,561,2060705026,1,throughput
1,569209,2296,7,1,1,1,570111,1787209405311.9421,0x800632,2970.863281,,569209,1787209402341.0789,2060705026,562,A,accepted_event,562,2060705026,1,throughput
1,569308,2299,7,1,1,1,570137,1787209405337.942,0x800633,2897.867676,,569308,1787209402440.0742,2060705026,563,A,accepted_event,563,2060705026,1,throughput
1,569409,2300,7,1,1,1,570422,1787209405622.9382,0x800634,3082.868652,,569408,1787209402540.0696,2060705026,564,A,accepted_event,564,2060705026,1,throughput
1,571308,2304,7,1,1,1,570701,1787209405901.9348,0x800647,1461.953613,,571308,1787209404439.9812,2060705026,583,A,accepted_event,583,2060705026,0,throughput
1,571409,2305,7,1,1,1,570984,1787209406184.9314,0x800648,1643.955078,,571409,1787209404540.9763,2060705026,584,A,accepted_event,584,2060705026,0,throughput
1,571508,2306,7,1,1,1,571013,1787209406213.931,0x800649,1573.959229,,571508,1787209404639.9717,2060705026,585,A,accepted_event,585,2060705026,0,throughput
1,571609,2308,7,1,1,1,571296,1787209406496.9275,0x80064a,1755.960449,,571609,1787209404740.967,2060705026,586,A,accepted_event,586,2060705026,0,throughput
1,571709,2309,7,1,1,1,571324,1787209406524.927,0x80064b,1683.9646,,571709,1787209404840.9624,2060705026,587,A,accepted_event,587,2060705026,0,throughput
1,571909,2310,7,1,1,1,571351,1787209406551.9268,0x80064d,1510.973633,,571909,1787209405040.9531,2060705026,589,A,accepted_event,589,2060705026,0,throughput
1,572008,2311,7,1,1,1,571633,1787209406833.9233,0x80064e,1693.974854,,572008,1787209405139.9485,2060705026,590,A,accepted_event,590,2060705026,0,throughput
1,572109,2313,7,1,1,1,571685,1787209406885.9226,0x80064f,1644.97876,,572109,1787209405240.9438,2060705026,591,A,accepted_event,591,2060705026,0,throughput
1,572208,2314,7,1,1,1,571712,1787209406912.9224,0x800650,1572.983154,,572208,1787209405339.9392,2060705026,592,A,accepted_event,592,2060705026,0,throughput
1,572310,2315,7,1,1,1,571741,1787209406941.9219,0x800651,1500.987305,,572309,1787209405440.9346,2060705026,593,A,accepted_event,593,2060705026,0,throughput
1,572409,2316,7,1,1,1,571769,1787209406969.9216,0x800652,1428.991699,,572409,1787209405540.93,2060705026,594,A,accepted_event,594,2060705026,0,throughput
1,572608,2318,7,1,1,1,571802,1787209407002.9211,0x800654,1263.000488,,572608,1787209405739.9207,2060705026,596,A,accepted_event,596,2060705026,0,throughput
1,963008,3468,7,1,2,1,960934,1787209796130.0916,0x800800,8.341797,,963008,1787209796121.7498,2060705026,0,A,accepted_event,0,2060705026,0,throughput
1,963108,3470,7,1,2,1,961036,1787209796232.09,0x800801,10.345215,,963108,1787209796221.7449,2060705026,1,A,accepted_event,1,2060705026,0,throughput
1,963208,3471,7,1,2,1,961135,1787209796331.0889,0x800802,9.348633,,963208,1787209796321.7402,2060705026,2,A,accepted_event,2,2060705026,0,throughput
1,963308,3472,7,1,2,1,961234,1787209796430.0876,0x800803,8.352051,,963308,1787209796421.7356,2060705026,3,A,accepted_event,3,2060705026,0,throughput
1,963409,3473,7,1,2,1,961336,1787209796532.0864,0x800804,9.355469,,963409,1787209796522.731,2060705026,4,A,accepted_event,4,2060705026,0,throughput
1,963508,3474,7,1,2,1,961434,1787209796630.0852,0x800805,8.358887,,963508,1787209796621.7263,2060705026,5,A,accepted_event,5,2060705026,0,throughput
1,963608,3475,7,1,2,1,961791,1787209796987.0808,0x800806,265.359131,,963608,1787209796721.7217,2060705026,6,A,accepted_event,6,2060705026,0,throughput
1,963709,3476,7,1,2,1,962073,1787209797269.0774,0x800807,446.360352,,963709,1787209796822.717,2060705026,7,A,accepted_event,7,2060705026,0,throughput
1,963808,3478,7,1,2,1,962100,1787209797296.077,0x800808,374.364502,,963808,1787209796921.7124,2060705026,8,A,accepted_event,8,2060705026,0,throughput
1,963908,3479,7,1,2,1,962388,1787209797584.0735,0x800809,562.365723,,963908,1787209797021.7078,2060705026,9,A,accepted_event,9,2060705026,0,throughput
1,964008,3480,7,1,2,1,962415,1787209797611.073,0x80080a,489.369873,,964008,1787209797121.7031,2060705026,10,A,accepted_event,10,2060705026,0,throughput
1,964108,3482,7,1,2,1,962727,1787209797923.069,0x80080b,701.370605,,964108,1787209797221.6985,2060705026,11,A,accepted_event,11,2060705026,0,throughput
1,964208,3483,7,1,2,1,962754,1787209797950.0688,0x80080c,628.375,,964208,1787209797321.6938,2060705026,12,A,accepted_event,12,2060705026,0,throughput
1,964308,3484,7,1,2,1,962780,1787209797976.0686,0x80080d,554.379395,,964308,1787209797421.6892,2060705026,13,A,accepted_event,13,2060705026,0,throughput
1,964409,3485,7,1,2,1,962809,1787209798005.068,0x80080e,483.383545,,964408,1787209797521.6846,2060705026,14,A,accepted_event,14,2060705026,0,throughput
1,964508,3486,7,1,2,1,962839,1787209798035.0679,0x80080f,413.387939,,964508,1787209797621.68,2060705026,15,A,accepted_event,15,2060705026,0,throughput
1,964609,3487,7,1,2,1,962866,1787209798062.0674,0x800810,339.392334,,964609,1787209797722.675,2060705026,16,A,accepted_event,16,2060705026,0,throughput
1,964708,3488,7,1,2,1,962956,1787209798152.0664,0x800811,330.395996,,964708,1787209797821.6704,2060705026,17,A,accepted_event,17,2060705026,0,throughput
1,964809,3490,7,1,2,1,963071,1787209798267.065,0x800812,345.39917,,964808,1787209797921.6658,2060705026,18,A,accepted_event,18,2060705026,0,throughput
1,964909,3491,7,1,2,1,963102,1787209798298.0645,0x800813,275.40332,,964909,1787209798022.6611,2060705026,19,A,accepted_event,19,2060705026,0,throughput
1,965008,3492,7,1,2,1,963297,1787209798493.062,0x800814,371.405518,,965008,1787209798121.6565,2060705026,20,A,accepted_event,20,2060705026,0,throughput
1,965108,3494,7,1,2,1,963671,1787209798867.0574,0x800815,645.405518,,965108,1787209798221.6519,2060705026,21,A,accepted_event,21,2060705026,0,throughput
1,965209,3495,7,1,2,1,963953,1787209799149.054,0x800816,827.406738,,965208,1787209798321.6472,2060705026,22,A,accepted_event,22,2060705026,0,throughput
1,965310,3496,7,1,2,1,963979,1787209799175.0537,0x800817,752.411133,,965309,1787209798422.6426,2060705026,23,A,accepted_event,23,2060705026,0,throughput
1,965409,3497,7,1,2,1,964006,1787209799202.0532,0x800818,679.415283,,965409,1787209798522.638,2060705026,24,A,accepted_event,24,2060705026,0,throughput
1,965508,3498,7,1,2,1,964794,1787209799990.0435,0x800819,1368.410156,,965508,1787209798621.6333,2060705026,25,A,accepted_event,25,2060705026,0,throughput
1,965608,3499,7,1,2,1,964803,1787209799999.0435,0x80081a,1277.414795,,965608,1787209798721.6287,2060705026,26,A,accepted_event,26,2060705026,0,throughput
1,965709,3500,7,1,2,1,964832,1787209800028.043,0x80081b,1205.418945,,965709,1787209798822.624,2060705026,27,A,accepted_event,27,2060705026,0,throughput
1,965809,3502,7,1,2,1,964860,1787209800056.0427,0x80081c,1133.42334,,965809,1787209798922.6194,2060705026,28,A,accepted_event,28,2060705026,0,throughput
1,965909,3503,7,1,2,1,964886,1787209800082.0425,0x80081d,1059.427979,,965909,1787209799022.6145,2060705026,29,A,accepted_event,29,2060705026,0,throughput
1,966009,3504,7,1,2,1,964913,1787209800109.042,0x80081e,986.432129,,966009,1787209799122.6099,2060705026,30,A,accepted_event,30,2060705026,0,throughput
1,966109,3506,7,1,2,1,965986,1787209801182.0288,0x80081f,1960.42334,,966108,1787209799221.6055,2060705026,31,A,accepted_event,31,2060705026,0,throughput
1,966209,3507,7,1,2,1,966014,1787209801210.0283,0x800820,1887.427734,,966209,1787209799322.6006,2060705026,32,A,accepted_event,32,2060705026,0,throughput
1,966309,3508,7,1,2,1,966551,1787209801747.0217,0x800821,2325.425781,,966308,1787209799421.596,2060705026,33,A,accepted_event,33,2060705026,0,throughput
1,966408,3509,7,1,2,1,966578,1787209801774.0215,0x800822,2252.430176,,966408,1787209799521.5913,2060705026,34,A,accepted_event,34,2060705026,0,throughput
1,966509,3510,7,1,2,1,966605,1787209801801.021,0x800823,2178.434326,,966509,1787209799622.5867,2060705026,35,A,accepted_event,35,2060705026,0,throughput
1,966608,3511,7,1,2,1,967267,1787209802463.013,0x800824,2741.430908,,966608,1787209799721.582,2060705026,36,A,accepted_event,36,2060705026,0,throughput
1,966709,3512,0,1,2,0,,,0x800825,,,966709,1787209799822.5774,2060705026,37,A,accepted_event,37,2060705026,0,throughput
1,966808,3514,0,1,2,0,,,0x800826,,,966808,1787209799921.5728,2060705026,38,A,accepted_event,38,2060705026,0,throughput
1,966909,3515,7,1,2,1,967295,1787209802491.0125,0x800827,2469.444336,,966908,1787209800021.568,2060705026,39,A,accepted_event,39,2060705026,0,throughput
1,967008,3516,7,1,2,1,967577,1787209802773.009,0x800828,2651.445557,,967008,1787209800121.5635,2060705026,40,A,accepted_event,40,2060705026,0,throughput
1,967109,3518,0,1,2,0,,,0x800829,,,967109,1787209800222.5588,2060705026,41,A,accepted_event,41,2060705026,0,throughput
1,967209,3519,0,1,2,0,,,0x80082a,,,967209,1787209800322.5542,2060705026,42,A,accepted_event,42,2060705026,0,throughput
1,967309,3520,7,1,2,1,967604,1787209802800.0085,0x80082b,2378.458984,,967308,1787209800421.5496,2060705026,43,A,accepted_event,43,2060705026,0,throughput
1,967409,3521,7,1,2,1,967728,1787209802924.007,0x80082c,2402.462158,,967408,1787209800521.545,2060705026,44,A,accepted_event,44,2060705026,0,throughput
1,967509,3522,7,1,2,1,968013,1787209803209.0037,0x80082d,2586.463623,,967509,1787209800622.54,2060705026,45,A,accepted_event,45,2060705026,0,throughput
1,967609,3523,7,1,2,1,968295,1787209803491.0,0x80082e,2768.4646,,967609,1787209800722.5354,2060705026,46,A,accepted_event,46,2060705026,0,throughput
1,967708,3524,7,1,2,1,968834,1787209804029.9934,0x80082f,3208.462646,,967708,1787209800821.5308,2060705026,47,A,accepted_event,47,2060705026,0,throughput
1,967808,3526,7,1,2,1,969116,1787209804311.99,0x800830,3390.463867,,967808,1787209800921.5261,2060705026,48,A,accepted_event,48,2060705026,0,throughput
1,967909,3527,7,1,2,1,970141,1787209805336.977,0x800831,4314.455566,,967909,1787209801022.5215,2060705026,49,A,accepted_event,49,2060705026,0,throughput
1,968008,3528,7,1,2,1,970170,1787209805365.9768,0x800832,4244.459961,,968008,1787209801121.5168,2060705026,50,A,accepted_event,50,2060705026,0,throughput
1,968208,3530,7,1,2,1,970225,1787209805420.976,0x800834,4099.468506,,968208,1787209801321.5076,2060705026,52,A,accepted_event,52,2060705026,0,throughput
1,968409,3531,7,1,2,1,970251,1787209805446.9758,0x800836,3924.477539,,968409,1787209801522.4983,2060705026,54,A,accepted_event,54,2060705026,0,throughput
1,969009,3533,7,1,2,1,970277,1787209805472.9756,0x80083c,3350.505371,,969009,1787209802122.4702,2060705026,60,A,accepted_event,60,2060705026,0,throughput
1,969609,3536,7,1,2,1,970332,1787209805527.9749,0x800842,2805.532471,,969609,1787209802722.4424,2060705026,66,A,accepted_event,66,2060705026,0,throughput
1,969909,3542,7,1,2,1,970616,1787209805811.9712,0x800845,2789.542725,,969909,1787209803022.4285,2060705026,69,A,accepted_event,69,2060705026,0,throughput
1,970209,3548,7,1,2,1,970901,1787209806096.9678,0x800848,2774.553223,,970209,1787209803322.4146,2060705026,72,A,accepted_event,72,2060705026,0,throughput
1,970308,3549,7,1,2,1,970929,1787209806124.9673,0x800849,2703.557373,,970308,1787209803421.41,2060705026,73,A,accepted_event,73,2060705026,0,throughput
1,970409,3550,7,1,2,1,970955,1787209806150.967,0x80084a,2629.561768,,970408,1787209803521.4053,2060705026,74,A,accepted_event,74,2060705026,0,throughput
1,970509,3551,0,1,2,0,,,0x80084b,,,970508,1787209803621.4006,2060705026,75,A,accepted_event,75,2060705026,0,throughput
1,970609,3552,0,1,2,0,,,0x80084c,,,970608,1787209803721.396,2060705026,76,A,accepted_event,76,2060705026,0,throughput
1,970709,3553,0,1,2,0,,,0x80084d,,,970708,1787209803821.3914,2060705026,77,A,accepted_event,77,2060705026,0,throughput
1,970809,3554,7,1,2,1,972633,1787209807828.9463,0x80084e,3907.559814,,970808,1787209803921.3865,2060705026,78,A,accepted_event,78,2060705026,0,throughput
1,970909,3556,7,1,2,1,972659,1787209807854.9458,0x80084f,3833.563965,,970908,1787209804021.3818,2060705026,79,A,accepted_event,79,2060705026,0,throughput
1,971010,3557,7,1,2,1,972685,1787209807880.9456,0x800850,3758.568359,,971009,1787209804122.3772,2060705026,80,A,accepted_event,80,2060705026,0,throughput
1,971511,3559,7,1,2,1,974295,1787209809490.9255,0x800855,4867.571533,,971510,1787209804623.354,2060705026,85,A,accepted_event,85,2060705026,1,throughput
1,971610,3560,7,1,2,1,974579,1787209809774.922,0x800856,5052.572754,,971609,1787209804722.3494,2060705026,86,A,accepted_event,86,2060705026,1,throughput
1,971708,3561,7,1,2,1,974605,1787209809800.9219,0x800857,4979.577148,,971708,1787209804821.3447,2060705026,87,A,accepted_event,87,2060705026,1,throughput
1,971809,3562,7,1,2,1,974635,1787209809830.9214,0x800858,4908.581299,,971809,1787209804922.34,2060705026,88,A,accepted_event,88,2060705026,1,throughput
1,971908,3564,7,1,2,1,974663,1787209809858.9211,0x800859,4837.585693,,971908,1787209805021.3354,2060705026,89,A,accepted_event,89,2060705026,1,throughput
1,972009,3565,7,1,2,1,974690,1787209809885.9207,0x80085a,4764.589844,,972008,1787209805121.3308,2060705026,90,A,accepted_event,90,2060705026,1,throughput
1,972110,3567,7,1,2,1,975000,1787209810195.9167,0x80085b,4973.59082,,972109,1787209805222.326,2060705026,91,A,accepted_event,91,2060705026,1,throughput
1,976408,3572,7,1,2,1,975237,1787209810432.9138,0x800886,911.787842,,976408,1787209809521.126,2060705026,134,A,accepted_event,134,2060705026,0,throughput
1,976509,3573,7,1,2,1,975288,1787209810483.9133,0x800887,861.791992,,976509,1787209809622.1213,2060705026,135,A,accepted_event,135,2060705026,0,throughput
1,976609,3574,7,1,2,1,975316,1787209810511.9128,0x800888,789.796143,,976609,1787209809722.1167,2060705026,136,A,accepted_event,136,2060705026,0,throughput
1,976710,3575,7,1,2,1,975424,1787209810619.9116,0x800889,797.799805,,976709,1787209809822.1118,2060705026,137,A,accepted_event,137,2060705026,0,throughput
1,976809,3576,7,1,2,1,975537,1787209810732.9102,0x80088a,811.802734,,976808,1787209809921.1074,2060705026,138,A,accepted_event,138,2060705026,0,throughput
1,976908,3578,7,1,2,1,975566,1787209810761.91,0x80088b,740.807129,,976908,1787209810021.1028,2060705026,139,A,accepted_event,139,2060705026,0,throughput
1,977009,3579,7,1,2,1,975606,1787209810801.9094,0x80088c,680.811523,,977008,1787209810121.098,2060705026,140,A,accepted_event,140,2060705026,0,throughput
1,977109,3581,7,1,2,1,976170,1787209811365.9023,0x80088d,1144.809082,,977108,1787209810221.0933,2060705026,141,A,accepted_event,141,2060705026,0,throughput
1,977209,3582,7,1,2,1,976452,1787209811647.899,0x80088e,1325.810303,,977209,1787209810322.0886,2060705026,142,A,accepted_event,142,2060705026,0,throughput
1,977309,3583,7,1,2,1,976480,1787209811675.8984,0x80088f,1254.814453,,977308,1787209810421.084,2060705026,143,A,accepted_event,143,2060705026,0,throughput
1,977409,3584,7,1,2,1,976507,1787209811702.8982,0x800890,1180.818848,,977409,1787209810522.0793,2060705026,144,A,accepted_event,144,2060705026,0,throughput
1,977508,3585,7,1,2,1,976532,1787209811727.898,0x800891,1106.823242,,977508,1787209810621.0747,2060705026,145,A,accepted_event,145,2060705026,0,throughput
1,977609,3586,7,1,2,1,976559,1787209811754.8975,0x800892,1032.827393,,977609,1787209810722.07,2060705026,146,A,accepted_event,146,2060705026,0,throughput
1,977708,3587,7,1,2,1,976588,1787209811783.8972,0x800893,962.831787,,977708,1787209810821.0654,2060705026,147,A,accepted_event,147,2060705026,0,throughput
1,977810,3588,7,1,2,1,976615,1787209811810.8967,0x800894,888.835938,,977809,1787209810922.0608,2060705026,148,A,accepted_event,148,2060705026,0,throughput
1,977908,3590,7,1,2,1,976643,1787209811838.8965,0x800895,817.840332,,977908,1787209811021.0562,2060705026,149,A,accepted_event,149,2060705026,0,throughput
1,978009,3591,7,1,2,1,976670,1787209811865.8962,0x800896,743.844727,,978009,1787209811122.0515,2060705026,150,A,accepted_event,150,2060705026,0,throughput
1,978109,3593,7,1,2,1,976724,1787209811919.8955,0x800897,697.848633,,978109,1787209811222.0469,2060705026,151,A,accepted_event,151,2060705026,0,throughput
1,978208,3594,7,1,2,1,976861,1787209812056.8938,0x800898,735.851562,,978208,1787209811321.0422,2060705026,152,A,accepted_event,152,2060705026,0,throughput
1,978310,3595,7,1,2,1,976890,1787209812085.8933,0x800899,663.855957,,978309,1787209811422.0374,2060705026,153,A,accepted_event,153,2060705026,0,throughput
1,978408,3596,7,1,2,1,976918,1787209812113.893,0x80089a,592.860107,,978408,1787209811521.033,2060705026,154,A,accepted_event,154,2060705026,0,throughput
1,978508,3597,7,1,2,1,977388,1787209812583.8872,0x80089b,962.858887,,978508,1787209811621.0283,2060705026,155,A,accepted_event,155,2060705026,0,throughput
1,978608,3598,7,1,2,1,977672,1787209812867.8838,0x80089c,1146.860352,,978608,1787209811721.0234,2060705026,156,A,accepted_event,156,2060705026,0,throughput
1,978708,3599,7,1,2,1,977956,1787209813151.8801,0x80089d,1330.861328,,978708,1787209811821.0188,2060705026,157,A,accepted_event,157,2060705026,0,throughput
1,978809,3600,7,1,2,1,978236,1787209813431.8767,0x80089e,1510.862549,,978808,1787209811921.0142,2060705026,158,A,accepted_event,158,2060705026,0,throughput
1,978909,3602,7,1,2,1,978264,1787209813459.8765,0x80089f,1437.866943,,978909,1787209812022.0095,2060705026,159,A,accepted_event,159,2060705026,0,throughput
1,979009,3603,7,1,2,1,978799,1787209813994.8696,0x8008a0,1872.864746,,979009,1787209812122.005,2060705026,160,A,accepted_event,160,2060705026,0,throughput
1,979109,3605,7,1,2,1,978852,1787209814047.8691,0x8008a1,1825.868896,,979109,1787209812222.0002,2060705026,161,A,accepted_event,161,2060705026,0,throughput
1,979212,3606,7,1,2,1,979596,1787209814791.8599,0x8008a2,2467.864502,,979211,1787209812323.9954,2060705026,162,A,accepted_event,162,2060705026,1,throughput
1,979309,3607,7,1,2,1,979878,1787209815073.8562,0x8008a3,2651.865234,,979309,1787209812421.991,2060705026,163,A,accepted_event,163,2060705026,1,throughput
1,979409,3608,7,1,2,1,979905,1787209815100.856,0x8008a4,2578.869629,,979409,1787209812521.9863,2060705026,164,A,accepted_event,164,2060705026,1,throughput
1,979508,3609,7,1,2,1,979935,1787209815130.8557,0x8008a5,2509.874023,,979508,1787209812620.9817,2060705026,165,A,accepted_event,165,2060705026,1,throughput
1,979609,3611,7,1,2,1,979962,1787209815157.8552,0x8008a6,2435.878174,,979609,1787209812721.977,2060705026,166,A,accepted_event,166,2060705026,1,throughput
1,979708,3612,7,1,2,1,979990,1787209815185.855,0x8008a7,2364.882568,,979708,1787209812820.9724,2060705026,167,A,accepted_event,167,2060705026,1,throughput
1,979809,3613,7,1,2,1,980016,1787209815211.8545,0x8008a8,2289.886963,,979809,1787209812921.9675,2060705026,168,A,accepted_event,168,2060705026,1,throughput
1,979909,3617,7,1,2,1,980043,1787209815238.8542,0x8008a9,2217.891113,,979908,1787209813020.9631,2060705026,169,A,accepted_event,169,2060705026,1,throughput
1,981709,3626,7,1,2,1,980069,1787209815264.854,0x8008bb,442.974854,,981709,1787209814821.8792,2060705026,187,A,accepted_event,187,2060705026,0,throughput
1,981810,3627,7,1,2,1,980097,1787209815292.8535,0x8008bc,369.979004,,981810,1787209814922.8745,2060705026,188,A,accepted_event,188,2060705026,0,throughput
1,981909,3628,7,1,2,1,980124,1787209815319.8533,0x8008bd,297.983398,,981909,1787209815021.8699,2060705026,189,A,accepted_event,189,2060705026,0,throughput
1,982009,3629,7,1,2,1,980587,1787209815782.8474,0x8008be,660.982178,,982009,1787209815121.8652,2060705026,190,A,accepted_event,190,2060705026,0,throughput
1,982109,3632,7,1,2,1,980723,1787209815918.846,0x8008bf,697.985352,,982108,1787209815220.8606,2060705026,191,A,accepted_event,191,2060705026,0,throughput
1,982209,3633,7,1,2,1,980837,1787209816032.8445,0x8008c0,711.988525,,982208,1787209815320.856,2060705026,192,A,accepted_event,192,2060705026,0,throughput
1,982309,3634,7,1,2,1,980866,1787209816061.844,0x8008c1,639.992676,,982309,1787209815421.8513,2060705026,193,A,accepted_event,193,2060705026,0,throughput
1,982408,3635,7,1,2,1,980893,1787209816088.8438,0x8008c2,567.99707,,982408,1787209815520.8467,2060705026,194,A,accepted_event,194,2060705026,0,throughput
1,982508,3636,0,1,2,0,,,0x8008c3,,,982508,1787209815620.842,2060705026,195,A,accepted_event,195,2060705026,0,throughput
1,982610,3637,0,1,2,0,,,0x8008c4,,,982609,1787209815721.8374,2060705026,196,A,accepted_event,196,2060705026,0,throughput
1,982709,3638,7,1,2,1,982717,1787209817912.821,0x8008c5,2091.988281,,982708,1787209815820.8328,2060705026,197,A,accepted_event,197,2060705026,0,throughput
1,982809,3639,7,1,2,1,982744,1787209817939.8208,0x8008c6,2018.992676,,982808,1787209815920.8281,2060705026,198,A,accepted_event,198,2060705026,0,throughput
1,982908,3640,7,1,2,1,982771,1787209817966.8203,0x8008c7,1945.996826,,982908,1787209816020.8235,2060705026,199,A,accepted_event,199,2060705026,0,throughput
1,983009,3641,0,1,2,0,,,0x8008c8,,,983009,1787209816121.8186,2060705026,200,A,accepted_event,200,2060705026,0,throughput
1,983109,3644,0,1,2,0,,,0x8008c9,,,983109,1787209816221.814,2060705026,201,A,accepted_event,201,2060705026,0,throughput
1,983208,3645,0,1,2,0,,,0x8008ca,,,983208,1787209816320.8093,2060705026,202,A,accepted_event,202,2060705026,0,throughput
1,983309,3646,0,1,2,0,,,0x8008cb,,,983309,1787209816421.8047,2060705026,203,A,accepted_event,203,2060705026,0,throughput
1,983409,3647,0,1,2,0,,,0x8008cc,,,983409,1787209816521.8,2060705026,204,A,accepted_event,204,2060705026,0,throughput
1,983508,3648,0,1,2,0,,,0x8008cd,,,983508,1787209816620.7954,2060705026,205,A,accepted_event,205,2060705026,0,throughput
1,983609,3649,0,1,2,0,,,0x8008ce,,,983609,1787209816721.7908,2060705026,206,A,accepted_event,206,2060705026,0,throughput
1,983709,3650,7,1,2,1,986770,1787209821965.7708,0x8008cf,5143.984619,,983709,1787209816821.7861,2060705026,207,A,accepted_event,207,2060705026,0,throughput
1,983809,3651,7,1,2,1,985036,1787209820231.7922,0x8008d0,3311.010742,,983808,1787209816920.7815,2060705026,208,A,accepted_event,208,2060705026,1,throughput
1,983908,3652,7,1,2,1,985066,1787209820261.792,0x8008d1,3241.015137,,983908,1787209817020.7769,2060705026,209,A,accepted_event,209,2060705026,1,throughput
1,984008,3653,7,1,2,1,985094,1787209820289.7915,0x8008d2,3169.019287,,984008,1787209817120.7722,2060705026,210,A,accepted_event,210,2060705026,1,throughput
1,984109,3656,7,1,2,1,985402,1787209820597.7878,0x8008d3,3376.020264,,984109,1787209817221.7676,2060705026,211,A,accepted_event,211,2060705026,1,throughput
1,984209,3657,7,1,2,1,985430,1787209820625.7874,0x8008d4,3304.024414,,984209,1787209817321.763,2060705026,212,A,accepted_event,212,2060705026,1,throughput
1,984309,3658,7,1,2,1,985456,1787209820651.787,0x8008d5,3230.028809,,984309,1787209817421.7583,2060705026,213,A,accepted_event,213,2060705026,1,throughput
1,984409,3659,7,1,2,1,985483,1787209820678.7869,0x8008d6,3157.033203,,984409,1787209817521.7537,2060705026,214,A,accepted_event,214,2060705026,1,throughput
1,986309,3662,7,1,2,1,985510,1787209820705.7864,0x8008e9,1285.121338,,986308,1787209819420.665,2060705026,233,A,accepted_event,233,2060705026,0,throughput
1,986608,3663,7,1,2,1,985539,1787209820734.7861,0x8008ec,1014.13501,,986608,1787209819720.6511,2060705026,236,A,accepted_event,236,2060705026,0,throughput
1,987209,3665,7,1,2,1,985825,1787209821020.7825,0x8008f2,700.15918,,987208,1787209820320.6233,2060705026,242,A,accepted_event,242,2060705026,0,throughput
1,987309,3666,7,1,2,1,985851,1787209821046.7822,0x8008f3,626.163574,,987308,1787209820420.6187,2060705026,243,A,accepted_event,243,2060705026,0,throughput
1,987409,3667,7,1,2,1,986261,1787209821456.777,0x8008f4,936.163086,,987408,1787209820520.614,2060705026,244,A,accepted_event,244,2060705026,0,throughput
1,987509,3668,7,1,2,1,987053,1787209822248.7673,0x8008f5,1628.157959,,987508,1787209820620.6094,2060705026,245,A,accepted_event,245,2060705026,0,throughput
1,987609,3669,7,1,2,1,987080,1787209822275.7668,0x8008f6,1555.162109,,987608,1787209820720.6047,2060705026,246,A,accepted_event,246,2060705026,0,throughput
1,987709,3670,7,1,2,1,987108,1787209822303.7666,0x8008f7,1483.166504,,987708,1787209820820.6,2060705026,247,A,accepted_event,247,2060705026,0,throughput
1,987809,3671,7,1,2,1,987137,1787209822332.766,0x8008f8,1412.170654,,987808,1787209820920.5955,2060705026,248,A,accepted_event,248,2060705026,0,throughput
1,987909,3672,7,1,2,1,987165,1787209822360.7659,0x8008f9,1340.175293,,987908,1787209821020.5906,2060705026,249,A,accepted_event,249,2060705026,0,throughput
1,988009,3673,7,1,2,1,987448,1787209822643.7625,0x8008fa,1523.176514,,988008,1787209821120.586,2060705026,250,A,accepted_event,250,2060705026,0,throughput
1,988109,3675,7,1,2,1,987758,1787209822953.7585,0x8008fb,1733.177246,,988108,1787209821220.5813,2060705026,251,A,accepted_event,251,2060705026,0,throughput
1,988208,3677,7,1,2,1,987785,1787209822980.7583,0x8008fc,1660.181641,,988208,1787209821320.5767,2060705026,252,A,accepted_event,252,2060705026,0,throughput
1,988312,3678,7,1,2,1,987812,1787209823007.7578,0x8008fd,1584.185791,,988311,1787209821423.572,2060705026,253,A,accepted_event,253,2060705026,0,throughput
1,988409,3679,7,1,2,1,987837,1787209823032.7576,0x8008fe,1511.190186,,988409,1787209821521.5674,2060705026,254,A,accepted_event,254,2060705026,0,throughput
1,988508,3680,7,1,2,1,988119,1787209823314.7542,0x8008ff,1694.191406,,988508,1787209821620.5627,2060705026,255,A,accepted_event,255,2060705026,0,throughput
1,988809,3681,7,1,2,1,988145,1787209823340.7537,0x800902,1419.204834,,988809,1787209821921.5488,2060705026,258,A,accepted_event,258,2060705026,0,throughput
1,988909,3682,7,1,2,1,988425,1787209823620.7502,0x800903,1600.206055,,988908,1787209822020.5442,2060705026,259,A,accepted_event,259,2060705026,0,throughput
1,989010,3683,7,1,2,1,988454,1787209823649.7498,0x800904,1528.210205,,989009,1787209822121.5396,2060705026,260,A,accepted_event,260,2060705026,0,throughput
1,989109,3685,7,1,2,1,988507,1787209823702.7493,0x800905,1482.214355,,989108,1787209822220.535,2060705026,261,A,accepted_event,261,2060705026,0,throughput
1,989209,3687,7,1,2,1,988789,1787209823984.7456,0x800906,1664.215332,,989208,1787209822320.5303,2060705026,262,A,accepted_event,262,2060705026,0,throughput
1,989312,3688,7,1,2,1,988816,1787209824011.7454,0x800907,1587.219971,,989312,1787209822424.5254,2060705026,263,A,accepted_event,263,2060705026,0,throughput
1,989410,3689,7,1,2,1,988845,1787209824040.745,0x800908,1519.224365,,989409,1787209822521.5208,2060705026,264,A,accepted_event,264,2060705026,0,throughput
1,989508,3690,7,1,2,1,988872,1787209824067.7446,0x800909,1447.228516,,989508,1787209822620.516,2060705026,265,A,accepted_event,265,2060705026,0,throughput
1,989608,3691,7,1,2,1,989154,1787209824349.7412,0x80090a,1629.229736,,989608,1787209822720.5115,2060705026,266,A,accepted_event,266,2060705026,0,throughput
1,989710,3693,7,1,2,1,989181,1787209824376.741,0x80090b,1555.234131,,989709,1787209822821.5068,2060705026,267,A,accepted_event,267,2060705026,0,throughput
1,989809,3694,7,1,2,1,989350,1787209824545.7388,0x80090c,1625.236572,,989808,1787209822920.5022,2060705026,268,A,accepted_event,268,2060705026,0,throughput
1,989909,3695,7,1,2,1,989631,1787209824826.7354,0x80090d,1806.237793,,989908,1787209823020.4976,2060705026,269,A,accepted_event,269,2060705026,0,throughput
1,990009,3696,7,1,2,1,989657,1787209824852.7349,0x80090e,1731.241943,,990009,1787209823121.493,2060705026,270,A,accepted_event,270,2060705026,0,throughput
1,990109,3699,7,1,2,1,989789,1787209824984.7334,0x80090f,1764.245117,,990108,1787209823220.4883,2060705026,271,A,accepted_event,271,2060705026,0,throughput
1,990209,3700,7,1,2,1,989816,1787209825011.733,0x800910,1691.249268,,990208,1787209823320.4836,2060705026,272,A,accepted_event,272,2060705026,0,throughput
1,990308,3704,7,1,2,1,989844,1787209825039.7327,0x800911,1619.253662,,990308,1787209823420.479,2060705026,273,A,accepted_event,273,2060705026,0,throughput
1,990411,3707,7,1,2,1,989874,1787209825069.7322,0x800912,1547.258057,,990410,1787209823522.474,2060705026,274,A,accepted_event,274,2060705026,0,throughput
1,990509,3711,7,1,2,1,990001,1787209825196.7307,0x800913,1576.260986,,990508,1787209823620.4697,2060705026,275,A,accepted_event,275,2060705026,0,throughput
1,990609,3713,7,1,2,1,990080,1787209825275.7297,0x800914,1554.264648,,990609,1787209823721.465,2060705026,276,A,accepted_event,276,2060705026,0,throughput
1,990708,3714,7,1,2,1,990127,1787209825322.729,0x800915,1502.268555,,990708,1787209823820.4604,2060705026,277,A,accepted_event,277,2060705026,0,throughput
1,990808,3715,7,1,2,1,990156,1787209825351.7288,0x800916,1431.272949,,990808,1787209823920.4558,2060705026,278,A,accepted_event,278,2060705026,0,throughput
1,990909,3716,7,1,2,1,990184,1787209825379.7285,0x800917,1359.277344,,990908,1787209824020.4512,2060705026,279,A,accepted_event,279,2060705026,0,throughput
1,991009,3717,7,1,2,1,990212,1787209825407.728,0x800918,1287.281738,,991008,1787209824120.4463,2060705026,280,A,accepted_event,280,2060705026,0,throughput
1,991110,3719,7,1,2,1,991170,1787209826365.716,0x800919,2144.274414,,991109,1787209824221.4417,2060705026,281,A,accepted_event,281,2060705026,0,throughput
1,991209,3720,7,1,2,1,991197,1787209826392.7158,0x80091a,2072.278809,,991208,1787209824320.437,2060705026,282,A,accepted_event,282,2060705026,0,throughput
1,991309,3722,7,1,2,1,990350,1787209825545.7263,0x80091b,1125.293945,,991308,1787209824420.4324,2060705026,283,A,accepted_event,283,2060705026,0,throughput
1,991409,3723,7,1,2,1,991224,1787209826419.7156,0x80091c,1899.287842,,991408,1787209824520.4277,2060705026,284,A,accepted_event,284,2060705026,0,throughput
1,991508,3724,7,1,2,1,991251,1787209826446.715,0x80091d,1826.291992,,991508,1787209824620.423,2060705026,285,A,accepted_event,285,2060705026,0,throughput
1,991609,3725,7,1,2,1,991277,1787209826472.7148,0x80091e,1752.296387,,991608,1787209824720.4185,2060705026,286,A,accepted_event,286,2060705026,0,throughput
1,991709,3726,7,1,2,1,991304,1787209826499.7146,0x80091f,1679.300781,,991708,1787209824820.4138,2060705026,287,A,accepted_event,287,2060705026,0,throughput
1,991810,3727,7,1,2,1,991331,1787209826526.714,0x800920,1605.304932,,991809,1787209824921.4092,2060705026,288,A,accepted_event,288,2060705026,0,throughput
1,991909,3728,7,1,2,1,991358,1787209826553.7139,0x800921,1533.309326,,991908,1787209825020.4045,2060705026,289,A,accepted_event,289,2060705026,0,throughput
1,992009,3729,7,1,2,1,991385,1787209826580.7134,0x800922,1460.313477,,992008,1787209825120.4,2060705026,290,A,accepted_event,290,2060705026,0,throughput
1,992109,3731,7,1,2,1,991633,1787209826828.7104,0x800923,1608.315186,,992108,1787209825220.3953,2060705026,291,A,accepted_event,291,2060705026,0,throughput
1,992209,3732,7,1,2,1,992014,1787209827209.7058,0x800924,1888.31543,,992209,1787209825321.3904,2060705026,292,A,accepted_event,292,2060705026,0,throughput
1,992409,3734,7,1,2,1,992300,1787209827495.7021,0x800926,1974.321045,,992409,1787209825521.381,2060705026,294,A,accepted_event,294,2060705026,0,throughput
1,992508,3735,7,1,2,1,992327,1787209827522.702,0x800927,1902.325439,,992508,1787209825620.3765,2060705026,295,A,accepted_event,295,2060705026,0,throughput
1,992709,3736,7,1,2,1,992353,1787209827548.7014,0x800929,1727.334229,,992709,1787209825821.3672,2060705026,297,A,accepted_event,297,2060705026,0,throughput
1,992809,3737,7,1,2,1,992379,1787209827574.7012,0x80092a,1654.338623,,992808,1787209825920.3625,2060705026,298,A,accepted_event,298,2060705026,0,throughput
1,992909,3738,7,1,2,1,992406,1787209827601.701,0x80092b,1581.343018,,992908,1787209826020.358,2060705026,299,A,accepted_event,299,2060705026,0,throughput
1,993009,3739,7,1,2,1,992433,1787209827628.7004,0x80092c,1508.347168,,993008,1787209826120.3533,2060705026,300,A,accepted_event,300,2060705026,0,throughput
1,993109,3741,7,1,2,1,992743,1787209827938.6965,0x80092d,1718.3479,,993108,1787209826220.3486,2060705026,301,A,accepted_event,301,2060705026,0,throughput
1,993209,3742,7,1,2,1,992771,1787209827966.6963,0x80092e,1646.352295,,993208,1787209826320.344,2060705026,302,A,accepted_event,302,2060705026,0,throughput
1,993309,3743,7,1,2,1,992797,1787209827992.696,0x80092f,1572.356689,,993308,1787209826420.3394,2060705026,303,A,accepted_event,303,2060705026,0,throughput
1,993410,3745,7,1,2,1,992823,1787209828018.6956,0x800930,1497.36084,,993409,1787209826521.3347,2060705026,304,A,accepted_event,304,2060705026,0,throughput
1,993509,3746,7,1,2,1,993015,1787209828210.6934,0x800931,1590.363281,,993508,1787209826620.33,2060705026,305,A,accepted_event,305,2060705026,0,throughput
1,993609,3747,7,1,2,1,993552,1787209828747.6865,0x800932,2027.361084,,993608,1787209826720.3254,2060705026,306,A,accepted_event,306,2060705026,0,throughput
1,993709,3748,7,1,2,1,993579,1787209828774.6863,0x800933,1954.365479,,993708,1787209826820.3208,2060705026,307,A,accepted_event,307,2060705026,0,throughput
1,993809,3749,7,1,2,1,993605,1787209828800.686,0x800934,1879.370117,,993809,1787209826921.316,2060705026,308,A,accepted_event,308,2060705026,0,throughput
1,993908,3750,7,1,2,1,993088,1787209828283.6924,0x800935,1263.380859,,993908,1787209827020.3115,2060705026,309,A,accepted_event,309,2060705026,0,throughput
1,994008,3751,7,1,2,1,993144,1787209828339.6917,0x800936,1219.384766,,994008,1787209827120.307,2060705026,310,A,accepted_event,310,2060705026,0,throughput
1,994109,3753,7,1,2,1,993886,1787209829081.6824,0x800937,1861.380371,,994108,1787209827220.302,2060705026,311,A,accepted_event,311,2060705026,0,throughput
1,994209,3754,7,1,2,1,993912,1787209829107.6821,0x800938,1787.384766,,994208,1787209827320.2974,2060705026,312,A,accepted_event,312,2060705026,0,throughput
1,994309,3755,7,1,2,1,993939,1787209829134.682,0x800939,1714.38916,,994308,1787209827420.2927,2060705026,313,A,accepted_event,313,2060705026,0,throughput
1,994408,3756,7,1,2,1,994003,1787209829198.681,0x80093a,1678.392822,,994408,1787209827520.288,2060705026,314,A,accepted_event,314,2060705026,0,throughput
1,994508,3758,7,1,2,1,994030,1787209829225.6807,0x80093b,1605.397217,,994508,1787209827620.2834,2060705026,315,A,accepted_event,315,2060705026,0,throughput
1,994609,3759,7,1,2,1,994089,1787209829284.68,0x80093c,1564.401123,,994608,1787209827720.2788,2060705026,316,A,accepted_event,316,2060705026,0,throughput
1,994709,3760,7,1,2,1,994143,1787209829338.6792,0x80093d,1518.405029,,994708,1787209827820.2742,2060705026,317,A,accepted_event,317,2060705026,0,throughput
1,994808,3761,7,1,2,1,994427,1787209829622.6758,0x80093e,1702.40625,,994808,1787209827920.2695,2060705026,318,A,accepted_event,318,2060705026,0,throughput
1,994908,3762,7,1,2,1,994455,1787209829650.6753,0x80093f,1630.4104,,994908,1787209828020.265,2060705026,319,A,accepted_event,319,2060705026,0,throughput
1,995108,3763,7,1,2,1,994484,1787209829679.675,0x800941,1459.419434,,995108,1787209828220.2556,2060705026,321,A,accepted_event,321,2060705026,0,throughput
1,995209,3764,7,1,2,1,995022,1787209830217.6685,0x800942,1896.41748,,995209,1787209828321.251,2060705026,322,A,accepted_event,322,2060705026,0,throughput
1,995408,3765,7,1,2,1,995050,1787209830245.668,0x800944,1725.42627,,995408,1787209828520.2417,2060705026,324,A,accepted_event,324,2060705026,0,throughput
1,995508,3767,7,1,2,1,995077,1787209830272.6677,0x800945,1652.430664,,995508,1787209828620.237,2060705026,325,A,accepted_event,325,2060705026,0,throughput
1,995609,3768,7,1,2,1,995357,1787209830552.6643,0x800946,1831.432129,,995609,1787209828721.2322,2060705026,326,A,accepted_event,326,2060705026,0,throughput
1,995708,3769,7,1,2,1,995383,1787209830578.6638,0x800947,1758.436279,,995708,1787209828820.2275,2060705026,327,A,accepted_event,327,2060705026,0,throughput
1,995808,3770,7,1,2,1,995409,1787209830604.6636,0x800948,1684.440674,,995808,1787209828920.223,2060705026,328,A,accepted_event,328,2060705026,0,throughput
1,995909,3771,7,1,2,1,995436,1787209830631.6633,0x800949,1611.445068,,995908,1787209829020.2183,2060705026,329,A,accepted_event,329,2060705026,0,throughput
1,996009,3772,7,1,2,1,995464,1787209830659.6628,0x80094a,1539.449219,,996008,1787209829120.2136,2060705026,330,A,accepted_event,330,2060705026,0,throughput
1,996109,3774,7,1,2,1,995992,1787209831187.6562,0x80094b,1967.447266,,996108,1787209829220.209,2060705026,331,A,accepted_event,331,2060705026,0,throughput
1,996210,3775,7,1,2,1,996273,1787209831468.6528,0x80094c,2147.448486,,996209,1787209829321.2043,2060705026,332,A,accepted_event,332,2060705026,0,throughput
1,996310,3776,7,1,2,1,996300,1787209831495.6526,0x80094d,2074.452881,,996309,1787209829421.1997,2060705026,333,A,accepted_event,333,2060705026,0,throughput
1,996409,3777,7,1,2,1,996326,1787209831521.652,0x80094e,2000.457031,,996409,1787209829521.195,2060705026,334,A,accepted_event,334,2060705026,0,throughput
1,996510,3779,7,1,2,1,996354,1787209831549.6519,0x80094f,1928.461426,,996509,1787209829621.1904,2060705026,335,A,accepted_event,335,2060705026,0,throughput
1,996810,3780,7,1,2,1,996380,1787209831575.6516,0x800952,1654.475098,,996809,1787209829921.1765,2060705026,338,A,accepted_event,338,2060705026,0,throughput
1,996909,3781,7,1,2,1,996406,1787209831601.6511,0x800953,1581.479248,,996908,1787209830020.1719,2060705026,339,A,accepted_event,339,2060705026,0,throughput
1,997008,3782,7,1,2,1,996692,1787209831887.6477,0x800954,1767.480469,,997008,1787209830120.1672,2060705026,340,A,accepted_event,340,2060705026,0,throughput
1,997108,3784,7,1,2,1,996744,1787209831939.647,0x800955,1719.484375,,997108,1787209830220.1626,2060705026,341,A,accepted_event,341,2060705026,0,throughput
1,997210,3785,7,1,2,1,996771,1787209831966.6467,0x800956,1645.489014,,997209,1787209830321.1577,2060705026,342,A,accepted_event,342,2060705026,0,throughput
1,997309,3786,7,1,2,1,996798,1787209831993.6462,0x800957,1573.493164,,997308,1787209830420.153,2060705026,343,A,accepted_event,343,2060705026,0,throughput
1,997409,3787,7,1,2,1,997248,1787209832443.6406,0x800958,1923.492188,,997408,1787209830520.1484,2060705026,344,A,accepted_event,344,2060705026,0,throughput
1,997509,3788,7,1,2,1,997277,1787209832472.6404,0x800959,1852.496582,,997508,1787209830620.1438,2060705026,345,A,accepted_event,345,2060705026,0,throughput
1,997609,3790,7,1,2,1,997639,1787209832834.636,0x80095a,2114.496826,,997608,1787209830720.1392,2060705026,346,A,accepted_event,346,2060705026,0,throughput
1,997709,3791,7,1,2,1,998177,1787209833372.6292,0x80095b,2552.494629,,997708,1787209830820.1345,2060705026,347,A,accepted_event,347,2060705026,0,throughput
1,997809,3792,7,1,2,1,998206,1787209833401.629,0x80095c,2481.499023,,997808,1787209830920.13,2060705026,348,A,accepted_event,348,2060705026,0,throughput
1,997910,3793,7,1,2,1,997558,1787209832753.637,0x80095d,1732.511719,,997909,1787209831021.1252,2060705026,349,A,accepted_event,349,2060705026,0,throughput
1,998009,3794,7,1,2,1,997586,1787209832781.6365,0x80095e,1661.515869,,998008,1787209831120.1206,2060705026,350,A,accepted_event,350,2060705026,0,throughput
1,998109,3796,7,1,2,1,998233,1787209833428.6284,0x80095f,2208.512451,,998108,1787209831220.116,2060705026,351,A,accepted_event,351,2060705026,0,throughput
1,998209,3797,7,1,2,1,998260,1787209833455.6282,0x800960,2135.516846,,998208,1787209831320.1113,2060705026,352,A,accepted_event,352,2060705026,0,throughput
1,998310,3798,7,1,2,1,998287,1787209833482.628,0x800961,2061.52124,,998309,1787209831421.1067,2060705026,353,A,accepted_event,353,2060705026,0,throughput
1,998409,3799,7,1,2,1,998314,1787209833509.6274,0x800962,1989.525391,,998408,1787209831520.102,2060705026,354,A,accepted_event,354,2060705026,0,throughput
1,998510,3800,7,1,2,1,998340,1787209833535.6272,0x800963,1914.530029,,998509,1787209831621.0972,2060705026,355,A,accepted_event,355,2060705026,0,throughput
1,998613,3802,7,1,2,1,998367,1787209833562.627,0x800964,1838.534424,,998612,1787209831724.0925,2060705026,356,A,accepted_event,356,2060705026,0,throughput
1,998709,3803,7,1,2,1,998621,1787209833816.6238,0x800965,1996.535889,,998708,1787209831820.088,2060705026,357,A,accepted_event,357,2060705026,0,throughput
1,998809,3804,7,1,2,1,998395,1787209833590.6265,0x800966,1670.543213,,998808,1787209831920.0833,2060705026,358,A,accepted_event,358,2060705026,0,throughput
1,998910,3805,7,1,2,1,998537,1787209833732.6248,0x800967,1711.546143,,998909,1787209832021.0786,2060705026,359,A,accepted_event,359,2060705026,0,throughput
1,999009,3806,7,1,2,1,998565,1787209833760.6243,0x800968,1640.550293,,999008,1787209832120.074,2060705026,360,A,accepted_event,360,2060705026,0,throughput
1,999110,3808,7,1,2,1,998793,1787209833988.6216,0x800969,1767.552246,,999109,1787209832221.0693,2060705026,361,A,accepted_event,361,2060705026,0,throughput
1,999209,3809,7,1,2,1,998894,1787209834089.6204,0x80096a,1769.555664,,999208,1787209832320.0647,2060705026,362,A,accepted_event,362,2060705026,0,throughput
1,999310,3810,7,1,2,1,999149,1787209834344.6172,0x80096b,1923.557129,,999309,1787209832421.06,2060705026,363,A,accepted_event,363,2060705026,0,throughput
1,999408,3811,7,1,2,1,999177,1787209834372.6167,0x80096c,1852.561279,,999408,1787209832520.0554,2060705026,364,A,accepted_event,364,2060705026,0,throughput
1,999508,3812,7,1,2,1,999205,1787209834400.6165,0x80096d,1780.565674,,999508,1787209832620.0508,2060705026,365,A,accepted_event,365,2060705026,0,throughput
1,999609,3813,7,1,2,1,999234,1787209834429.616,0x80096e,1709.569824,,999608,1787209832720.0461,2060705026,366,A,accepted_event,366,2060705026,0,throughput
1,999709,3814,7,1,2,1,999260,1787209834455.6157,0x80096f,1635.574219,,999708,1787209832820.0415,2060705026,367,A,accepted_event,367,2060705026,0,throughput
1,999808,3816,7,1,2,1,999545,1787209834740.6123,0x800970,1820.575439,,999808,1787209832920.0369,2060705026,368,A,accepted_event,368,2060705026,0,throughput
1,999909,3818,7,1,2,1,999828,1787209835023.6086,0x800971,2003.576416,,999908,1787209833020.0322,2060705026,369,A,accepted_event,369,2060705026,0,throughput
1,1000008,3819,7,1,2,1,1000362,1787209835557.602,0x800972,2437.574463,,1000008,1787209833120.0276,2060705026,370,A,accepted_event,370,2060705026,0,throughput
1,1000109,3821,7,1,2,1,1000651,1787209835846.5984,0x800973,2625.575684,,1000109,1787209833221.0227,2060705026,371,A,accepted_event,371,2060705026,0,throughput
1,1000708,3831,7,1,2,1,1003089,1787209838284.568,0x800979,4464.573242,,1000708,1787209833819.9949,2060705026,377,A,accepted_event,377,2060705026,0,throughput
1,1000908,3833,7,1,2,1,1003118,1787209838313.5679,0x80097b,4293.582275,,1000908,1787209834019.9856,2060705026,379,A,accepted_event,379,2060705026,0,throughput
1,1001009,3834,7,1,2,1,1003403,1787209838598.5645,0x80097c,4477.583496,,1001009,1787209834120.981,2060705026,380,A,accepted_event,380,2060705026,0,throughput
1,1001109,3836,7,1,2,1,1003433,1787209838628.564,0x80097d,4407.587646,,1001109,1787209834220.9763,2060705026,381,A,accepted_event,381,2060705026,0,throughput
1,1001308,3837,7,1,2,1,1003462,1787209838657.5637,0x80097f,4237.59668,,1001308,1787209834419.967,2060705026,383,A,accepted_event,383,2060705026,0,throughput
1,1001409,3838,7,1,2,1,1003856,1787209839051.5586,0x800980,4530.596191,,1001409,1787209834520.9624,2060705026,384,A,accepted_event,384,2060705026,0,throughput
1,1001508,3839,7,1,2,1,1004085,1787209839280.556,0x800981,4660.598145,,1001508,1787209834619.9578,2060705026,385,A,accepted_event,385,2060705026,0,throughput
1,1001609,3840,7,1,2,1,1004753,1787209839948.5476,0x800982,5228.594482,,1001608,1787209834719.9531,2060705026,386,A,accepted_event,386,2060705026,0,throughput
1,1001708,3841,7,1,2,1,1004809,1787209840004.5469,0x800983,5184.598389,,1001708,1787209834819.9485,2060705026,387,A,accepted_event,387,2060705026,0,throughput
1,1002210,3843,7,1,2,1,1004834,1787209840029.5466,0x800988,4708.621582,,1002209,1787209835320.925,2060705026,392,A,accepted_event,392,2060705026,0,throughput
1,1002308,3844,7,1,2,1,1004917,1787209840112.5457,0x800989,4692.625244,,1002308,1787209835419.9204,2060705026,393,A,accepted_event,393,2060705026,0,throughput
1,1003309,3846,7,1,2,1,1003747,1787209838942.56,0x800993,2522.686279,,1003308,1787209836419.8738,2060705026,403,A,accepted_event,403,2060705026,1,throughput
1,1003409,3847,7,1,2,1,1003798,1787209838993.5593,0x800994,2473.690186,,1003408,1787209836519.8691,2060705026,404,A,accepted_event,404,2060705026,1,throughput
1,1003509,3848,7,1,2,1,1003825,1787209839020.559,0x800995,2399.69458,,1003509,1787209836620.8645,2060705026,405,A,accepted_event,405,2060705026,1,throughput
1,1003609,3849,7,1,2,1,1004187,1787209839382.5547,0x800996,2661.694824,,1003609,1787209836720.8599,2060705026,406,A,accepted_event,406,2060705026,1,throughput
1,1003709,3850,7,1,2,1,1004726,1787209839921.5479,0x800997,3100.692627,,1003709,1787209836820.8552,2060705026,407,A,accepted_event,407,2060705026,1,throughput
1,1003809,3852,7,1,2,1,1004781,1787209839976.547,0x800998,3055.696533,,1003809,1787209836920.8506,2060705026,408,A,accepted_event,408,2060705026,1,throughput
1,1003909,3853,7,1,2,1,1004861,1787209840056.5461,0x800999,3035.700195,,1003909,1787209837020.846,2060705026,409,A,accepted_event,409,2060705026,1,throughput
1,1004009,3854,7,1,2,1,1004888,1787209840083.546,0x80099a,2962.70459,,1004009,1787209837120.8413,2060705026,410,A,accepted_event,410,2060705026,1,throughput
1,1005709,3857,7,1,2,1,1004954,1787209840149.5452,0x8009ab,1329.782959,,1005708,1787209838819.7622,2060705026,427,A,accepted_event,427,2060705026,0,throughput
1,1005809,3858,7,1,2,1,1005465,1787209840660.5388,0x8009ac,1740.78125,,1005808,1787209838919.7576,2060705026,428,A,accepted_event,428,2060705026,0,throughput
1,1005909,3859,7,1,2,1,1005746,1787209840941.5352,0x8009ad,1921.782227,,1005908,1787209839019.753,2060705026,429,A,accepted_event,429,2060705026,0,throughput
1,1006009,3860,7,1,2,1,1005773,1787209840968.535,0x8009ae,1848.786621,,1006008,1787209839119.7483,2060705026,430,A,accepted_event,430,2060705026,0,throughput
1,1006109,3862,7,1,2,1,1005830,1787209841025.5342,0x8009af,1805.790527,,1006108,1787209839219.7437,2060705026,431,A,accepted_event,431,2060705026,0,throughput
1,1006209,3863,7,1,2,1,1005859,1787209841054.534,0x8009b0,1734.794922,,1006208,1787209839319.739,2060705026,432,A,accepted_event,432,2060705026,0,throughput
1,1006309,3864,7,1,2,1,1005885,1787209841080.5334,0x8009b1,1660.799072,,1006308,1787209839419.7344,2060705026,433,A,accepted_event,433,2060705026,0,throughput
1,1006409,3865,7,1,2,1,1005913,1787209841108.5332,0x8009b2,1588.803711,,1006408,1787209839519.7295,2060705026,434,A,accepted_event,434,2060705026,0,throughput
1,1006509,3866,7,1,2,1,1006195,1787209841390.5298,0x8009b3,1769.804932,,1006509,1787209839620.7249,2060705026,435,A,accepted_event,435,2060705026,0,throughput
1,1006609,3867,7,1,2,1,1006714,1787209841909.5232,0x8009b4,2188.802979,,1006609,1787209839720.7202,2060705026,436,A,accepted_event,436,2060705026,0,throughput
1,1006709,3868,7,1,2,1,1006744,1787209841939.523,0x8009b5,2118.807373,,1006709,1787209839820.7156,2060705026,437,A,accepted_event,437,2060705026,0,throughput
1,1006809,3870,7,1,2,1,1006772,1787209841967.5225,0x8009b6,2047.811523,,1006808,1787209839919.711,2060705026,438,A,accepted_event,438,2060705026,0,throughput
1,1007610,3871,7,1,2,1,1007991,1787209843186.5073,0x8009be,2465.833496,,1007609,1787209840720.6738,2060705026,446,A,accepted_event,446,2060705026,1,throughput
1,1007712,3872,7,1,2,1,1008273,1787209843468.504,0x8009bf,2644.834961,,1007712,1787209840823.669,2060705026,447,A,accepted_event,447,2060705026,1,throughput
1,1007810,3874,7,1,2,1,1008303,1787209843498.5034,0x8009c0,2577.839111,,1007809,1787209840920.6643,2060705026,448,A,accepted_event,448,2060705026,1,throughput
1,1007909,3875,7,1,2,1,1008586,1787209843781.5,0x8009c1,2761.840088,,1007908,1787209841019.66,2060705026,449,A,accepted_event,449,2060705026,1,throughput
1,1008008,3876,7,1,2,1,1008614,1787209843809.4998,0x8009c2,2689.844727,,1008008,1787209841119.655,2060705026,450,A,accepted_event,450,2060705026,1,throughput
1,1008109,3878,7,1,2,1,1009434,1787209844629.4895,0x8009c3,3409.839111,,1008108,1787209841219.6504,2060705026,451,A,accepted_event,451,2060705026,1,throughput
1,1008208,3879,7,1,2,1,1009460,1787209844655.4893,0x8009c4,3335.843506,,1008208,1787209841319.6458,2060705026,452,A,accepted_event,452,2060705026,1,throughput
1,1010108,3883,7,1,2,1,1009489,1787209844684.4888,0x8009d7,1464.931396,,1010108,1787209843219.5574,2060705026,471,A,accepted_event,471,2060705026,0,throughput
1,1010209,3884,7,1,2,1,1009771,1787209844966.4854,0x8009d8,1645.932617,,1010209,1787209843320.5527,2060705026,472,A,accepted_event,472,2060705026,0,throughput
1,1010308,3885,7,1,2,1,1010054,1787209845249.4817,0x8009d9,1829.933594,,1010308,1787209843419.548,2060705026,473,A,accepted_event,473,2060705026,0,throughput
1,1010410,3887,7,1,2,1,1010335,1787209845530.4783,0x8009da,2008.934814,,1010410,1787209843521.5435,2060705026,474,A,accepted_event,474,2060705026,0,throughput
1,1010508,3888,7,1,2,1,1010619,1787209845814.4749,0x8009db,2194.936035,,1010508,1787209843619.5388,2060705026,475,A,accepted_event,475,2060705026,0,throughput
1,1010609,3893,7,1,2,1,1010901,1787209846096.4712,0x8009dc,2375.937012,,1010609,1787209843720.5342,2060705026,476,A,accepted_event,476,2060705026,0,throughput
1,1010708,3896,7,1,2,1,1010930,1787209846125.471,0x8009dd,2305.941406,,1010708,1787209843819.5295,2060705026,477,A,accepted_event,477,2060705026,0,throughput
1,1010809,3899,7,1,2,1,1010959,1787209846154.4705,0x8009de,2233.945801,,1010809,1787209843920.5247,2060705026,478,A,accepted_event,478,2060705026,0,throughput
1,1010909,3901,7,1,2,1,1010987,1787209846182.4702,0x8009df,2161.950195,,1010909,1787209844020.52,2060705026,479,A,accepted_event,479,2060705026,0,throughput
1,1011009,3902,7,1,2,1,1011266,1787209846461.4668,0x8009e0,2340.951416,,1011009,1787209844120.5154,2060705026,480,A,accepted_event,480,2060705026,0,throughput
1,1011608,3903,7,1,2,1,1011296,1787209846491.4663,0x8009e6,1771.97876,,1011608,1787209844719.4875,2060705026,486,A,accepted_event,486,2060705026,0,throughput
1,1011708,3904,7,1,2,1,1012319,1787209847514.4536,0x8009e7,2694.970703,,1011708,1787209844819.483,2060705026,487,A,accepted_event,487,2060705026,0,throughput
1,1011808,3905,7,1,2,1,1012347,1787209847542.4534,0x8009e8,2622.975098,,1011808,1787209844919.4783,2060705026,488,A,accepted_event,488,2060705026,0,throughput
1,1011908,3907,7,1,2,1,1012374,1787209847569.453,0x8009e9,2549.979248,,1011908,1787209845019.4736,2060705026,489,A,accepted_event,489,2060705026,0,throughput
1,1012209,3908,7,1,2,1,1012401,1787209847596.4526,0x8009ec,2275.99292,,1012209,1787209845320.4597,2060705026,492,A,accepted_event,492,2060705026,0,throughput
1,1012309,3909,7,1,2,1,1012428,1787209847623.4524,0x8009ed,2202.997559,,1012309,1787209845420.4548,2060705026,493,A,accepted_event,493,2060705026,0,throughput
1,1012509,3910,7,1,2,1,1012455,1787209847650.452,0x8009ef,2030.006348,,1012509,1787209845620.4456,2060705026,495,A,accepted_event,495,2060705026,0,throughput
1,1012811,3911,7,1,2,1,1012481,1787209847676.4517,0x8009f2,1754.02002,,1012811,1787209845922.4316,2060705026,498,A,accepted_event,498,2060705026,0,throughput
1,1012909,3913,7,1,2,1,1012507,1787209847702.4514,0x8009f3,1683.024414,,1012908,1787209846019.427,2060705026,499,A,accepted_event,499,2060705026,0,throughput
1,1013009,3914,7,1,2,1,1012535,1787209847730.451,0x8009f4,1611.028564,,1013008,1787209846119.4224,2060705026,500,A,accepted_event,500,2060705026,0,throughput
1,1013410,3916,7,1,2,1,1015580,1787209850775.413,0x8009f8,4255.009277,,1013409,1787209846520.4038,2060705026,504,A,accepted_event,504,2060705026,0,throughput
1,1013510,3917,7,1,2,1,1015862,1787209851057.4097,0x8009f9,4437.010498,,1013509,1787209846620.3992,2060705026,505,A,accepted_event,505,2060705026,0,throughput
1,1013608,3918,0,1,2,0,,,0x8009fa,,,1013608,1787209846719.3945,2060705026,506,A,accepted_event,506,2060705026,0,throughput
1,1014008,3920,7,1,2,1,1016398,1787209851593.403,0x8009fe,4474.0271,,1014008,1787209847119.376,2060705026,510,A,accepted_event,510,2060705026,0,throughput
1,1014109,3922,7,1,2,1,1016708,1787209851903.3992,0x8009ff,4684.027832,,1014108,1787209847219.3713,2060705026,511,A,accepted_event,511,2060705026,0,throughput
1,1014209,3923,7,1,2,1,1017245,1787209852440.3926,0x800a00,5121.026123,,1014208,1787209847319.3665,2060705026,512,A,accepted_event,512,2060705026,0,throughput
1,1014309,3924,7,1,2,1,1017271,1787209852466.3923,0x800a01,5047.030518,,1014308,1787209847419.3618,2060705026,513,A,accepted_event,513,2060705026,0,throughput
1,1014409,3925,7,1,2,1,1017298,1787209852493.3918,0x800a02,4974.034668,,1014408,1787209847519.3572,2060705026,514,A,accepted_event,514,2060705026,0,throughput
1,1014509,3926,7,1,2,1,1017325,1787209852520.3916,0x800a03,4901.039062,,1014508,1787209847619.3525,2060705026,515,A,accepted_event,515,2060705026,0,throughput
1,1014609,3927,7,1,2,1,1017353,1787209852548.391,0x800a04,4828.043213,,1014609,1787209847720.348,2060705026,516,A,accepted_event,516,2060705026,0,throughput
1,1014809,3928,7,1,2,1,1017380,1787209852575.3909,0x800a06,4656.052246,,1014808,1787209847919.3386,2060705026,518,A,accepted_event,518,2060705026,0,throughput
1,1015008,3930,0,1,2,0,,,0x800a08,,,1015008,1787209848119.3293,2060705026,520,A,accepted_event,520,2060705026,0,throughput
1,1015809,3931,7,1,2,1,1016191,1787209851386.4055,0x800a10,2467.113525,,1015808,1787209848919.292,2060705026,528,A,accepted_event,528,2060705026,1,throughput
1,1015908,3933,7,1,2,1,1016219,1787209851414.4053,0x800a11,2395.11792,,1015908,1787209849019.2874,2060705026,529,A,accepted_event,529,2060705026,1,throughput
1,1016008,3934,7,1,2,1,1016246,1787209851441.405,0x800a12,2322.122314,,1016008,1787209849119.2827,2060705026,530,A,accepted_event,530,2060705026,1,throughput
1,1016111,3936,7,1,2,1,1016557,1787209851752.4011,0x800a13,2530.123047,,1016111,1787209849222.278,2060705026,531,A,accepted_event,531,2060705026,1,throughput
1,1016209,3937,7,1,2,1,1016586,1787209851781.4006,0x800a14,2461.127197,,1016209,1787209849320.2734,2060705026,532,A,accepted_event,532,2060705026,1,throughput
1,1016309,3938,7,1,2,1,1016612,1787209851807.4004,0x800a15,2388.131592,,1016308,1787209849419.2688,2060705026,533,A,accepted_event,533,2060705026,1,throughput
1,1016408,3939,7,1,2,1,1016640,1787209851835.4001,0x800a16,2316.135986,,1016408,1787209849519.2642,2060705026,534,A,accepted_event,534,2060705026,1,throughput
1,1018308,3942,7,1,2,1,1016668,1787209851863.3997,0x800a29,444.223877,,1018308,1787209851419.1758,2060705026,553,A,accepted_event,553,2060705026,0,throughput
1,1018411,3943,7,1,2,1,1017413,1787209852608.3904,0x800a2a,1086.219482,,1018411,1787209851522.171,2060705026,554,A,accepted_event,554,2060705026,0,throughput
1,1018509,3944,7,1,2,1,1017440,1787209852635.3901,0x800a2b,1016.223633,,1018508,1787209851619.1665,2060705026,555,A,accepted_event,555,2060705026,0,throughput
1,1018610,3945,7,1,2,1,1017469,1787209852664.3896,0x800a2c,944.228027,,1018609,1787209851720.1616,2060705026,556,A,accepted_event,556,2060705026,0,throughput
1,1018708,3946,7,1,2,1,1017496,1787209852691.3894,0x800a2d,872.232178,,1018708,1787209851819.1572,2060705026,557,A,accepted_event,557,2060705026,0,throughput
1,1018808,3947,7,1,2,1,1017643,1787209852838.3877,0x800a2e,919.235352,,1018808,1787209851919.1523,2060705026,558,A,accepted_event,558,2060705026,0,throughput
1,1018909,3949,7,1,2,1,1018185,1787209853380.3809,0x800a2f,1361.233154,,1018908,1787209852019.1477,2060705026,559,A,accepted_event,559,2060705026,0,throughput
1,1019009,3950,7,1,2,1,1018213,1787209853408.3806,0x800a30,1289.237549,,1019008,1787209852119.143,2060705026,560,A,accepted_event,560,2060705026,0,throughput
1,1019109,3952,7,1,2,1,1018523,1787209853718.3767,0x800a31,1499.238281,,1019108,1787209852219.1384,2060705026,561,A,accepted_event,561,2060705026,0,throughput
1,1019208,3953,7,1,2,1,1018550,1787209853745.3762,0x800a32,1426.242432,,1019208,1787209852319.1338,2060705026,562,A,accepted_event,562,2060705026,0,throughput
1,1019308,3954,7,1,2,1,1018576,1787209853771.376,0x800a33,1352.246826,,1019308,1787209852419.1292,2060705026,563,A,accepted_event,563,2060705026,0,throughput
1,1019409,3955,7,1,2,1,1018603,1787209853798.3757,0x800a34,1279.251221,,1019408,1787209852519.1245,2060705026,564,A,accepted_event,564,2060705026,0,throughput
1,1019508,3956,7,1,2,1,1018631,1787209853826.3752,0x800a35,1207.255371,,1019508,1787209852619.1199,2060705026,565,A,accepted_event,565,2060705026,0,throughput
1,1019609,3957,7,1,2,1,1018658,1787209853853.375,0x800a36,1133.259766,,1019609,1787209852720.1152,2060705026,566,A,accepted_event,566,2060705026,0,throughput
1,1019708,3958,7,1,2,1,1018949,1787209854144.3713,0x800a37,1325.260742,,1019708,1787209852819.1106,2060705026,567,A,accepted_event,567,2060705026,0,throughput
1,1019811,3959,7,1,2,1,1019156,1787209854351.369,0x800a38,1429.263184,,1019811,1787209852922.1057,2060705026,568,A,accepted_event,568,2060705026,0,throughput
1,1019909,3961,7,1,2,1,1019184,1787209854379.3684,0x800a39,1359.26709,,1019909,1787209853020.1013,2060705026,569,A,accepted_event,569,2060705026,0,throughput
1,1020008,3962,7,1,2,1,1019527,1787209854722.3643,0x800a3a,1603.267578,,1020008,1787209853119.0967,2060705026,570,A,accepted_event,570,2060705026,0,throughput
1,1020109,3964,7,1,2,1,1019497,1787209854692.3645,0x800a3b,1473.272461,,1020108,1787209853219.092,2060705026,571,A,accepted_event,571,2060705026,0,throughput
1,1020209,3966,7,1,2,1,1019554,1787209854749.3638,0x800a3c,1430.276367,,1020208,1787209853319.0874,2060705026,572,A,accepted_event,572,2060705026,0,throughput
1,1020309,3967,7,1,2,1,1019582,1787209854777.3635,0x800a3d,1357.281006,,1020309,1787209853420.0825,2060705026,573,A,accepted_event,573,2060705026,0,throughput
1,1020409,3968,7,1,2,1,1019608,1787209854803.3633,0x800a3e,1284.2854,,1020408,1787209853519.078,2060705026,574,A,accepted_event,574,2060705026,0,throughput
1,1020509,3969,7,1,2,1,1019634,1787209854829.3628,0x800a3f,1210.289551,,1020508,1787209853619.0732,2060705026,575,A,accepted_event,575,2060705026,0,throughput
1,1020609,3970,7,1,2,1,1019661,1787209854856.3625,0x800a40,1136.293945,,1020609,1787209853720.0686,2060705026,576,A,accepted_event,576,2060705026,0,throughput
1,1020709,3972,7,1,2,1,1019775,1787209854970.361,0x800a41,1151.297119,,1020708,1787209853819.064,2060705026,577,A,accepted_event,577,2060705026,0,throughput
1,1020809,3973,7,1,2,1,1020201,1787209855396.356,0x800a42,1477.296631,,1020808,1787209853919.0593,2060705026,578,A,accepted_event,578,2060705026,0,throughput
1,1020908,3974,7,1,2,1,1020229,1787209855424.3555,0x800a43,1405.300781,,1020908,1787209854019.0547,2060705026,579,A,accepted_event,579,2060705026,0,throughput
1,1021009,3977,7,1,2,1,1020467,1787209855662.3525,0x800a44,1542.30249,,1021009,1787209854120.05,2060705026,580,A,accepted_event,580,2060705026,0,throughput
1,1021108,3981,7,1,2,1,1020176,1787209855371.3562,0x800a45,1152.310791,,1021108,1787209854219.0454,2060705026,581,A,accepted_event,581,2060705026,0,throughput
1,1021209,3985,7,1,2,1,1020554,1787209855749.3516,0x800a46,1430.310791,,1021208,1787209854319.0408,2060705026,582,A,accepted_event,582,2060705026,0,throughput
1,1021309,3988,7,1,2,1,1020499,1787209855694.352,0x800a47,1274.315918,,1021309,1787209854420.0361,2060705026,583,A,accepted_event,583,2060705026,0,throughput
1,1021409,3989,7,1,2,1,1020527,1787209855722.3518,0x800a48,1203.320312,,1021408,1787209854519.0315,2060705026,584,A,accepted_event,584,2060705026,0,throughput
1,1021509,3990,7,1,2,1,1020608,1787209855803.3508,0x800a49,1184.323975,,1021508,1787209854619.0269,2060705026,585,A,accepted_event,585,2060705026,0,throughput
1,1021609,3991,7,1,2,1,1020636,1787209855831.3503,0x800a4a,1111.328369,,1021609,1787209854720.022,2060705026,586,A,accepted_event,586,2060705026,0,throughput
1,1021709,3992,7,1,2,1,1020920,1787209856115.347,0x800a4b,1296.329346,,1021708,1787209854819.0176,2060705026,587,A,accepted_event,587,2060705026,0,throughput
1,1021810,3993,7,1,2,1,1020947,1787209856142.3467,0x800a4c,1222.333984,,1021809,1787209854920.0127,2060705026,588,A,accepted_event,588,2060705026,0,throughput
1,1021909,3994,7,1,2,1,1020974,1787209856169.3462,0x800a4d,1149.338135,,1021909,1787209855020.008,2060705026,589,A,accepted_event,589,2060705026,0,throughput
1,1022009,3996,7,1,2,1,1021001,1787209856196.346,0x800a4e,1076.342529,,1022009,1787209855120.0034,2060705026,590,A,accepted_event,590,2060705026,0,throughput
1,1022109,3998,7,1,2,1,1021176,1787209856371.3438,0x800a4f,1151.344971,,1022109,1787209855219.9988,2060705026,591,A,accepted_event,591,2060705026,0,throughput
1,1022208,3999,7,1,2,1,1021206,1787209856401.3433,0x800a50,1082.349121,,1022208,1787209855318.9941,2060705026,592,A,accepted_event,592,2060705026,0,throughput
1,1022309,4000,7,1,2,1,1021234,1787209856429.343,0x800a51,1010.353516,,1022308,1787209855418.9895,2060705026,593,A,accepted_event,593,2060705026,0,throughput
1,1022408,4001,7,1,2,1,1021498,1787209856693.3398,0x800a52,1174.35498,,1022408,1787209855518.9849,2060705026,594,A,accepted_event,594,2060705026,0,throughput
1,1022509,4002,7,1,2,1,1021527,1787209856722.3394,0x800a53,1102.359131,,1022509,1787209855619.9802,2060705026,595,A,accepted_event,595,2060705026,0,throughput
1,1022609,4003,7,1,2,1,1021809,1787209857004.336,0x800a54,1285.360352,,1022608,1787209855718.9756,2060705026,596,A,accepted_event,596,2060705026,0,throughput
1,1022709,4004,7,1,2,1,1022092,1787209857287.3323,0x800a55,1468.361328,,1022708,1787209855818.971,2060705026,597,A,accepted_event,597,2060705026,0,throughput
1,1022808,4005,7,1,2,1,1022375,1787209857570.3289,0x800a56,1651.362549,,1022808,1787209855918.9663,2060705026,598,A,accepted_event,598,2060705026,0,throughput
1,1022909,4006,7,1,2,1,1022402,1787209857597.3286,0x800a57,1577.366943,,1022909,1787209856019.9617,2060705026,599,A,accepted_event,599,2060705026,0,throughput
