churn,evidence_age_mean_ms,invalid,invalid_roles,jaccard,known,known_set,precision,recall,role,snapshot_emission_lag_ms,snapshot_emitted_host_ms,snapshot_end_host_ms,snapshot_query_host_ms,snapshot_start_host_ms,stale_ratio,truth,truth_stale_ratio,window_start_s
0,,False,[],0.0,0,[],,0.0,A,214.98999,1787208836703.4072,1787208836713.1382,1787208836488.4172,1787208836653.115,,5,1.0,0
0,,False,[],0.0,0,[],,0.0,B,220.997314,1787208837733.2283,1787208837744.11,1787208837512.231,1787208837681.138,,5,1.0,0
0,,False,[],0.0,0,[],,0.0,C,212.997314,1787208838733.9744,1787208838743.116,1787208838520.977,1787208838685.193,,5,1.0,0
0,215.5,False,[],0.4,2,"['A', 'C']",1.0,0.4,D,294.995605,1787208839683.2983,1787208839695.148,1787208839388.3027,1787208839554.186,0.0,5,0.6,0
0,76.0,False,[],0.2,1,['B'],1.0,0.2,E,255.996094,1787208840502.482,1787208840513.855,1787208840246.4858,1787208840412.844,0.0,5,0.8,0
0,,False,[],0.0,0,[],,0.0,F,220.997803,1787208841422.0247,1787208841433.187,1787208841201.0269,1787208841366.142,,5,1.0,0
4,4815.25,False,[],0.8,4,"['B', 'D', 'E', 'F']",1.0,0.8,A,462.978516,1787208847193.919,1787208847214.222,1787208846730.9404,1787208846909.194,0.0,5,0.2,10
5,4576.0,False,[],1.0,5,"['A', 'C', 'D', 'E', 'F']",1.0,1.0,B,583.992676,1787208848440.0981,1787208848456.196,1787208847856.1055,1787208848043.189,0.0,5,0.0,10
5,5519.2,False,[],1.0,5,"['A', 'B', 'D', 'E', 'F']",1.0,1.0,C,483.994141,1787208849220.8442,1787208849239.22,1787208848736.85,1787208848912.199,0.0,5,0.0,10
3,2880.6,False,[],1.0,5,"['A', 'B', 'C', 'E', 'F']",1.0,1.0,D,593.991211,1787208850289.1455,1787208850314.2222,1787208849695.1543,1787208849877.233,0.0,5,0.0,10
4,5362.6,False,[],1.0,5,"['A', 'B', 'C', 'D', 'F']",1.0,1.0,E,587.990723,1787208851131.3137,1787208851144.887,1787208850543.323,1787208850726.913,0.0,5,0.0,10
3,7060.666667,False,[],0.6,3,"['C', 'D', 'E']",1.0,0.6,F,432.995361,1787208851950.91,1787208851977.221,1787208851517.9146,1787208851688.233,0.0,5,0.4,10
0,12917.5,False,[],0.8,4,"['B', 'D', 'E', 'F']",1.0,0.8,A,470.978027,1787208857433.4424,1787208857454.268,1787208856962.4644,1787208857140.276,0.0,5,0.2,20
0,14874.0,False,[],1.0,5,"['A', 'C', 'D', 'E', 'F']",1.0,1.0,B,596.992676,1787208858750.973,1787208858777.2651,1787208858153.9802,1787208858337.28,0.0,5,0.0,20
0,15723.2,False,[],1.0,5,"['A', 'B', 'D', 'E', 'F']",1.0,1.0,C,503.993896,1787208859444.7173,1787208859462.259,1787208858940.7234,1787208859115.28,0.0,5,0.0,20
0,13177.6,False,[],1.0,5,"['A', 'B', 'C', 'E', 'F']",1.0,1.0,D,592.991455,1787208860584.9973,1787208860610.2878,1787208859992.0059,1787208860173.29,0.0,5,0.0,20
0,15650.6,False,[],1.0,5,"['A', 'B', 'C', 'D', 'F']",1.0,1.0,E,577.990723,1787208861409.151,1787208861436.964,1787208860831.1602,1787208861012.98,0.0,5,0.0,20
0,17329.666667,False,[],0.6,3,"['C', 'D', 'E']",1.0,0.6,F,451.994873,1787208862238.7979,1787208862265.2942,1787208861786.803,1787208861968.3298,0.0,5,0.4,20
0,23149.5,False,[],0.8,4,"['B', 'D', 'E', 'F']",1.0,0.8,A,481.977539,1787208867675.9656,1787208867697.331,1787208867193.988,1787208867372.3281,0.0,5,0.2,30
0,25171.0,False,[],1.0,5,"['A', 'C', 'D', 'E', 'F']",1.0,1.0,B,570.99292,1787208869021.8481,1787208869048.34,1787208868450.8552,1787208868622.333,0.0,5,0.0,30
0,25926.2,False,[],1.0,5,"['A', 'B', 'D', 'E', 'F']",1.0,1.0,C,504.993652,1787208869648.5906,1787208869666.373,1787208869143.597,1787208869317.3389,0.0,5,0.0,30
0,23465.6,False,[],1.0,5,"['A', 'B', 'C', 'E', 'F']",1.0,1.0,D,569.991943,1787208870849.8494,1787208870877.338,1787208870279.8574,1787208870463.342,0.0,5,0.0,30
0,25953.6,False,[],1.0,5,"['A', 'B', 'C', 'D', 'F']",1.0,1.0,E,550.991211,1787208871684.9883,1787208871713.071,1787208871133.997,1787208871316.021,0.0,5,0.0,30
0,27610.666667,False,[],0.6,3,"['C', 'D', 'E']",1.0,0.6,F,456.995117,1787208872524.686,1787208872550.3508,1787208872067.691,1787208872249.35,0.0,5,0.4,30
0,33383.5,False,[],0.8,4,"['B', 'D', 'E', 'F']",1.0,0.8,A,484.977295,1787208877912.489,1787208877933.38,1787208877427.5117,1787208877604.394,0.0,5,0.2,40
0,35458.0,False,[],1.0,5,"['A', 'C', 'D', 'E', 'F']",1.0,1.0,B,585.99292,1787208879323.7231,1787208879350.388,1787208878737.7302,1787208878919.3972,0.0,5,0.0,40
0,36130.2,False,[],1.0,5,"['A', 'B', 'D', 'E', 'F']",1.0,1.0,C,503.993652,1787208879851.4639,1787208879869.407,1787208879347.4702,1787208879523.4338,0.0,5,0.0,40
0,33752.6,False,[],1.0,5,"['A', 'B', 'C', 'E', 'F']",1.0,1.0,D,599.991455,1787208881166.7007,1787208881192.4219,1787208880566.7092,1787208880749.409,0.0,5,0.0,40
0,36236.6,False,[],1.0,5,"['A', 'B', 'C', 'D', 'F']",1.0,1.0,E,569.990967,1787208881986.8252,1787208882015.111,1787208881416.8342,1787208881622.124,0.0,5,0.0,40
0,37893.666667,False,[],0.6,3,"['C', 'D', 'E']",1.0,0.6,F,444.995117,1787208882795.5742,1787208882822.439,1787208882350.579,1787208882543.4302,0.0,5,0.4,40
0,32846.0,False,[],0.8,4,"['B', 'D', 'E', 'F']",1.0,0.8,A,500.976807,1787208888191.0107,1787208888213.469,1787208887690.034,1787208887891.468,0.0,5,0.2,50
0,18668.4,False,[],1.0,5,"['A', 'C', 'D', 'E', 'F']",1.0,1.0,B,609.992676,1787208889637.598,1787208889654.4521,1787208889027.6052,1787208889240.479,0.0,5,0.0,50
0,28027.4,False,[],1.0,5,"['A', 'B', 'D', 'E', 'F']",1.0,1.0,C,507.993652,1787208890045.3374,1787208890064.46,1787208889537.3438,1787208889712.481,0.0,5,0.0,50
0,20238.8,False,[],1.0,5,"['A', 'B', 'C', 'E', 'F']",1.0,1.0,D,571.991699,1787208891442.5525,1787208891469.501,1787208890870.5608,1787208891040.463,0.0,5,0.0,50
0,3799.2,False,[],1.0,5,"['A', 'B', 'C', 'D', 'F']",1.0,1.0,E,579.990723,1787208892293.662,1787208892308.1592,1787208891713.6714,1787208891898.151,0.0,5,0.0,50
2,2281.0,False,[],1.0,5,"['A', 'B', 'C', 'D', 'E']",1.0,1.0,F,513.994629,1787208893052.4626,1787208893056.468,1787208892538.468,1787208892730.4858,0.0,5,0.0,50
1,5638.0,False,[],1.0,5,"['B', 'C', 'D', 'E', 'F']",1.0,1.0,A,654.969482,1787208898653.5237,1787208898661.5232,1787208897998.5542,1787208898270.5432,0.0,5,0.0,60
0,18530.4,False,[],1.0,5,"['A', 'C', 'D', 'E', 'F']",1.0,1.0,B,585.99292,1787208899939.4727,1787208899968.567,1787208899353.4797,1787208899570.515,0.0,5,0.0,60
0,5216.6,False,[],1.0,5,"['A', 'B', 'D', 'E', 'F']",1.0,1.0,C,677.991699,1787208900541.2073,1787208900567.5361,1787208899863.2156,1787208900066.534,0.0,5,0.0,60
0,29776.6,False,[],1.0,5,"['A', 'B', 'C', 'E', 'F']",1.0,1.0,D,584.991455,1787208901793.4033,1787208901809.543,1787208901208.4119,1787208901403.533,0.0,5,0.0,60
0,13323.2,False,[],1.0,5,"['A', 'B', 'C', 'D', 'F']",1.0,1.0,E,579.990723,1787208902617.4988,1787208902646.242,1787208902037.508,1787208902247.225,0.0,5,0.0,60
0,8749.4,False,[],1.0,5,"['A', 'B', 'C', 'D', 'E']",1.0,1.0,F,509.994629,1787208903927.3442,1787208903930.553,1787208903417.3496,1787208903694.5469,0.0,5,0.0,60
0,13633.0,False,[],1.0,5,"['B', 'C', 'D', 'E', 'F']",1.0,1.0,A,389.981689,1787208908435.0684,1787208908437.581,1787208908045.0867,1787208908236.5679,0.0,5,0.0,70
0,25690.8,False,[],1.0,5,"['A', 'C', 'D', 'E', 'F']",1.0,1.0,B,586.99292,1787208910288.347,1787208910308.613,1787208909701.354,1787208909901.5989,0.0,5,0.0,70
0,8319.4,False,[],1.0,5,"['A', 'B', 'D', 'E', 'F']",1.0,1.0,C,516.993652,1787208910549.083,1787208910573.612,1787208910032.0894,1787208910209.589,0.0,5,0.0,70
0,17231.6,False,[],1.0,5,"['A', 'B', 'C', 'E', 'F']",1.0,1.0,D,416.993896,1787208911706.2605,1787208911765.5972,1787208911289.2666,1787208911466.609,0.0,5,0.0,70
0,14618.8,False,[],1.0,5,"['A', 'B', 'C', 'D', 'F']",1.0,1.0,E,610.990234,1787208912984.3347,1787208913017.302,1787208912373.3445,1787208912577.313,0.0,5,0.0,70
0,10689.6,False,[],1.0,5,"['A', 'B', 'C', 'D', 'E']",1.0,1.0,F,1150.987549,1787208915077.223,1787208915107.637,1787208913926.2354,1787208914216.667,0.0,5,0.0,70
0,6928.4,False,[],1.0,5,"['B', 'C', 'D', 'E', 'F']",1.0,1.0,A,415.980713,1787208918512.5994,1787208918514.656,1787208918096.6187,1787208918292.664,0.0,5,0.0,80
0,28367.8,False,[],1.0,5,"['A', 'C', 'D', 'E', 'F']",1.0,1.0,B,631.992432,1787208920651.2212,1787208920684.656,1787208920019.2288,1787208920227.67,0.0,5,0.0,80
0,6649.0,False,[],1.0,5,"['A', 'B', 'D', 'E', 'F']",1.0,1.0,C,510.993652,1787208920747.9563,1787208920753.65,1787208920236.9626,1787208920415.67,0.0,5,0.0,80
0,22780.2,False,[],1.0,5,"['A', 'B', 'C', 'E', 'F']",1.0,1.0,D,590.991699,1787208922237.109,1787208922257.668,1787208921646.1172,1787208921853.68,0.0,5,0.0,80
0,15527.6,False,[],1.0,5,"['A', 'B', 'C', 'D', 'F']",1.0,1.0,E,578.990723,1787208923315.1711,1787208923342.3792,1787208922736.1804,1787208922925.414,0.0,5,0.0,80
0,7911.6,False,[],1.0,5,"['A', 'B', 'C', 'D', 'E']",1.0,1.0,F,359.996094,1787208924330.122,1787208924332.685,1787208923970.126,1787208924131.695,0.0,5,0.0,80
0,6520.0,False,[],1.0,5,"['B', 'C', 'D', 'E', 'F']",1.0,1.0,A,355.983398,1787208928494.1348,1787208928497.708,1787208928138.1514,1787208928306.726,0.0,5,0.0,90
0,19862.8,False,[],1.0,5,"['A', 'C', 'D', 'E', 'F']",1.0,1.0,B,434.994629,1787208930685.099,1787208930710.734,1787208930250.1045,1787208930426.72,0.2,5,0.2,90
0,1054.8,False,[],1.0,5,"['A', 'B', 'D', 'E', 'F']",1.0,1.0,C,617.992432,1787208931127.8276,1787208931154.735,1787208930509.8352,1787208930694.7378,0.0,5,0.0,90
0,2612.6,False,[],1.0,5,"['A', 'B', 'C', 'E', 'F']",1.0,1.0,D,562.991943,1787208932578.9597,1787208932588.731,1787208932015.9678,1787208932204.717,0.0,5,0.0,90
0,14237.4,False,[],1.0,5,"['A', 'B', 'C', 'D', 'F']",1.0,1.0,E,609.990234,1787208933634.0078,1787208933652.441,1787208933024.0176,1787208933243.4348,0.0,5,0.0,90
0,2520.0,False,[],1.0,5,"['A', 'B', 'C', 'D', 'E']",1.0,1.0,F,890.990234,1787208935207.0037,1787208935301.79,1787208934316.0134,1787208934573.732,0.0,5,0.0,90
0,6250.4,False,[],1.0,5,"['B', 'C', 'D', 'E', 'F']",1.0,1.0,A,406.981201,1787208938596.6646,1787208938599.784,1787208938189.6833,1787208938368.781,0.0,5,0.0,100
0,5907.6,False,[],1.0,5,"['A', 'C', 'D', 'E', 'F']",1.0,1.0,B,659.992188,1787208941273.9707,1787208941292.808,1787208940613.9785,1787208940823.8298,0.0,5,0.0,100
0,2981.6,False,[],1.0,5,"['A', 'B', 'D', 'E', 'F']",1.0,1.0,C,542.993408,1787208941316.7012,1787208941338.8,1787208940773.7078,1787208940972.782,0.0,5,0.0,100
0,4419.6,False,[],1.0,5,"['A', 'B', 'C', 'E', 'F']",1.0,1.0,D,557.992188,1787208942939.8105,1787208942946.812,1787208942381.8184,1787208942578.833,0.0,5,0.0,100
0,17853.4,False,[],1.0,5,"['A', 'B', 'C', 'D', 'F']",1.0,1.0,E,607.990234,1787208943984.844,1787208944007.49,1787208943376.8538,1787208943593.482,0.0,5,0.0,100
0,3355.4,False,[],1.0,5,"['A', 'B', 'C', 'D', 'E']",1.0,1.0,F,518.994385,1787208944959.8975,1787208944962.8142,1787208944440.903,1787208944634.843,0.0,5,0.0,100
0,6402.4,False,[],1.0,5,"['B', 'C', 'D', 'E', 'F']",1.0,1.0,A,534.975098,1787208948995.1804,1787208949023.873,1787208948460.2053,1787208948633.922,0.0,5,0.0,110
0,2647.0,False,[],1.0,5,"['A', 'C', 'D', 'E', 'F']",1.0,1.0,B,586.99292,1787208951543.846,1787208951566.8582,1787208950956.853,1787208951140.868,0.0,5,0.0,110
0,2888.4,False,[],1.0,5,"['A', 'B', 'D', 'E', 'F']",1.0,1.0,C,699.991455,1787208951683.5725,1787208951702.856,1787208950983.581,1787208951238.875,0.0,5,0.0,110
0,4589.4,False,[],1.0,5,"['A', 'B', 'C', 'E', 'F']",1.0,1.0,D,605.991211,1787208953365.6602,1787208953388.883,1787208952759.669,1787208952952.884,0.0,5,0.0,110
0,2059.2,False,[],1.0,5,"['A', 'B', 'C', 'D', 'F']",1.0,1.0,E,345.994385,1787208953784.689,1787208953787.545,1787208953438.6946,1787208953601.5352,0.0,5,0.0,110
0,5000.2,False,[],1.0,5,"['A', 'B', 'C', 'D', 'E']",1.0,1.0,F,594.993408,1787208955408.7837,1787208955428.928,1787208954813.7903,1787208955027.895,0.0,5,0.0,110
0,3433.6,False,[],1.0,5,"['B', 'C', 'D', 'E', 'F']",1.0,1.0,A,628.970703,1787208959424.695,1787208959453.927,1787208958795.7244,1787208959009.922,0.0,5,0.0,120
0,2745.6,False,[],1.0,5,"['A', 'B', 'D', 'E', 'F']",1.0,1.0,C,636.992188,1787208961869.446,1787208961882.9019,1787208961232.4539,1787208961413.91,0.0,5,0.0,120
0,7810.0,False,[],1.0,5,"['A', 'C', 'D', 'E', 'F']",1.0,1.0,B,594.992676,1787208961964.7192,1787208961987.9739,1787208961369.7266,1787208961564.916,0.0,5,0.0,120
0,3646.2,False,[],1.0,5,"['A', 'B', 'C', 'E', 'F']",1.0,1.0,D,437.993652,1787208963389.5156,1787208963414.946,1787208962951.522,1787208963128.9512,0.0,5,0.0,120
0,9064.4,False,[],1.0,5,"['A', 'B', 'C', 'D', 'F']",1.0,1.0,E,563.991211,1787208964418.5208,1787208964438.628,1787208963854.5295,1787208964036.645,0.0,5,0.0,120
0,11870.6,False,[],1.0,5,"['A', 'B', 'C', 'D', 'E']",1.0,1.0,F,604.993408,1787208965796.6707,1787208965816.9639,1787208965191.6772,1787208965382.965,0.0,5,0.0,120
0,11750.8,False,[],1.0,5,"['B', 'C', 'D', 'E', 'F']",1.0,1.0,A,552.974121,1787208969665.2183,1787208969692.9988,1787208969112.2441,1787208969329.043,0.0,5,0.0,130
0,8615.8,False,[],1.0,5,"['A', 'B', 'D', 'E', 'F']",1.0,1.0,C,572.99292,1787208972076.3193,1787208972100.9941,1787208971503.3264,1787208971686.009,0.0,5,0.0,130
0,18207.0,False,[],1.0,5,"['A', 'C', 'D', 'E', 'F']",1.0,1.0,B,615.992676,1787208972382.5928,1787208972404.0142,1787208971766.6,1787208971959.9941,0.0,5,0.0,130
0,9675.8,False,[],1.0,5,"['A', 'B', 'C', 'E', 'F']",1.0,1.0,D,446.993408,1787208973627.3682,1787208973629.986,1787208973180.3748,1787208973361.991,0.0,5,0.0,130
0,19446.4,False,[],1.0,5,"['A', 'B', 'C', 'D', 'F']",1.0,1.0,E,579.990967,1787208974816.3562,1787208974836.7031,1787208974236.3652,1787208974427.695,0.0,5,0.0,130
0,22293.6,False,[],1.0,5,"['A', 'B', 'C', 'D', 'E']",1.0,1.0,F,582.993652,1787208976197.5574,1787208976219.047,1787208975614.5637,1787208975810.039,0.0,5,0.0,130
0,19887.0,False,[],1.0,5,"['B', 'C', 'D', 'E', 'F']",1.0,1.0,A,608.97168,1787208980056.7346,1787208980086.078,1787208979447.763,1787208979663.1812,0.0,5,0.0,140
0,14903.4,False,[],1.0,5,"['A', 'B', 'D', 'E', 'F']",1.0,1.0,C,571.99292,1787208982361.1917,1787208982385.062,1787208981789.1987,1787208981995.062,0.0,5,0.0,140
0,28621.0,False,[],1.0,5,"['A', 'C', 'D', 'E', 'F']",1.0,1.0,B,605.992676,1787208982786.4663,1787208982808.0598,1787208982180.4736,1787208982371.065,0.0,5,0.0,140
0,15679.2,False,[],1.0,5,"['A', 'B', 'C', 'E', 'F']",1.0,1.0,D,507.992676,1787208983892.2202,1787208983895.083,1787208983384.2275,1787208983584.0818,0.0,5,0.0,140
0,29842.4,False,[],1.0,5,"['A', 'B', 'C', 'D', 'F']",1.0,1.0,E,583.990723,1787208985216.1917,1787208985255.771,1787208984632.201,1787208984833.771,0.0,5,0.0,140
0,32694.6,False,[],1.0,5,"['A', 'B', 'C', 'D', 'E']",1.0,1.0,F,595.993408,1787208986611.444,1787208986631.084,1787208986015.4507,1787208986200.092,0.0,5,0.0,140
0,28203.0,False,[],1.0,5,"['B', 'C', 'D', 'E', 'F']",1.0,1.0,A,621.970947,1787208990385.254,1787208990413.128,1787208989763.283,1787208989951.123,0.0,5,0.0,150
0,21189.2,False,[],1.0,5,"['A', 'B', 'D', 'E', 'F']",1.0,1.0,C,599.992676,1787208992676.0637,1787208992701.123,1787208992076.071,1787208992305.13,0.0,5,0.0,150
0,39047.0,False,[],1.0,5,"['A', 'C', 'D', 'E', 'F']",1.0,1.0,B,572.99292,1787208993179.34,1787208993193.1301,1787208992606.3472,1787208992799.134,0.0,5,0.0,150
0,21859.2,False,[],1.0,5,"['A', 'B', 'C', 'E', 'F']",1.0,1.0,D,455.993408,1787208994019.0742,1787208994029.135,1787208993563.0808,1787208993740.125,0.0,5,0.0,150
0,40260.4,False,[],1.0,5,"['A', 'B', 'C', 'D', 'F']",1.0,1.0,E,606.990479,1787208995657.0264,1787208995677.833,1787208995050.036,1787208995244.8289,0.0,5,0.0,150
0,43088.6,False,[],1.0,5,"['A', 'B', 'C', 'D', 'E']",1.0,1.0,F,583.993652,1787208996993.331,1787208997013.189,1787208996409.3374,1787208996601.1802,0.0,5,0.0,160
0,36519.8,False,[],1.0,5,"['B', 'C', 'D', 'E', 'F']",1.0,1.0,A,620.970947,1787209000700.7737,1787209000729.2139,1787209000079.8027,1787209000297.198,0.0,5,0.0,160
0,27034.6,False,[],1.0,5,"['A', 'B', 'D', 'E', 'F']",1.0,1.0,C,602.992676,1787209002923.9365,1787209002949.2139,1787209002320.9438,1787209002528.272,0.0,5,0.0,160
0,49467.0,False,[],1.0,5,"['A', 'C', 'D', 'E', 'F']",1.0,1.0,B,613.992676,1787209003640.2131,1787209003661.2,1787209003026.2205,1787209003219.21,0.0,5,0.0,160
0,28061.6,False,[],1.0,5,"['A', 'B', 'C', 'E', 'F']",1.0,1.0,D,492.99292,1787209004258.9268,1787209004277.214,1787209003765.9338,1787209003945.195,0.0,5,0.0,160
0,50704.4,False,[],1.0,5,"['A', 'B', 'C', 'D', 'F']",1.0,1.0,E,588.990723,1787209006082.8613,1787209006123.902,1787209005493.8706,1787209005686.921,0.0,5,0.0,160
0,53453.6,False,[],1.0,5,"['A', 'B', 'C', 'D', 'E']",1.0,1.0,F,632.993164,1787209007407.2178,1787209007448.251,1787209006774.2246,1787209006986.238,0.0,5,0.0,170
0,44644.8,False,[],1.0,5,"['B', 'C', 'D', 'E', 'F']",1.0,1.0,A,560.973877,1787209010965.296,1787209010994.27,1787209010404.322,1787209010603.253,0.0,5,0.0,170
0,33285.6,False,[],1.0,5,"['A', 'B', 'D', 'E', 'F']",1.0,1.0,C,567.99292,1787209013139.8096,1787209013153.2969,1787209012571.8167,1787209012743.273,0.0,5,0.0,170
0,48151.2,False,[],1.0,5,"['A', 'C', 'D', 'E', 'F']",1.0,1.0,B,582.99292,1787209014005.0872,1787209014026.267,1787209013422.0942,1787209013616.292,0.0,5,0.0,170
0,34088.2,False,[],1.0,5,"['A', 'B', 'C', 'E', 'F']",1.0,1.0,D,465.993408,1787209014359.7812,1787209014365.263,1787209013893.7878,1787209014074.291,0.0,5,0.0,170
0,51315.8,False,[],1.0,5,"['A', 'B', 'C', 'D', 'F']",1.0,1.0,E,593.990479,1787209016508.6963,1787209016530.9702,1787209015914.7058,1787209016106.97,0.0,5,0.0,170
0,52149.4,False,[],1.0,5,"['A', 'B', 'C', 'D', 'E']",1.0,1.0,F,627.993164,1787209017810.1045,1787209017830.293,1787209017182.1113,1787209017397.325,0.0,5,0.0,180
0,52969.6,False,[],1.0,5,"['B', 'C', 'D', 'E', 'F']",1.0,1.0,A,621.970947,1787209021350.8125,1787209021380.358,1787209020728.8416,1787209020944.351,0.0,5,0.0,180
0,39558.4,False,[],1.0,5,"['A', 'B', 'D', 'E', 'F']",1.0,1.0,C,596.992676,1787209023440.682,1787209023456.344,1787209022843.6892,1787209023050.343,0.0,5,0.0,180
0,58556.2,False,[],1.0,5,"['A', 'C', 'D', 'E', 'F']",1.0,1.0,B,563.993164,1787209024390.961,1787209024431.3828,1787209023826.9678,1787209024019.341,0.0,5,0.0,180
0,40331.8,False,[],1.0,5,"['A', 'B', 'C', 'E', 'F']",1.0,1.0,D,426.993652,1787209024513.6348,1787209024518.328,1787209024086.641,1787209024264.353,0.0,5,0.0,180
0,61753.8,False,[],1.0,5,"['A', 'B', 'C', 'D', 'F']",1.0,1.0,E,608.990479,1787209026961.531,1787209026981.129,1787209026352.5405,1787209026544.034,0.0,5,0.0,190
0,62553.4,False,[],1.0,5,"['A', 'B', 'C', 'D', 'E']",1.0,1.0,F,606.993408,1787209028192.9915,1787209028214.386,1787209027585.998,1787209027799.3691,0.0,5,0.0,190
0,61282.0,False,[],1.0,5,"['B', 'C', 'D', 'E', 'F']",1.0,1.0,A,602.971924,1787209031643.3335,1787209031673.389,1787209031040.3616,1787209031240.395,0.0,5,0.0,190
0,45829.8,False,[],1.0,5,"['A', 'B', 'D', 'E', 'F']",1.0,1.0,C,601.992432,1787209033716.5542,1787209033741.413,1787209033114.5618,1787209033344.403,0.0,5,0.0,190
0,68946.2,False,[],1.0,5,"['A', 'C', 'D', 'E', 'F']",1.0,1.0,B,606.992676,1787209034823.8342,1787209034843.434,1787209034216.8416,1787209034410.402,0.0,5,0.0,190
0,46155.0,False,[],1.0,5,"['A', 'B', 'C', 'E', 'F']",1.0,1.0,D,492.99292,1787209034751.4873,1787209034768.425,1787209034258.4944,1787209034462.424,0.0,5,0.0,190
0,72189.8,False,[],1.0,5,"['A', 'B', 'C', 'D', 'F']",1.0,1.0,E,555.991211,1787209037344.3667,1787209037365.0999,1787209036788.3755,1787209036981.421,0.0,5,0.0,200
0,72972.4,False,[],1.0,5,"['A', 'B', 'C', 'D', 'E']",1.0,1.0,F,618.993164,1787209038623.878,1787209038644.429,1787209038004.8848,1787209038216.423,0.0,5,0.0,200
0,69411.0,False,[],1.0,5,"['B', 'C', 'D', 'E', 'F']",1.0,1.0,A,577.973145,1787209041946.854,1787209041953.474,1787209041368.8809,1787209041570.517,0.0,5,0.0,200
0,51674.2,False,[],1.0,5,"['A', 'B', 'D', 'E', 'F']",1.0,1.0,C,588.992676,1787209043947.4272,1787209043973.4648,1787209043358.4346,1787209043587.456,0.0,5,0.0,200
0,52377.2,False,[],1.0,5,"['A', 'B', 'C', 'E', 'F']",1.0,1.0,D,455.993408,1787209044937.3406,1787209044947.491,1787209044481.3472,1787209044657.447,0.0,5,0.0,200
0,79353.2,False,[],1.0,5,"['A', 'C', 'D', 'E', 'F']",1.0,1.0,B,607.992676,1787209045231.7078,1787209045253.477,1787209044623.715,1787209044815.457,0.0,5,0.0,200
0,82574.8,False,[],1.0,5,"['A', 'B', 'C', 'D', 'F']",1.0,1.0,E,599.990479,1787209047773.2014,1787209047795.178,1787209047173.211,1787209047367.1711,0.0,5,0.0,210
0,83371.4,False,[],1.0,5,"['A', 'B', 'C', 'D', 'E']",1.0,1.0,F,580.993652,1787209048984.7651,1787209049004.531,1787209048403.7715,1787209048596.497,0.0,5,0.0,210
0,77690.8,False,[],1.0,5,"['B', 'C', 'D', 'E', 'F']",1.0,1.0,A,600.972168,1787209052300.372,1787209052331.527,1787209051699.4,1787209051887.517,0.0,5,0.0,210
0,57945.0,False,[],1.0,5,"['A', 'B', 'D', 'E', 'F']",1.0,1.0,C,584.992676,1787209054215.2998,1787209054228.559,1787209053630.3071,1787209053835.5369,0.0,5,0.0,210
0,58581.2,False,[],1.0,5,"['A', 'B', 'C', 'E', 'F']",1.0,1.0,D,516.992432,1787209055201.1926,1787209055203.5352,1787209054684.2002,1787209054874.55,0.0,5,0.0,210
0,89757.2,False,[],1.0,5,"['A', 'C', 'D', 'E', 'F']",1.0,1.0,B,591.992676,1787209055619.5815,1787209055621.5261,1787209055027.5889,1787209055221.543,0.0,5,0.0,210
0,92972.8,False,[],1.0,5,"['A', 'B', 'C', 'D', 'F']",1.0,1.0,E,635.98999,1787209058207.0364,1787209058228.238,1787209057571.0464,1787209057782.304,0.0,5,0.0,220
0,20451.0,False,[],1.0,5,"['A', 'B', 'C', 'D', 'E']",1.0,1.0,F,431.995361,1787209058984.6562,1787209058998.569,1787209058552.661,1787209058739.547,0.0,5,0.0,220
0,45684.2,False,[],1.0,5,"['B', 'C', 'D', 'E', 'F']",1.0,1.0,A,604.97168,1787209062634.8909,1787209062650.5981,1787209062029.9192,1787209062226.6072,0.0,5,0.0,220
0,24052.6,False,[],1.0,5,"['A', 'B', 'D', 'E', 'F']",1.0,1.0,C,645.991943,1787209064538.1716,1787209064565.6172,1787209063892.1797,1787209064099.611,0.0,5,0.0,220
0,27125.2,False,[],1.0,5,"['A', 'B', 'C', 'E', 'F']",1.0,1.0,D,533.992432,1787209065680.0417,1787209065686.599,1787209065146.0493,1787209065344.617,0.0,5,0.0,220
0,47448.2,False,[],1.0,5,"['A', 'C', 'D', 'E', 'F']",1.0,1.0,B,590.992676,1787209066013.4553,1787209066033.627,1787209065422.4626,1787209065616.6401,0.0,5,0.0,220
0,52792.0,False,[],1.0,5,"['A', 'B', 'C', 'D', 'F']",1.0,1.0,E,590.990479,1787209068538.8728,1787209068574.3188,1787209067947.8823,1787209068138.294,0.0,5,0.0,230
0,26775.2,False,[],1.0,5,"['A', 'B', 'C', 'D', 'E']",1.0,1.0,F,525.994385,1787209069375.5432,1787209069388.643,1787209068849.5488,1787209069025.684,0.0,5,0.0,230
0,53813.2,False,[],1.0,5,"['B', 'C', 'D', 'E', 'F']",1.0,1.0,A,570.973633,1787209072929.4119,1787209072945.6611,1787209072358.4382,1787209072562.649,0.0,5,0.0,230
0,30424.6,False,[],1.0,5,"['A', 'B', 'D', 'E', 'F']",1.0,1.0,C,616.992432,1787209074779.0447,1787209074807.676,1787209074162.0522,1787209074389.6338,0.0,5,0.0,230
0,37550.2,False,[],1.0,5,"['A', 'B', 'C', 'E', 'F']",1.0,1.0,D,590.991455,1787209076161.8906,1787209076179.697,1787209075570.8992,1787209075766.678,0.0,5,0.0,230
0,57887.2,False,[],1.0,5,"['A', 'C', 'D', 'E', 'F']",1.0,1.0,B,604.992676,1787209076466.3284,1787209076482.676,1787209075861.3357,1787209076054.6838,0.0,5,0.0,230
0,63183.0,False,[],1.0,5,"['A', 'B', 'C', 'D', 'F']",1.0,1.0,E,610.990479,1787209078949.7083,1787209078968.375,1787209078338.7178,1787209078545.408,0.0,5,0.0,240
0,33027.0,False,[],1.0,5,"['A', 'B', 'C', 'D', 'E']",1.0,1.0,F,564.993896,1787209079666.4312,1787209079693.703,1787209079101.4373,1787209079279.691,0.0,5,0.0,240
0,62162.2,False,[],1.0,5,"['B', 'C', 'D', 'E', 'F']",1.0,1.0,A,596.972412,1787209083303.929,1787209083319.763,1787209082706.9565,1787209082907.732,0.0,5,0.0,240
0,36304.8,False,[],1.0,5,"['A', 'B', 'D', 'E', 'F']",1.0,1.0,C,613.992432,1787209085056.917,1787209085081.7349,1787209084442.9246,1787209084671.763,0.0,5,0.0,240
0,47988.2,False,[],1.0,5,"['A', 'B', 'C', 'E', 'F']",1.0,1.0,D,642.990723,1787209086651.7395,1787209086674.7341,1787209086008.7488,1787209086213.733,0.0,5,0.0,240
0,68253.2,False,[],1.0,5,"['A', 'C', 'D', 'E', 'F']",1.0,1.0,B,589.99292,1787209086817.2026,1787209086839.756,1787209086227.2097,1787209086418.736,0.0,5,0.0,250
0,73572.0,False,[],1.0,5,"['A', 'B', 'C', 'D', 'F']",1.0,1.0,E,625.98999,1787209089353.5435,1787209089372.438,1787209088727.5535,1787209088951.438,0.0,5,0.0,250
0,38891.6,False,[],1.0,5,"['A', 'B', 'C', 'D', 'E']",1.0,1.0,F,538.994141,1787209089904.3198,1787209089930.776,1787209089365.3257,1787209089556.78,0.0,5,0.0,250
0,70492.8,False,[],1.0,5,"['B', 'C', 'D', 'E', 'F']",1.0,1.0,A,585.972656,1787209093623.4485,1787209093641.798,1787209093037.4758,1787209093264.903,0.0,5,0.0,250
0,42579.2,False,[],1.0,5,"['A', 'B', 'D', 'E', 'F']",1.0,1.0,C,583.992676,1787209095300.7898,1787209095324.805,1787209094716.797,1787209094900.806,0.0,5,0.0,250
0,58424.2,False,[],1.0,5,"['A', 'B', 'C', 'E', 'F']",1.0,1.0,D,534.992188,1787209096979.5906,1787209096997.8499,1787209096444.5984,1787209096639.8152,0.0,5,0.0,260
0,78651.2,False,[],1.0,5,"['A', 'C', 'D', 'E', 'F']",1.0,1.0,B,595.992676,1787209097221.0762,1787209097241.827,1787209096625.0835,1787209096818.814,0.0,5,0.0,260
0,83940.0,False,[],1.0,5,"['A', 'B', 'C', 'D', 'F']",1.0,1.0,E,610.990234,1787209099706.3796,1787209099743.546,1787209099095.3894,1787209099303.578,0.0,5,0.0,260
0,45267.0,False,[],1.0,5,"['A', 'B', 'C', 'D', 'E']",1.0,1.0,F,526.994385,1787209100267.207,1787209100285.831,1787209099740.2126,1787209099920.837,0.0,5,0.0,260
0,78654.2,False,[],1.0,5,"['B', 'C', 'D', 'E', 'F']",1.0,1.0,A,589.972412,1787209103987.966,1787209104019.866,1787209103397.9937,1787209103616.8562,0.0,5,0.0,260
0,48864.0,False,[],1.0,5,"['A', 'B', 'D', 'E', 'F']",1.0,1.0,C,647.991943,1787209105648.6614,1787209105661.8481,1787209105000.6694,1787209105284.875,0.0,5,0.0,260
0,68838.2,False,[],1.0,5,"['A', 'B', 'C', 'E', 'F']",1.0,1.0,D,601.991211,1787209107460.4395,1787209107483.909,1787209106858.4482,1787209107056.865,0.0,5,0.0,270
0,89052.2,False,[],1.0,5,"['A', 'C', 'D', 'E', 'F']",1.0,1.0,B,608.992432,1787209107634.9497,1787209107654.8928,1787209107025.9573,1787209107221.886,0.0,5,0.0,270
0,94281.0,False,[],1.0,5,"['A', 'B', 'C', 'D', 'F']",1.0,1.0,E,609.990479,1787209110046.216,1787209110066.565,1787209109436.2256,1787209109646.585,0.2,5,0.2,270
0,51538.0,False,[],1.0,5,"['A', 'B', 'C', 'D', 'E']",1.0,1.0,F,596.993652,1787209110608.0945,1787209110618.9229,1787209110011.1008,1787209110202.895,0.0,5,0.0,270
0,86995.8,False,[],1.0,5,"['B', 'C', 'D', 'E', 'F']",1.0,1.0,A,623.970947,1787209114363.4832,1787209114379.93,1787209113739.5122,1787209113944.966,0.2,5,0.2,270
0,54727.0,False,[],1.0,5,"['A', 'B', 'D', 'E', 'F']",1.0,1.0,C,580.992676,1787209115844.535,1787209115869.95,1787209115263.5422,1787209115494.937,0.0,5,0.0,270
0,79241.2,False,[],1.0,5,"['A', 'B', 'C', 'E', 'F']",1.0,1.0,D,648.990723,1787209117910.289,1787209117931.956,1787209117261.2983,1787209117461.947,0.2,5,0.2,280
0,99442.2,False,[],1.0,5,"['A', 'C', 'D', 'E', 'F']",1.0,1.0,B,634.992188,1787209118050.8232,1787209118072.969,1787209117415.831,1787209117651.9858,0.2,5,0.2,280
0,104653.0,False,[],1.0,5,"['A', 'B', 'C', 'D', 'F']",1.0,1.0,E,663.989502,1787209120472.051,1787209120490.629,1787209119808.0615,1787209120035.6409,0.2,5,0.2,280
0,57466.2,False,[],1.0,5,"['A', 'B', 'C', 'D', 'E']",1.0,1.0,F,531.994141,1787209120870.9827,1787209120896.97,1787209120338.9885,1787209120522.9658,0.2,5,0.2,280
0,95300.2,False,[],1.0,5,"['B', 'C', 'D', 'E', 'F']",1.0,1.0,A,598.972168,1787209124744.0,1787209124778.013,1787209124145.0278,1787209124370.9868,0.4,5,0.4,280
0,60999.6,False,[],1.0,5,"['A', 'B', 'D', 'E', 'F']",1.0,1.0,C,586.992676,1787209126123.4072,1787209126147.999,1787209125536.4146,1787209125743.9958,0.0,5,0.0,280
0,89675.2,False,[],1.0,5,"['A', 'B', 'C', 'E', 'F']",1.0,1.0,D,570.991699,1787209128266.1396,1787209128289.0251,1787209127695.148,1787209127889.017,0.2,5,0.2,290
0,109862.2,False,[],1.0,5,"['A', 'C', 'D', 'E', 'F']",1.0,1.0,B,623.992432,1787209128459.6968,1787209128481.022,1787209127835.7043,1787209128051.028,0.2,5,0.2,290
0,115032.0,False,[],1.0,5,"['A', 'B', 'C', 'D', 'F']",1.0,1.0,E,630.98999,1787209130817.8872,1787209130834.722,1787209130186.8972,1787209130396.71,0.4,5,0.4,290
0,63816.4,False,[],1.0,5,"['A', 'B', 'C', 'D', 'E']",1.0,1.0,F,583.993652,1787209131272.8694,1787209131299.05,1787209130688.8757,1787209130889.031,0.2,5,0.2,290
0,103537.6,False,[],1.0,5,"['B', 'C', 'D', 'E', 'F']",1.0,1.0,A,587.972656,1787209135067.5195,1787209135084.073,1787209134479.5469,1787209134700.0771,0.4,5,0.4,290
0,67286.6,False,[],1.0,5,"['A', 'B', 'D', 'E', 'F']",1.0,1.0,C,595.992676,1787209136419.2795,1787209136445.085,1787209135823.2869,1787209136020.0688,0.2,5,0.2,290
0,68083.4,False,[],1.0,5,"['A', 'B', 'C', 'E', 'F']",1.0,1.0,D,493.99292,1787209138548.9915,1787209138565.071,1787209138054.9985,1787209138247.084,0.2,5,0.2,300
0,68222.2,False,[],1.0,5,"['A', 'C', 'D', 'E', 'F']",1.0,1.0,B,493.993896,1787209138691.5725,1787209138698.053,1787209138197.5786,1787209138387.1292,0.2,5,0.2,300
0,92929.6,False,[],1.0,5,"['A', 'B', 'C', 'D', 'F']",1.0,1.0,E,571.990723,1787209141134.7239,1787209141155.761,1787209140562.7332,1787209140757.7751,0.4,5,0.4,300
0,683.4,False,[],1.0,5,"['A', 'B', 'C', 'D', 'E']",1.0,1.0,F,450.995117,1787209141320.76,1787209141326.082,1787209140869.765,1787209141048.089,0.0,5,0.0,300
0,21115.6,False,[],1.0,5,"['B', 'C', 'D', 'E', 'F']",1.0,1.0,A,585.972656,1787209145428.037,1787209145431.1099,1787209144842.0645,1787209145030.125,0.0,5,0.0,300
0,2813.6,False,[],1.0,5,"['A', 'B', 'D', 'E', 'F']",1.0,1.0,C,741.990723,1787209146900.1494,1787209146917.157,1787209146158.1587,1787209146476.1282,0.0,5,0.0,300
0,21342.4,False,[],1.0,5,"['A', 'B', 'C', 'E', 'F']",1.0,1.0,D,592.991455,1787209149082.8398,1787209149091.136,1787209148489.8484,1787209148683.136,0.0,5,0.0,310
0,5357.8,False,[],1.0,5,"['A', 'C', 'D', 'E', 'F']",1.0,1.0,B,614.992676,1787209149252.4443,1787209149274.167,1787209148637.4517,1787209148850.156,0.0,5,0.0,310
0,25511.2,False,[],1.0,5,"['A', 'B', 'C', 'D', 'F']",1.0,1.0,E,625.98999,1787209151579.5586,1787209151597.904,1787209150953.5686,1787209151174.8691,0.0,5,0.0,310
0,5602.0,False,[],1.0,5,"['A', 'B', 'C', 'D', 'E']",1.0,1.0,F,571.993652,1787209151773.6462,1787209151799.184,1787209151201.6526,1787209151388.197,0.0,5,0.0,310
0,10415.6,False,[],1.0,5,"['B', 'C', 'D', 'E', 'F']",1.0,1.0,A,594.972412,1787209155780.5554,1787209155813.212,1787209155185.583,1787209155406.189,0.0,5,0.0,310
0,7765.0,False,[],1.0,5,"['A', 'B', 'D', 'E', 'F']",1.0,1.0,C,610.992432,1787209157034.0237,1787209157060.211,1787209156423.0312,1787209156654.226,0.0,5,0.0,320
0,31776.4,False,[],1.0,5,"['A', 'B', 'C', 'E', 'F']",1.0,1.0,D,581.991455,1787209159505.6895,1787209159517.266,1787209158923.698,1787209159117.196,0.0,5,0.0,320
0,15780.8,False,[],1.0,5,"['A', 'C', 'D', 'E', 'F']",1.0,1.0,B,604.992676,1787209159665.3179,1787209159685.235,1787209159060.3252,1787209159252.199,0.0,5,0.0,320
0,35896.2,False,[],1.0,5,"['A', 'B', 'C', 'D', 'F']",1.0,1.0,E,627.98999,1787209161966.3943,1787209162004.921,1787209161338.4043,1787209161542.902,0.0,5,0.0,320
0,11795.0,False,[],1.0,5,"['A', 'B', 'C', 'D', 'E']",1.0,1.0,F,488.994629,1787209161934.5356,1787209161942.221,1787209161445.541,1787209161644.238,0.0,5,0.0,320
0,18791.8,False,[],1.0,5,"['B', 'C', 'D', 'E', 'F']",1.0,1.0,A,562.973877,1787209166124.074,1787209166141.275,1787209165561.1,1787209165765.2832,0.0,5,0.0,320
0,14141.6,False,[],1.0,5,"['A', 'B', 'D', 'E', 'F']",1.0,1.0,C,593.992432,1787209167291.8962,1787209167318.347,1787209166697.9038,1787209166907.281,0.0,5,0.0,330
0,42096.4,False,[],1.0,5,"['A', 'B', 'C', 'E', 'F']",1.0,1.0,D,581.991699,1787209169825.5408,1787209169849.319,1787209169243.549,1787209169436.2969,0.0,5,0.0,330
0,26205.8,False,[],1.0,5,"['A', 'C', 'D', 'E', 'F']",1.0,1.0,B,600.992676,1787209170086.1912,1787209170106.291,1787209169485.1985,1787209169678.312,0.0,5,0.0,330
0,46289.2,False,[],1.0,5,"['A', 'B', 'C', 'D', 'F']",1.0,1.0,E,617.990234,1787209172349.23,1787209172367.9868,1787209171731.2397,1787209171920.999,0.0,5,0.0,330
0,18170.0,False,[],1.0,5,"['A', 'B', 'C', 'D', 'E']",1.0,1.0,F,526.994141,1787209172296.4229,1787209172322.304,1787209171769.4287,1787209171967.31,0.0,5,0.0,330
0,27125.4,False,[],1.0,5,"['B', 'C', 'D', 'E', 'F']",1.0,1.0,A,618.971191,1787209176513.5903,1787209176546.391,1787209175894.6191,1787209176112.336,0.0,5,0.0,330
0,20325.4,False,[],1.0,5,"['A', 'B', 'D', 'E', 'F']",1.0,1.0,C,631.992188,1787209177614.7683,1787209177627.347,1787209176982.7761,1787209177164.339,0.0,5,0.0,340
0,52534.4,False,[],1.0,5,"['A', 'B', 'C', 'E', 'F']",1.0,1.0,D,576.991699,1787209180258.3904,1787209180282.361,1787209179681.3987,1787209179877.357,0.0,5,0.0,340
0,36605.8,False,[],1.0,5,"['A', 'C', 'D', 'E', 'F']",1.0,1.0,B,589.992676,1787209180475.065,1787209180496.35,1787209179885.0723,1787209180081.422,0.0,5,0.0,340
0,56663.2,False,[],1.0,5,"['A', 'B', 'C', 'D', 'F']",1.0,1.0,E,624.98999,1787209182730.0657,1787209182749.061,1787209182105.0757,1787209182313.041,0.0,5,0.0,340
0,24547.0,False,[],1.0,5,"['A', 'B', 'C', 'D', 'E']",1.0,1.0,F,548.993896,1787209182695.3096,1787209182720.378,1787209182146.3157,1787209182323.38,0.0,5,0.0,340
0,35258.2,False,[],1.0,5,"['B', 'C', 'D', 'E', 'F']",1.0,1.0,A,594.972168,1787209186822.1104,1787209186853.405,1787209186227.1382,1787209186418.3818,0.0,5,0.0,350
0,26270.0,False,[],1.0,5,"['A', 'B', 'D', 'E', 'F']",1.0,1.0,C,582.992676,1787209187808.6416,1787209187834.427,1787209187225.649,1787209187436.413,0.0,5,0.0,350
0,62957.4,False,[],1.0,5,"['A', 'B', 'C', 'E', 'F']",1.0,1.0,D,557.991943,1787209190662.2405,1787209190687.43,1787209190104.2485,1787209190301.424,0.0,5,0.0,350
0,46993.8,False,[],1.0,5,"['A', 'C', 'D', 'E', 'F']",1.0,1.0,B,605.992676,1787209190878.9387,1787209190918.4329,1787209190272.946,1787209190467.436,0.0,5,0.0,350
0,66981.2,False,[],1.0,5,"['A', 'B', 'C', 'D', 'F']",1.0,1.0,E,653.989502,1787209193076.9019,1787209193096.145,1787209192422.9124,1787209192622.103,0.0,5,0.0,350
0,30408.8,False,[],1.0,5,"['A', 'B', 'C', 'D', 'E']",1.0,1.0,F,476.994873,1787209192935.1982,1787209192949.46,1787209192458.2034,1787209192637.45,0.0,5,0.0,350
0,43605.0,False,[],1.0,5,"['B', 'C', 'D', 'E', 'F']",1.0,1.0,A,546.974609,1787209197119.631,1787209197134.482,1787209196572.6565,1787209196760.4739,0.0,5,0.0,360
0,32544.0,False,[],1.0,5,"['A', 'B', 'D', 'E', 'F']",1.0,1.0,C,581.992676,1787209198081.5142,1787209198106.472,1787209197499.5215,1787209197693.5762,0.0,5,0.0,360
0,73343.4,False,[],1.0,5,"['A', 'B', 'C', 'E', 'F']",1.0,1.0,D,605.991211,1787209201096.09,1787209201119.515,1787209200490.0989,1787209200688.493,0.0,5,0.0,360
0,57417.8,False,[],1.0,5,"['A', 'C', 'D', 'E', 'F']",1.0,1.0,B,591.99292,1787209201288.8123,1787209201294.49,1787209200696.8193,1787209200888.4758,0.0,5,0.0,360
0,77341.2,False,[],1.0,5,"['A', 'B', 'C', 'D', 'F']",1.0,1.0,E,617.990234,1787209203400.7385,1787209203420.1929,1787209202782.7483,1787209202992.188,0.0,5,0.0,360
0,36808.8,False,[],1.0,5,"['A', 'B', 'C', 'D', 'E']",1.0,1.0,F,574.993652,1787209203382.0845,1787209203406.509,1787209202807.0908,1787209202983.508,0.0,5,0.0,360
0,51913.8,False,[],1.0,5,"['B', 'C', 'D', 'E', 'F']",1.0,1.0,A,666.968994,1787209207599.1433,1787209207617.5671,1787209206932.1743,1787209207140.5498,0.0,5,0.0,370
0,38831.4,False,[],1.0,5,"['A', 'B', 'D', 'E', 'F']",1.0,1.0,C,589.992676,1787209208376.3865,1787209208401.541,1787209207786.3938,1787209207994.537,0.0,5,0.0,370
0,83794.4,False,[],1.0,5,"['A', 'B', 'C', 'E', 'F']",1.0,1.0,D,571.991699,1787209211512.94,1787209211536.557,1787209210940.9482,1787209211119.573,0.0,5,0.0,370
0,67835.8,False,[],1.0,5,"['A', 'C', 'D', 'E', 'F']",1.0,1.0,B,617.992432,1787209211732.6853,1787209211753.567,1787209211114.6929,1787209211326.552,0.0,5,0.0,370
0,43108.0,False,[],1.0,5,"['A', 'B', 'C', 'D', 'E']",1.0,1.0,F,531.994385,1787209213637.973,1787209213658.5642,1787209213105.9785,1787209213302.557,0.0,5,0.0,370
0,87698.2,False,[],1.0,5,"['A', 'B', 'C', 'D', 'F']",1.0,1.0,E,607.990234,1787209213747.5747,1787209213783.283,1787209213139.5845,1787209213329.247,0.0,5,0.0,370
0,60112.6,False,[],1.0,5,"['B', 'C', 'D', 'E', 'F']",1.0,1.0,A,603.971924,1787209217883.6646,1787209217900.616,1787209217279.6926,1787209217498.607,0.0,5,0.0,380
0,45115.4,False,[],1.0,5,"['A', 'B', 'D', 'E', 'F']",1.0,1.0,C,605.992432,1787209218676.2585,1787209218702.625,1787209218070.266,1787209218287.612,0.0,5,0.0,380
0,94197.4,False,[],1.0,5,"['A', 'B', 'C', 'E', 'F']",1.0,1.0,D,577.991699,1787209221921.79,1787209221944.643,1787209221343.7983,1787209221539.619,0.0,5,0.0,380
0,78224.8,False,[],1.0,5,"['A', 'C', 'D', 'E', 'F']",1.0,1.0,B,594.992676,1787209222098.5593,1787209222140.644,1787209221503.5667,1787209221683.615,0.0,5,0.0,380
0,48996.6,False,[],1.0,5,"['A', 'B', 'C', 'D', 'E']",1.0,1.0,F,596.993408,1787209223991.86,1787209224009.6382,1787209223394.8667,1787209223592.629,0.0,5,0.0,380
0,98081.2,False,[],1.0,5,"['A', 'B', 'C', 'D', 'F']",1.0,1.0,E,610.990234,1787209224133.4104,1787209224154.323,1787209223522.4202,1787209223729.321,0.0,5,0.0,380
0,68459.6,False,[],1.0,5,"['B', 'C', 'D', 'E', 'F']",1.0,1.0,A,611.971436,1787209228238.1826,1787209228254.68,1787209227626.2112,1787209227829.701,0.0,5,0.0,390
0,50972.6,False,[],1.0,5,"['A', 'B', 'D', 'E', 'F']",1.0,1.0,C,591.992676,1787209228918.1316,1787209228942.689,1787209228326.139,1787209228543.652,0.0,5,0.0,390
0,104633.4,False,[],1.0,5,"['A', 'B', 'C', 'E', 'F']",1.0,1.0,D,563.991943,1787209232343.64,1787209232368.689,1787209231779.648,1787209231972.7322,0.2,5,0.2,390
0,88640.8,False,[],1.0,5,"['A', 'C', 'D', 'E', 'F']",1.0,1.0,B,595.992676,1787209232515.4329,1787209232537.7,1787209231919.4402,1787209232115.711,0.0,5,0.0,390
0,55369.4,False,[],1.0,5,"['A', 'B', 'C', 'D', 'E']",1.0,1.0,F,526.994385,1787209234293.748,1787209234303.731,1787209233766.7537,1787209233945.7048,0.0,5,0.0,390
0,108453.2,False,[],1.0,5,"['A', 'B', 'C', 'D', 'F']",1.0,1.0,E,665.989502,1787209234560.2454,1787209234579.384,1787209233894.2559,1787209234102.3792,0.2,5,0.2,390
0,57392.0,False,[],1.0,5,"['B', 'C', 'D', 'E', 'F']",1.0,1.0,A,600.971924,1787209238613.6997,1787209238648.725,1787209238012.7278,1787209238244.75,0.0,5,0.0,400
0,37900.2,False,[],1.0,5,"['A', 'B', 'D', 'E', 'F']",1.0,1.0,C,592.992676,1787209239200.004,1787209239224.77,1787209238607.0112,1787209238816.74,0.0,5,0.0,400
0,96064.6,False,[],1.0,5,"['A', 'B', 'C', 'E', 'F']",1.0,1.0,D,593.991455,1787209242771.4895,1787209242795.777,1787209242177.498,1787209242373.779,0.2,5,0.2,400
0,60696.2,False,[],1.0,5,"['A', 'C', 'D', 'E', 'F']",1.0,1.0,B,603.992676,1787209242898.3066,1787209242919.78,1787209242294.314,1787209242486.789,0.0,5,0.0,400
0,23377.6,False,[],1.0,5,"['A', 'B', 'C', 'D', 'E']",1.0,1.0,F,504.994385,1787209244598.6357,1787209244605.768,1787209244093.6414,1787209244273.77,0.0,5,0.0,400
0,83336.0,False,[],1.0,5,"['A', 'B', 'C', 'D', 'F']",1.0,1.0,E,623.990234,1787209244889.082,1787209244907.4978,1787209244265.0918,1787209244473.469,0.0,5,0.0,400
0,46658.6,False,[],1.0,5,"['B', 'C', 'D', 'E', 'F']",1.0,1.0,A,640.970215,1787209248985.217,1787209249000.797,1787209248344.2468,1787209248563.8152,0.0,5,0.0,410
0,25207.0,False,[],1.0,5,"['A', 'B', 'D', 'E', 'F']",1.0,1.0,C,613.992188,1787209249493.876,1787209249519.871,1787209248879.8838,1787209249087.829,0.0,5,0.0,410
0,106513.6,False,[],1.0,5,"['A', 'B', 'C', 'E', 'F']",1.0,1.0,D,594.991211,1787209253221.3389,1787209253247.833,1787209252626.3477,1787209252823.845,0.2,5,0.2,410
0,71065.2,False,[],1.0,5,"['A', 'C', 'D', 'E', 'F']",1.0,1.0,B,559.993408,1787209253223.1814,1787209253247.855,1787209252663.188,1787209252856.824,0.0,5,0.0,410
0,7035.6,False,[],1.0,5,"['A', 'B', 'C', 'D', 'E']",1.0,1.0,F,512.994385,1787209254878.524,1787209254881.844,1787209254365.5295,1787209254563.865,0.0,5,0.0,410
0,71778.6,False,[],1.0,5,"['A', 'B', 'C', 'D', 'F']",1.0,1.0,E,658.989746,1787209255299.9172,1787209255319.525,1787209254640.9275,1787209254866.523,0.0,5,0.0,410
0,32111.0,False,[],1.0,5,"['B', 'C', 'D', 'E', 'F']",1.0,1.0,A,658.969482,1787209259349.7346,1787209259381.884,1787209258690.7651,1787209258894.864,0.0,5,0.0,420
0,31480.0,False,[],1.0,5,"['A', 'B', 'D', 'E', 'F']",1.0,1.0,C,639.992188,1787209259792.7483,1787209259818.893,1787209259152.756,1787209259323.886,0.0,5,0.0,420
0,116974.6,False,[],1.0,5,"['A', 'B', 'C', 'E', 'F']",1.0,1.0,D,636.990967,1787209263724.1877,1787209263734.925,1787209263087.1968,1787209263282.9038,0.2,5,0.2,420
0,81506.2,False,[],1.0,5,"['A', 'C', 'D', 'E', 'F']",1.0,1.0,B,612.992432,1787209263717.0537,1787209263757.907,1787209263104.0613,1787209263295.888,0.0,5,0.0,420
0,13154.0,False,[],1.0,5,"['A', 'B', 'C', 'D', 'E']",1.0,1.0,F,485.994629,1787209265169.4119,1787209265178.905,1787209264683.4172,1787209264862.911,0.0,5,0.0,420
0,82148.6,False,[],1.0,5,"['A', 'B', 'C', 'D', 'F']",1.0,1.0,E,601.990479,1787209265612.754,1787209265631.583,1787209265010.7634,1787209265200.571,0.0,5,0.0,420
0,40456.0,False,[],1.0,5,"['B', 'C', 'D', 'E', 'F']",1.0,1.0,A,644.969971,1787209269680.2537,1787209269697.9639,1787209269035.2837,1787209269271.936,0.0,5,0.0,430
0,37341.0,False,[],1.0,5,"['A', 'B', 'D', 'E', 'F']",1.0,1.0,C,614.992432,1787209270028.6213,1787209270055.9932,1787209269413.629,1787209269643.999,0.0,5,0.0,430
0,94909.4,False,[],1.0,5,"['A', 'B', 'C', 'E', 'F']",1.0,1.0,D,501.992676,1787209273829.042,1787209273856.0369,1787209273327.0493,1787209273525.985,0.2,5,0.2,430
0,59542.8,False,[],1.0,5,"['A', 'C', 'D', 'E', 'F']",1.0,1.0,B,596.992676,1787209274053.9282,1787209274074.971,1787209273456.9355,1787209273653.981,0.0,5,0.0,430
0,20024.2,False,[],1.0,5,"['A', 'B', 'C', 'D', 'E']",1.0,1.0,F,440.995117,1787209275594.2983,1787209275597.954,1787209275153.3032,1787209275365.945,0.0,5,0.0,430
0,38552.2,False,[],1.0,5,"['A', 'B', 'C', 'D', 'F']",1.0,1.0,E,415.993408,1787209275775.593,1787209275780.637,1787209275359.5996,1787209275550.662,0.0,5,0.0,430
0,42237.6,False,[],1.0,5,"['B', 'C', 'D', 'E', 'F']",1.0,1.0,A,604.971924,1787209279944.776,1787209279961.0032,1787209279339.804,1787209279557.9988,0.0,5,0.0,440
0,36821.0,False,[],1.0,5,"['A', 'B', 'D', 'E', 'F']",1.0,1.0,C,648.991943,1787209280347.4932,1787209280373.028,1787209279698.5012,1787209279906.08,0.0,5,0.0,440
0,104843.8,False,[],1.0,5,"['A', 'B', 'C', 'E', 'F']",1.0,1.0,D,564.991943,1787209284305.891,1787209284330.024,1787209283740.8992,1787209283921.009,0.2,5,0.2,440
0,69446.2,False,[],1.0,5,"['A', 'C', 'D', 'E', 'F']",1.0,1.0,B,609.992676,1787209284449.802,1787209284471.0542,1787209283839.8093,1787209284054.062,0.0,5,0.0,440
0,18548.6,False,[],1.0,5,"['A', 'B', 'C', 'D', 'E']",1.0,1.0,F,528.994141,1787209285821.187,1787209285831.038,1787209285292.1929,1787209285468.083,0.0,5,0.0,440
0,16960.0,False,[],1.0,5,"['A', 'B', 'C', 'D', 'F']",1.0,1.0,E,539.991455,1787209286201.4282,1787209286203.7139,1787209285661.4368,1787209285851.727,0.0,5,0.0,440
0,50580.0,False,[],1.0,5,"['B', 'C', 'D', 'E', 'F']",1.0,1.0,A,627.970703,1787209290310.2935,1787209290327.099,1787209289682.3228,1787209289901.082,0.0,5,0.0,450
0,43092.2,False,[],1.0,5,"['A', 'B', 'D', 'E', 'F']",1.0,1.0,C,602.992432,1787209290573.3662,1787209290599.094,1787209289970.3738,1787209290167.0662,0.0,5,0.0,450
0,115235.8,False,[],1.0,5,"['A', 'B', 'C', 'E', 'F']",1.0,1.0,D,590.991455,1787209294723.741,1787209294748.129,1787209294132.7495,1787209294327.0881,0.2,5,0.2,450
0,79823.2,False,[],1.0,5,"['A', 'C', 'D', 'E', 'F']",1.0,1.0,B,572.99292,1787209294789.6763,1787209294812.113,1787209294216.6833,1787209294411.101,0.0,5,0.0,450
0,24968.4,False,[],1.0,5,"['A', 'B', 'C', 'D', 'E']",1.0,1.0,F,605.993408,1787209296318.0728,1787209296341.1218,1787209295712.0793,1787209295907.1072,0.0,5,0.0,450
0,21093.6,False,[],1.0,5,"['A', 'B', 'C', 'D', 'F']",1.0,1.0,E,519.991699,1787209296416.2664,1787209296420.789,1787209295896.2747,1787209296071.796,0.0,5,0.0,450
0,19679.6,False,[],1.0,5,"['B', 'C', 'D', 'E', 'F']",1.0,1.0,A,601.971924,1787209300663.8115,1787209300696.144,1787209300061.8396,1787209300286.169,0.0,5,0.0,460
0,1868.6,False,[],1.0,5,"['A', 'B', 'D', 'E', 'F']",1.0,1.0,C,606.992676,1787209300832.239,1787209300857.1511,1787209300225.2463,1787209300455.2021,0.0,5,0.0,460
0,38260.8,False,[],1.0,5,"['A', 'C', 'D', 'E', 'F']",1.0,1.0,B,588.99292,1787209305173.5503,1787209305194.167,1787209304584.5574,1787209304775.179,0.0,5,0.0,460
0,86113.2,False,[],1.0,5,"['A', 'B', 'C', 'E', 'F']",1.0,1.0,D,596.991455,1787209305184.59,1787209305208.179,1787209304587.5986,1787209304782.1492,0.2,5,0.2,460
0,5619.2,False,[],1.0,5,"['A', 'B', 'C', 'D', 'E']",1.0,1.0,F,537.994141,1787209306619.9607,1787209306623.1748,1787209306081.9666,1787209306281.1711,0.0,5,0.0,460
0,18218.0,False,[],1.0,5,"['A', 'B', 'C', 'D', 'F']",1.0,1.0,E,610.990479,1787209306887.1008,1787209306923.861,1787209306276.1104,1787209306467.834,0.0,5,0.0,470
0,27893.0,False,[],1.0,5,"['B', 'C', 'D', 'E', 'F']",1.0,1.0,A,590.972656,1787209311014.3298,1787209311031.217,1787209310423.3572,1787209310626.197,0.0,5,0.0,470
0,8137.6,False,[],1.0,5,"['A', 'B', 'D', 'E', 'F']",1.0,1.0,C,574.99292,1787209311069.1118,1787209311092.219,1787209310494.119,1787209310701.224,0.0,5,0.0,470
0,48664.8,False,[],1.0,5,"['A', 'C', 'D', 'E', 'F']",1.0,1.0,B,614.992432,1787209315603.4236,1787209315644.246,1787209314988.4312,1787209315201.23,0.2,5,0.2,470
0,96514.2,False,[],1.0,5,"['A', 'B', 'C', 'E', 'F']",1.0,1.0,D,580.991455,1787209315569.4404,1787209315591.268,1787209314988.449,1787209315180.265,0.4,5,0.4,470
0,11673.6,False,[],1.0,5,"['A', 'B', 'C', 'D', 'E']",1.0,1.0,F,594.993652,1787209317028.8474,1787209317051.2559,1787209316433.8538,1787209316629.2678,0.0,5,0.0,480
0,28592.0,False,[],1.0,5,"['A', 'B', 'C', 'D', 'F']",1.0,1.0,E,617.990234,1787209317267.9365,1787209317281.927,1787209316649.9463,1787209316856.933,0.0,5,0.0,480
0,36198.2,False,[],1.0,5,"['B', 'C', 'D', 'E', 'F']",1.0,1.0,A,595.972168,1787209321323.8499,1787209321339.301,1787209320727.8777,1787209320930.2969,0.0,5,0.0,480
0,14388.2,False,[],1.0,5,"['A', 'B', 'D', 'E', 'F']",1.0,1.0,C,588.992676,1787209321331.9844,1787209321355.27,1787209320742.9917,1787209320945.2952,0.0,5,0.0,480
0,58981.8,False,[],1.0,5,"['A', 'C', 'D', 'E', 'F']",1.0,1.0,B,610.992676,1787209325916.2983,1787209325936.3252,1787209325305.3057,1787209325496.296,0.2,5,0.2,480
0,106867.2,False,[],1.0,5,"['A', 'B', 'C', 'E', 'F']",1.0,1.0,D,606.991455,1787209325948.291,1787209325981.335,1787209325341.2996,1787209325528.322,0.4,5,0.4,480
0,18020.0,False,[],1.0,5,"['A', 'B', 'C', 'D', 'E']",1.0,1.0,F,595.993652,1787209327375.7349,1787209327396.3262,1787209326779.7412,1787209326971.344,0.0,5,0.0,490
0,38984.0,False,[],1.0,5,"['A', 'B', 'C', 'D', 'F']",1.0,1.0,E,605.990479,1787209327647.7722,1787209327667.071,1787209327041.7817,1787209327246.988,0.0,5,0.0,490
0,20633.6,False,[],1.0,5,"['A', 'B', 'D', 'E', 'F']",1.0,1.0,C,608.992432,1787209331598.857,1787209331621.383,1787209330989.8645,1787209331242.348,0.0,5,0.0,490
0,44514.0,False,[],1.0,5,"['B', 'C', 'D', 'E', 'F']",1.0,1.0,A,616.971191,1787209331660.3687,1787209331689.368,1787209331043.3975,1787209331259.3638,0.0,5,0.0,490
0,69346.8,False,[],1.0,5,"['A', 'C', 'D', 'E', 'F']",1.0,1.0,B,607.992676,1787209336278.1724,1787209336288.367,1787209335670.1797,1787209335862.3928,0.2,5,0.2,490
0,117233.2,False,[],1.0,5,"['A', 'B', 'C', 'E', 'F']",1.0,1.0,D,588.991455,1787209336296.1418,1787209336330.3699,1787209335707.1504,1787209335894.399,0.4,5,0.4,490
0,24047.6,False,[],1.0,5,"['A', 'B', 'C', 'D', 'E']",1.0,1.0,F,585.993652,1787209337792.6213,1787209337813.398,1787209337206.6277,1787209337397.39,0.0,5,0.0,500
0,49363.0,False,[],1.0,5,"['A', 'B', 'C', 'D', 'F']",1.0,1.0,E,621.990234,1787209338042.6077,1787209338079.074,1787209337420.6174,1787209337645.0642,0.0,5,0.0,500
0,26462.4,False,[],1.0,5,"['A', 'B', 'D', 'E', 'F']",1.0,1.0,C,565.993164,1787209341783.7307,1787209341805.402,1787209341217.7375,1787209341403.384,0.0,5,0.0,500
0,52774.0,False,[],1.0,5,"['B', 'C', 'D', 'E', 'F']",1.0,1.0,A,587.972656,1787209341941.8901,1787209341959.427,1787209341353.9175,1787209341572.426,0.0,5,0.0,500
0,127588.2,False,[],1.0,5,"['A', 'B', 'C', 'E', 'F']",1.0,1.0,D,553.992188,1787209346615.9932,1787209346634.443,1787209346062.001,1787209346276.4548,0.4,5,0.4,500
0,79739.8,False,[],1.0,5,"['A', 'C', 'D', 'E', 'F']",1.0,1.0,B,596.99292,1787209346660.0464,1787209346697.449,1787209346063.0535,1787209346282.461,0.2,5,0.2,500
0,30081.0,False,[],1.0,5,"['A', 'B', 'C', 'D', 'E']",1.0,1.0,F,524.994385,1787209347786.5127,1787209347789.428,1787209347261.5183,1787209347425.416,0.0,5,0.0,510
0,59714.0,False,[],1.0,5,"['A', 'B', 'C', 'D', 'F']",1.0,1.0,E,652.989746,1787209348424.4434,1787209348444.154,1787209347771.4536,1787209348001.132,0.0,5,0.0,510
0,34202.0,False,[],1.0,5,"['B', 'C', 'D', 'E', 'F']",1.0,1.0,A,524.975586,1787209351950.4243,1787209351953.468,1787209351425.4487,1787209351713.491,0.0,5,0.0,510
0,11008.2,False,[],1.0,5,"['A', 'B', 'D', 'E', 'F']",1.0,1.0,C,813.98999,1787209352266.6006,1787209352278.479,1787209351452.6106,1787209351793.467,0.0,5,0.0,510
0,13283.6,False,[],1.0,5,"['A', 'C', 'D', 'E', 'F']",1.0,1.0,B,580.99292,1787209356846.9226,1787209356865.504,1787209356265.9297,1787209356452.5261,0.0,5,0.0,520
0,1380.0,False,[],1.0,5,"['A', 'B', 'C', 'E', 'F']",1.0,1.0,D,600.991455,1787209357000.8435,1787209357034.513,1787209356399.852,1787209356589.4858,0.0,5,0.0,520
0,1737.2,False,[],1.0,5,"['A', 'B', 'C', 'D', 'E']",1.0,1.0,F,712.992188,1787209358254.3987,1787209358262.5,1787209357541.4065,1787209357765.506,0.0,5,0.0,520
0,2619.2,False,[],1.0,5,"['A', 'B', 'C', 'D', 'F']",1.0,1.0,E,564.990967,1787209358463.2844,1787209358489.185,1787209357898.2935,1787209358084.19,0.0,5,0.0,520
0,2339.6,False,[],1.0,5,"['A', 'B', 'D', 'E', 'F']",1.0,1.0,C,763.990479,1787209362461.4739,1787209362487.552,1787209361697.4834,1787209362146.552,0.0,5,0.0,520
0,39408.0,False,[],1.0,5,"['B', 'C', 'D', 'E', 'F']",1.0,1.0,A,576.973145,1787209362276.9436,1787209362280.589,1787209361699.9705,1787209361980.522,0.0,5,0.0,520
0,18537.2,False,[],1.0,5,"['A', 'C', 'D', 'E', 'F']",1.0,1.0,B,571.99292,1787209367187.7969,1787209367209.5808,1787209366615.804,1787209366806.586,0.0,5,0.0,530
0,6953.6,False,[],1.0,5,"['A', 'B', 'C', 'E', 'F']",1.0,1.0,D,614.991211,1787209367367.694,1787209367389.6,1787209366752.703,1787209366980.58,0.0,5,0.0,530
0,7184.6,False,[],1.0,5,"['A', 'B', 'C', 'D', 'E']",1.0,1.0,F,539.994141,1787209368369.2886,1787209368382.579,1787209367829.2944,1787209368008.615,0.0,5,0.0,530
0,10969.6,False,[],1.0,5,"['A', 'B', 'C', 'D', 'F']",1.0,1.0,E,633.98999,1787209368879.1196,1787209368904.274,1787209368245.1296,1787209368471.27,0.0,5,0.0,530
0,18946.4,False,[],1.0,5,"['B', 'C', 'D', 'E', 'F']",1.0,1.0,A,492.977051,1787209372234.4802,1787209372236.6382,1787209371741.5032,1787209371936.615,0.0,5,0.0,530
0,5976.6,False,[],1.0,5,"['A', 'B', 'D', 'E', 'F']",1.0,1.0,C,683.991455,1787209372636.3477,1787209372650.606,1787209371952.3562,1787209372262.6008,0.0,5,0.0,530
0,8928.0,False,[],1.0,5,"['A', 'B', 'C', 'E', 'F']",1.0,1.0,D,581.991699,1787209377430.549,1787209377433.653,1787209376848.5574,1787209377032.654,0.0,5,0.0,540
0,23823.6,False,[],1.0,5,"['A', 'C', 'D', 'E', 'F']",1.0,1.0,B,901.989014,1787209377865.6672,1787209377888.652,1787209376963.6782,1787209377175.666,0.0,5,0.0,540
0,10780.2,False,[],1.0,5,"['A', 'B', 'C', 'D', 'E']",1.0,1.0,F,660.992676,1787209378883.174,1787209378906.662,1787209378222.1814,1787209378431.69,0.0,5,0.0,540
0,16014.4,False,[],1.0,5,"['A', 'B', 'C', 'D', 'F']",1.0,1.0,E,616.990234,1787209379198.9563,1787209379219.3552,1787209378581.966,1787209378774.3472,0.0,5,0.0,540
0,1500.0,False,[],1.0,5,"['B', 'C', 'D', 'E', 'F']",1.0,1.0,A,461.978516,1787209382286.0122,1787209382293.701,1787209381824.0337,1787209382018.6729,0.0,5,0.0,540
0,5204.4,False,[],1.0,5,"['A', 'B', 'D', 'E', 'F']",1.0,1.0,C,711.991211,1787209382987.2192,1787209382995.707,1787209382275.228,1787209382495.697,0.0,5,0.0,540
0,3223.0,False,[],1.0,5,"['A', 'C', 'D', 'E', 'F']",1.0,1.0,B,439.994629,1787209387539.5498,1787209387542.6992,1787209387099.5552,1787209387269.688,0.0,5,0.0,550
0,3036.2,False,[],1.0,5,"['A', 'B', 'C', 'E', 'F']",1.0,1.0,D,568.991699,1787209387743.4004,1787209387751.699,1787209387174.4087,1787209387359.71,0.0,5,0.0,550
0,383.6,False,[],1.0,5,"['A', 'B', 'C', 'D', 'E']",1.0,1.0,F,586.993408,1787209388855.0654,1787209388858.761,1787209388268.072,1787209388435.7358,0.0,5,0.0,550
0,2453.0,False,[],1.0,5,"['A', 'B', 'C', 'D', 'F']",1.0,1.0,E,419.993164,1787209389145.7988,1787209389149.414,1787209388725.8057,1787209388901.4521,0.0,5,0.0,550
0,3954.6,False,[],1.0,5,"['B', 'C', 'D', 'E', 'F']",1.0,1.0,A,396.981445,1787209392283.5469,1787209392287.717,1787209391886.5654,1787209392066.733,0.0,5,0.0,550
0,463.8,False,[],1.0,5,"['A', 'B', 'D', 'E', 'F']",1.0,1.0,C,1033.987061,1787209393601.0874,1787209393611.753,1787209392567.1003,1787209392736.751,0.0,5,0.0,550
0,6280.0,False,[],1.0,5,"['A', 'C', 'D', 'E', 'F']",1.0,1.0,B,566.993164,1787209397992.4229,1787209398014.7778,1787209397425.4297,1787209397610.83,0.0,5,0.0,560
0,5914.2,False,[],1.0,5,"['A', 'B', 'C', 'E', 'F']",1.0,1.0,D,923.986572,1787209398466.2458,1787209398491.8079,1787209397542.2593,1787209397756.765,0.0,5,0.0,560
0,8000.8,False,[],1.0,5,"['A', 'B', 'C', 'D', 'E']",1.0,1.0,F,649.99292,1787209399302.952,1787209399318.8,1787209398652.959,1787209398836.7961,0.0,5,0.0,560
0,4345.4,False,[],1.0,5,"['A', 'B', 'C', 'D', 'F']",1.0,1.0,E,1457.977051,1787209400414.6206,1787209400450.4521,1787209398956.6436,1787209399177.4531,0.0,5,0.0,560
0,9176.6,False,[],1.0,5,"['B', 'C', 'D', 'E', 'F']",1.0,1.0,A,459.978516,1787209402422.075,1787209402423.831,1787209401962.0964,1787209402187.804,0.0,5,0.0,560
0,893.8,False,[],1.0,5,"['A', 'B', 'D', 'E', 'F']",1.0,1.0,C,744.990967,1787209403529.9644,1787209403563.886,1787209402784.9734,1787209403148.8088,0.0,5,0.0,560
0,7649.4,False,[],1.0,5,"['A', 'C', 'D', 'E', 'F']",1.0,1.0,B,900.989014,1787209408758.292,1787209408778.8442,1787209407857.303,1787209408049.8198,0.0,5,0.0,570
0,7767.6,False,[],1.0,5,"['A', 'B', 'C', 'E', 'F']",1.0,1.0,D,895.987061,1787209408870.096,1787209408897.862,1787209407974.109,1787209408170.829,0.0,5,0.0,570
0,9338.2,False,[],1.0,5,"['A', 'B', 'C', 'D', 'E']",1.0,1.0,F,584.993652,1787209409641.8394,1787209409663.878,1787209409056.8457,1787209409253.8608,0.0,5,0.0,570
0,8378.6,False,[],1.0,5,"['A', 'B', 'C', 'D', 'F']",1.0,1.0,E,621.98999,1787209409972.4692,1787209409990.5479,1787209409350.4792,1787209409556.5168,0.0,5,0.0,570
0,14471.8,False,[],1.0,5,"['B', 'C', 'D', 'E', 'F']",1.0,1.0,A,561.973633,1787209412811.5913,1787209412837.891,1787209412249.6177,1787209412450.8728,0.0,5,0.0,570
0,6778.4,False,[],1.0,5,"['A', 'B', 'D', 'E', 'F']",1.0,1.0,C,588.992676,1787209413625.8389,1787209413649.896,1787209413036.8462,1787209413241.896,0.0,5,0.0,570
0,18046.4,False,[],1.0,5,"['A', 'C', 'D', 'E', 'F']",1.0,1.0,B,872.989258,1787209419127.166,1787209419149.912,1787209418254.1768,1787209418445.937,0.0,5,0.0,580
0,18165.6,False,[],1.0,5,"['A', 'B', 'C', 'E', 'F']",1.0,1.0,D,851.987793,1787209419223.9468,1787209419244.921,1787209418371.959,1787209418549.904,0.0,5,0.0,580
0,15261.2,False,[],1.0,5,"['A', 'B', 'C', 'D', 'E']",1.0,1.0,F,568.993896,1787209419999.7266,1787209420023.936,1787209419430.7327,1787209419622.9229,0.0,5,0.0,580
0,18739.6,False,[],1.0,5,"['A', 'B', 'C', 'D', 'F']",1.0,1.0,E,584.990723,1787209420296.306,1787209420314.613,1787209419711.3152,1787209419902.602,0.0,5,0.0,580
0,22757.6,False,[],1.0,5,"['B', 'C', 'D', 'E', 'F']",1.0,1.0,A,546.974365,1787209423082.1133,1787209423107.9521,1787209422535.139,1787209422721.96,0.0,5,0.0,580
0,12613.2,False,[],1.0,5,"['A', 'B', 'D', 'E', 'F']",1.0,1.0,C,597.992676,1787209423868.712,1787209423892.954,1787209423270.7192,1787209423477.963,0.0,5,0.0,580
0,28445.4,False,[],1.0,5,"['A', 'C', 'D', 'E', 'F']",1.0,1.0,B,877.989258,1787209429531.0396,1787209429553.0168,1787209428653.0503,1787209428847.013,0.0,5,0.0,590
0,28562.6,False,[],1.0,5,"['A', 'B', 'C', 'E', 'F']",1.0,1.0,D,876.987549,1787209429645.7966,1787209429685.995,1787209428768.809,1787209429255.989,0.0,5,0.0,590
0,21775.4,False,[],1.0,5,"['A', 'B', 'C', 'D', 'E']",1.0,1.0,F,628.993164,1787209430522.612,1787209430544.998,1787209429893.619,1787209430086.011,0.0,5,0.0,590
0,29126.6,False,[],1.0,5,"['A', 'B', 'C', 'D', 'F']",1.0,1.0,E,849.986572,1787209430948.1375,1787209430968.672,1787209430098.151,1787209430304.6611,0.0,5,0.0,590
0,31047.8,False,[],1.0,5,"['B', 'C', 'D', 'E', 'F']",1.0,1.0,A,621.970947,1787209433446.6309,1787209433473.02,1787209432824.66,1787209433013.033,0.0,5,0.0,590
0,18876.8,False,[],1.0,5,"['A', 'B', 'D', 'E', 'F']",1.0,1.0,C,553.993164,1787209434088.585,1787209434112.039,1787209433534.5918,1787209433731.007,0.0,5,0.0,590
0,38864.4,False,[],1.0,5,"['A', 'C', 'D', 'E', 'F']",1.0,1.0,B,858.989502,1787209439930.9133,1787209439933.0498,1787209439071.9238,1787209439542.1528,0.0,5,0.0,600
0,38970.6,False,[],1.0,5,"['A', 'B', 'C', 'E', 'F']",1.0,1.0,D,897.987061,1787209440074.6462,1787209440096.066,1787209439176.6592,1787209439673.056,0.0,5,0.0,600
0,27730.8,False,[],1.0,5,"['A', 'B', 'C', 'D', 'E']",1.0,1.0,F,940.989746,1787209441189.4958,1787209441212.0618,1787209440248.506,1787209440444.061,0.0,5,0.0,600
0,39483.6,False,[],1.0,5,"['A', 'B', 'C', 'D', 'F']",1.0,1.0,E,891.98584,1787209441346.9727,1787209441365.751,1787209440454.9868,1787209440678.749,0.0,5,0.0,600
0,39336.8,False,[],1.0,5,"['B', 'C', 'D', 'E', 'F']",1.0,1.0,A,628.970703,1787209443742.1516,1787209443771.079,1787209443113.181,1787209443315.085,0.0,5,0.0,600
0,25132.0,False,[],1.0,5,"['A', 'B', 'D', 'E', 'F']",1.0,1.0,C,547.993164,1787209444336.4578,1787209444358.065,1787209443788.4646,1787209443994.0989,0.0,5,0.0,600
0,49224.4,False,[],1.0,5,"['A', 'C', 'D', 'E', 'F']",1.0,1.0,B,900.989014,1787209450332.7869,1787209450353.143,1787209449431.7979,1787209449948.144,0.0,5,0.0,610
0,49331.6,False,[],1.0,5,"['A', 'B', 'C', 'E', 'F']",1.0,1.0,D,857.987549,1787209450395.4976,1787209450434.155,1787209449537.51,1787209450036.112,0.0,5,0.0,610
0,34172.2,False,[],1.0,5,"['A', 'B', 'C', 'D', 'E']",1.0,1.0,F,888.990479,1787209451579.3828,1787209451601.1592,1787209450690.3923,1787209450885.114,0.0,5,0.0,610
0,49849.6,False,[],1.0,5,"['A', 'B', 'C', 'D', 'F']",1.0,1.0,E,886.986084,1787209451707.8088,1787209451726.818,1787209450820.8228,1787209451010.813,0.0,5,0.0,610
0,47424.6,False,[],1.0,5,"['B', 'C', 'D', 'E', 'F']",1.0,1.0,A,613.971436,1787209454014.6736,1787209454042.181,1787209453400.7021,1787209453615.1582,0.0,5,0.0,610
0,31393.4,False,[],1.0,5,"['A', 'B', 'D', 'E', 'F']",1.0,1.0,C,593.992676,1787209454645.3298,1787209454667.174,1787209454051.3372,1787209454278.166,0.0,5,0.0,610
0,59601.4,False,[],1.0,5,"['A', 'C', 'D', 'E', 'F']",1.0,1.0,B,912.989014,1787209460721.661,1787209460744.226,1787209459808.6719,1787209460312.195,0.0,5,0.0,620
0,59701.6,False,[],1.0,5,"['A', 'B', 'C', 'E', 'F']",1.0,1.0,D,915.986816,1787209460823.3472,1787209460830.187,1787209459907.3604,1787209460411.2,0.0,5,0.0,620
0,40620.0,False,[],1.0,5,"['A', 'B', 'C', 'D', 'E']",1.0,1.0,F,863.990479,1787209462001.2693,1787209462023.191,1787209461137.2788,1787209461635.17,0.0,5,0.0,620
0,60202.6,False,[],1.0,5,"['A', 'B', 'C', 'D', 'F']",1.0,1.0,E,868.986328,1787209462042.6453,1787209462061.881,1787209461173.659,1787209461648.855,0.0,5,0.0,620
0,55712.6,False,[],1.0,5,"['B', 'C', 'D', 'E', 'F']",1.0,1.0,A,627.970703,1787209464316.194,1787209464343.2368,1787209463688.2234,1787209463902.214,0.0,5,0.0,620
0,37248.6,False,[],1.0,5,"['A', 'B', 'D', 'E', 'F']",1.0,1.0,C,603.992432,1787209464909.2024,1787209464933.2212,1787209464305.21,1787209464533.213,0.0,5,0.0,620
0,70016.4,False,[],1.0,5,"['A', 'C', 'D', 'E', 'F']",1.0,1.0,B,913.98877,1787209471137.5342,1787209471156.331,1787209470223.5454,1787209470744.239,0.0,5,0.0,630
0,70118.6,False,[],1.0,5,"['A', 'B', 'C', 'E', 'F']",1.0,1.0,D,871.987305,1787209471196.1978,1787209471216.244,1787209470324.2104,1787209470820.2788,0.0,5,0.0,630
0,46614.8,False,[],1.0,5,"['A', 'B', 'C', 'D', 'E']",1.0,1.0,F,920.98999,1787209472453.1555,1787209472475.2778,1787209471532.1655,1787209472050.251,0.0,5,0.0,630
0,70586.6,False,[],1.0,5,"['A', 'B', 'C', 'D', 'F']",1.0,1.0,E,876.986084,1787209472434.4807,1787209472453.9438,1787209471557.4946,1787209472049.9548,0.0,5,0.0,630
0,64014.6,False,[],1.0,5,"['B', 'C', 'D', 'E', 'F']",1.0,1.0,A,618.971191,1787209474608.715,1787209474636.2651,1787209473989.744,1787209474235.286,0.0,5,0.0,630
0,43512.0,False,[],1.0,5,"['A', 'B', 'D', 'E', 'F']",1.0,1.0,C,573.99292,1787209475142.0754,1787209475154.302,1787209474568.0825,1787209474749.302,0.0,5,0.0,630
0,80414.4,False,[],1.0,5,"['A', 'C', 'D', 'E', 'F']",1.0,1.0,B,877.989502,1787209481499.4084,1787209481538.353,1787209480621.419,1787209481100.3262,0.0,5,0.0,640
0,80536.6,False,[],1.0,5,"['A', 'B', 'C', 'E', 'F']",1.0,1.0,D,862.987549,1787209481605.0479,1787209481625.347,1787209480742.0603,1787209481237.313,0.0,5,0.0,640
0,80957.6,False,[],1.0,5,"['A', 'B', 'C', 'D', 'F']",1.0,1.0,E,861.986328,1787209482790.317,1787209482810.0,1787209481928.3306,1787209482410.012,0.0,5,0.0,640
0,53032.2,False,[],1.0,5,"['A', 'B', 'C', 'D', 'E']",1.0,1.0,F,870.990479,1787209482820.0427,1787209482846.3582,1787209481949.0522,1787209482426.344,0.0,5,0.0,640
0,72078.8,False,[],1.0,5,"['B', 'C', 'D', 'E', 'F']",1.0,1.0,A,582.9729,1787209484836.239,1787209484863.3809,1787209484253.266,1787209484479.381,0.0,5,0.0,640
0,49774.6,False,[],1.0,5,"['A', 'B', 'D', 'E', 'F']",1.0,1.0,C,607.992432,1787209485438.9475,1787209485461.353,1787209484830.955,1787209485035.372,0.0,5,0.0,640
0,71264.2,False,[],1.0,5,"['A', 'C', 'D', 'E', 'F']",1.0,1.0,B,864.989502,1787209491887.2822,1787209491907.403,1787209491022.2927,1787209491489.383,0.0,5,0.0,650
0,90895.6,False,[],1.0,5,"['A', 'B', 'C', 'E', 'F']",1.0,1.0,D,875.987305,1787209491976.8982,1787209491998.398,1787209491100.911,1787209491579.3901,0.0,5,0.0,650
0,73772.0,False,[],1.0,5,"['A', 'B', 'C', 'D', 'F']",1.0,1.0,E,897.98584,1787209493205.152,1787209493224.086,1787209492307.1663,1787209492796.0579,0.0,5,0.0,650
0,21480.6,False,[],1.0,5,"['A', 'B', 'C', 'D', 'E']",1.0,1.0,F,913.98999,1787209493224.9294,1787209493249.402,1787209492310.9395,1787209492822.406,0.0,5,0.0,650
0,20722.2,False,[],1.0,5,"['B', 'C', 'D', 'E', 'F']",1.0,1.0,A,603.971924,1787209495145.759,1787209495158.4202,1787209494541.787,1787209494751.414,0.0,5,0.0,650
0,20498.6,False,[],1.0,5,"['A', 'B', 'D', 'E', 'F']",1.0,1.0,C,597.992676,1787209495697.8203,1787209495721.421,1787209495099.8276,1787209495326.407,0.0,5,0.0,650
0,81626.2,False,[],1.0,5,"['A', 'C', 'D', 'E', 'F']",1.0,1.0,B,809.990234,1787209502194.157,1787209502215.4739,1787209501384.1667,1787209501820.467,0.0,5,0.0,660
0,81097.2,False,[],1.0,5,"['A', 'B', 'C', 'E', 'F']",1.0,1.0,D,857.987549,1787209502326.749,1787209502367.48,1787209501468.7615,1787209501932.473,0.0,5,0.0,660
0,66179.6,False,[],1.0,5,"['A', 'B', 'C', 'D', 'F']",1.0,1.0,E,860.986328,1787209503555.9883,1787209503575.15,1787209502695.002,1787209503153.1628,0.0,5,0.0,660
0,7765.4,False,[],1.0,5,"['A', 'B', 'C', 'D', 'E']",1.0,1.0,F,884.990234,1787209503619.8162,1787209503640.4678,1787209502734.826,1787209503208.448,0.0,5,0.0,660
0,29011.4,False,[],1.0,5,"['B', 'C', 'D', 'E', 'F']",1.0,1.0,A,576.973145,1787209505407.2815,1787209505421.497,1787209504830.3083,1787209505041.574,0.0,5,0.0,660
0,26361.6,False,[],1.0,5,"['A', 'B', 'D', 'E', 'F']",1.0,1.0,C,605.992432,1787209505968.6929,1787209505992.49,1787209505362.7004,1787209505592.504,0.0,5,0.0,660
0,92026.2,False,[],1.0,5,"['A', 'C', 'D', 'E', 'F']",1.0,1.0,B,871.989502,1787209512656.03,1787209512678.579,1787209511784.0405,1787209512264.548,0.0,5,0.0,670
0,91493.2,False,[],1.0,5,"['A', 'B', 'C', 'E', 'F']",1.0,1.0,D,889.987061,1787209512754.5989,1787209512774.525,1787209511864.6118,1787209512348.523,0.0,5,0.0,670
0,76531.6,False,[],1.0,5,"['A', 'B', 'C', 'D', 'F']",1.0,1.0,E,870.986084,1787209513917.8242,1787209513936.2131,1787209513046.8381,1787209513536.234,0.0,5,0.0,670
0,13987.6,False,[],1.0,5,"['A', 'B', 'C', 'D', 'E']",1.0,1.0,F,924.98999,1787209514081.7024,1787209514104.54,1787209513156.7124,1787209513669.556,0.0,5,0.0,670
0,37289.0,False,[],1.0,5,"['B', 'C', 'D', 'E', 'F']",1.0,1.0,A,626.970947,1787209515734.8008,1787209515761.568,1787209515107.8298,1787209515311.5488,0.0,5,0.0,670
0,32611.8,False,[],1.0,5,"['A', 'B', 'D', 'E', 'F']",1.0,1.0,C,570.99292,1787209516182.5662,1787209516204.553,1787209515611.5732,1787209515816.557,0.0,5,0.0,670
0,102420.2,False,[],1.0,5,"['A', 'C', 'D', 'E', 'F']",1.0,1.0,B,858.989502,1787209523036.9038,1787209523057.606,1787209522177.9143,1787209522653.6082,0.0,5,0.0,680
0,101869.2,False,[],1.0,5,"['A', 'B', 'C', 'E', 'F']",1.0,1.0,D,805.988281,1787209523046.4504,1787209523066.618,1787209522240.4622,1787209522675.604,0.0,5,0.0,680
0,86894.6,False,[],1.0,5,"['A', 'B', 'C', 'D', 'F']",1.0,1.0,E,851.986572,1787209524261.6606,1787209524280.293,1787209523409.674,1787209523864.2622,0.0,5,0.0,680
0,20083.0,False,[],1.0,5,"['A', 'B', 'C', 'D', 'E']",1.0,1.0,F,825.990967,1787209524277.5913,1787209524298.5898,1787209523451.6003,1787209523912.627,0.0,5,0.0,680
0,45377.4,False,[],1.0,5,"['B', 'C', 'D', 'E', 'F']",1.0,1.0,A,618.971191,1787209526014.3223,1787209526028.6008,1787209525395.351,1787209525621.6072,0.0,5,0.0,680
0,38874.4,False,[],1.0,5,"['A', 'B', 'D', 'E', 'F']",1.0,1.0,C,628.992188,1787209526503.438,1787209526526.629,1787209525874.4458,1787209526079.637,0.0,5,0.0,680
0,112781.2,False,[],1.0,5,"['A', 'C', 'D', 'E', 'F']",1.0,1.0,B,913.989014,1787209533452.7773,1787209533472.703,1787209532538.7883,1787209533056.6558,0.0,5,0.0,690
0,112265.2,False,[],1.0,5,"['A', 'B', 'C', 'E', 'F']",1.0,1.0,D,887.987305,1787209533524.2996,1787209533563.698,1787209532636.3123,1787209533150.664,0.0,5,0.0,690
0,97248.6,False,[],1.0,5,"['A', 'B', 'C', 'D', 'F']",1.0,1.0,E,880.986084,1787209534644.4963,1787209534680.351,1787209533763.5103,1787209534232.336,0.0,5,0.0,690
0,26504.4,False,[],1.0,5,"['A', 'B', 'C', 'D', 'E']",1.0,1.0,F,867.990479,1787209534741.4775,1787209534763.671,1787209533873.487,1787209534317.6838,0.0,5,0.0,690
0,53677.0,False,[],1.0,5,"['B', 'C', 'D', 'E', 'F']",1.0,1.0,A,604.971924,1787209536299.8435,1787209536314.6929,1787209535694.8716,1787209535906.6921,0.0,5,0.0,690
0,45137.0,False,[],1.0,5,"['A', 'B', 'D', 'E', 'F']",1.0,1.0,C,581.992676,1787209536719.311,1787209536742.6702,1787209536137.3184,1787209536364.7039,0.0,5,0.0,690
0,123177.2,False,[],1.0,5,"['A', 'C', 'D', 'E', 'F']",1.0,1.0,B,779.990479,1787209543714.6526,1787209543735.747,1787209542934.662,1787209543358.735,0.0,5,0.0,700
0,122685.2,False,[],1.0,5,"['A', 'B', 'C', 'E', 'F']",1.0,1.0,D,876.987549,1787209543933.1497,1787209543953.749,1787209543056.162,1787209543532.752,0.0,5,0.0,700
0,107599.6,False,[],1.0,5,"['A', 'B', 'C', 'D', 'F']",1.0,1.0,E,848.986572,1787209544963.333,1787209544982.407,1787209544114.3464,1787209544581.429,0.0,5,0.0,700
0,32523.0,False,[],1.0,5,"['A', 'B', 'C', 'D', 'E']",1.0,1.0,F,883.990479,1787209545175.364,1787209545197.729,1787209544291.3735,1787209544778.7312,0.0,5,0.0,700
0,61939.6,False,[],1.0,5,"['B', 'C', 'D', 'E', 'F']",1.0,1.0,A,846.960693,1787209546854.3523,1787209546881.78,1787209546007.3916,1787209546228.7632,0.0,5,0.0,700
0,50899.8,False,[],1.0,5,"['A', 'B', 'D', 'E', 'F']",1.0,1.0,C,603.992676,1787209547005.1836,1787209547029.773,1787209546401.191,1787209546628.747,0.0,5,0.0,710
0,133543.2,False,[],1.0,5,"['A', 'C', 'D', 'E', 'F']",1.0,1.0,B,896.989258,1787209554197.5254,1787209554218.7979,1787209553300.5361,1787209553803.781,0.0,5,0.0,710
0,133047.2,False,[],1.0,5,"['A', 'B', 'C', 'E', 'F']",1.0,1.0,D,855.987549,1787209554274.0005,1787209554311.806,1787209553418.013,1787209553860.7969,0.0,5,0.0,710
0,117960.6,False,[],1.0,5,"['A', 'B', 'C', 'D', 'F']",1.0,1.0,E,874.986084,1787209555350.1685,1787209555367.481,1787209554475.1824,1787209554945.49,0.0,5,0.0,710
0,38971.6,False,[],1.0,5,"['A', 'B', 'C', 'D', 'E']",1.0,1.0,F,919.98999,1787209555659.2498,1787209555681.835,1787209554739.2598,1787209555234.828,0.0,5,0.0,710
0,70077.0,False,[],1.0,5,"['B', 'C', 'D', 'E', 'F']",1.0,1.0,A,824.96167,1787209557118.8745,1787209557142.81,1787209556293.9128,1787209556507.8,0.0,5,0.0,720
0,57263.0,False,[],1.0,5,"['A', 'B', 'D', 'E', 'F']",1.0,1.0,C,612.992188,1787209557276.056,1787209557298.823,1787209556663.0637,1787209556846.828,0.0,5,0.0,720
0,143940.2,False,[],1.0,5,"['A', 'C', 'D', 'E', 'F']",1.0,1.0,B,876.989258,1787209564574.3992,1787209564594.871,1787209563697.41,1787209564163.884,0.2,5,0.2,720
0,143451.2,False,[],1.0,5,"['A', 'B', 'C', 'E', 'F']",1.0,1.0,D,863.987549,1787209564685.8506,1787209564706.873,1787209563821.863,1787209564273.8782,0.4,5,0.4,720
0,128345.6,False,[],1.0,5,"['A', 'B', 'C', 'D', 'F']",1.0,1.0,E,885.98584,1787209565746.004,1787209565763.5442,1787209564860.018,1787209565333.58,0.4,5,0.4,720
0,45307.2,False,[],1.0,5,"['A', 'B', 'C', 'D', 'E']",1.0,1.0,F,871.990479,1787209565998.1372,1787209566018.866,1787209565126.1467,1787209565588.881,0.0,5,0.0,720
0,78365.2,False,[],1.0,5,"['B', 'C', 'D', 'E', 'F']",1.0,1.0,A,842.960938,1787209567424.3948,1787209567439.935,1787209566581.4338,1787209566792.907,0.0,5,0.0,730
0,63526.0,False,[],1.0,5,"['A', 'B', 'D', 'E', 'F']",1.0,1.0,C,633.992188,1787209567559.9285,1787209567582.8992,1787209566925.9363,1787209567131.8792,0.0,5,0.0,730
0,154354.2,False,[],1.0,5,"['A', 'C', 'D', 'E', 'F']",1.0,1.0,B,855.989502,1787209574967.273,1787209574988.927,1787209574111.2834,1787209574609.925,0.6,5,0.6,730
0,153834.2,False,[],1.0,5,"['A', 'B', 'C', 'E', 'F']",1.0,1.0,D,895.987061,1787209575100.7004,1787209575137.9321,1787209574204.7134,1787209574697.9438,0.6,5,0.6,730
0,138736.6,False,[],1.0,5,"['A', 'B', 'C', 'D', 'F']",1.0,1.0,E,917.985596,1787209576168.839,1787209576203.6208,1787209575250.8535,1787209575718.678,0.4,5,0.4,730
0,51336.4,False,[],1.0,5,"['A', 'B', 'C', 'D', 'E']",1.0,1.0,F,873.990479,1787209576378.0242,1787209576398.9639,1787209575504.0337,1787209575998.9678,0.0,5,0.0,730
0,86634.4,False,[],1.0,5,"['B', 'C', 'D', 'E', 'F']",1.0,1.0,A,835.961182,1787209577736.9148,1787209577762.948,1787209576900.9536,1787209577365.9502,0.2,5,0.2,740
0,69369.4,False,[],1.0,5,"['A', 'B', 'D', 'E', 'F']",1.0,1.0,C,593.992676,1787209577762.8018,1787209577785.975,1787209577168.809,1787209577397.018,0.2,5,0.2,740
0,20150.8,False,[],1.0,5,"['A', 'C', 'D', 'E', 'F']",1.0,1.0,B,887.989258,1787209585345.147,1787209585369.007,1787209584457.1577,1787209584979.008,0.0,5,0.0,740
0,20504.8,False,[],1.0,5,"['A', 'B', 'C', 'E', 'F']",1.0,1.0,D,886.987061,1787209585461.551,1787209585479.002,1787209584574.564,1787209585040.008,0.0,5,0.0,740
0,21482.2,False,[],1.0,5,"['A', 'B', 'C', 'D', 'F']",1.0,1.0,E,828.986816,1787209586424.6768,1787209586456.688,1787209585595.69,1787209586046.695,0.0,5,0.0,740
0,58956.4,False,[],1.0,5,"['A', 'B', 'C', 'D', 'E']",1.0,1.0,F,898.990234,1787209586771.9111,1787209586792.021,1787209585872.921,1787209586357.9968,0.0,5,0.0,740
0,22678.6,False,[],1.0,5,"['B', 'C', 'D', 'E', 'F']",1.0,1.0,A,833.961182,1787209588028.4355,1787209588052.0278,1787209587194.4744,1787209587644.044,0.0,5,0.0,750
0,21965.4,False,[],1.0,5,"['A', 'B', 'D', 'E', 'F']",1.0,1.0,C,572.99292,1787209588041.674,1787209588065.0662,1787209587468.6812,1787209587675.0332,0.0,5,0.0,750
0,26538.4,False,[],1.0,5,"['A', 'C', 'D', 'E', 'F']",1.0,1.0,B,862.989502,1787209595709.021,1787209595731.123,1787209594846.0315,1787209595277.085,0.0,5,0.0,750
0,30880.8,False,[],1.0,5,"['A', 'B', 'C', 'E', 'F']",1.0,1.0,D,907.987061,1787209595858.4014,1787209595877.099,1787209594950.4143,1787209595444.088,0.0,5,0.0,750
0,31820.2,False,[],1.0,5,"['A', 'B', 'C', 'D', 'F']",1.0,1.0,E,884.98584,1787209596818.5122,1787209596851.762,1787209595933.5264,1787209596416.772,0.0,5,0.0,750
0,69334.4,False,[],1.0,5,"['A', 'B', 'C', 'D', 'E']",1.0,1.0,F,862.990723,1787209597113.7986,1787209597134.086,1787209596250.8079,1787209596720.116,0.0,5,0.0,760
0,30959.6,False,[],1.0,5,"['B', 'C', 'D', 'E', 'F']",1.0,1.0,A,824.96167,1787209598299.9575,1787209598313.123,1787209597474.9958,1787209597921.093,0.0,5,0.0,760
0,28229.2,False,[],1.0,5,"['A', 'B', 'D', 'E', 'F']",1.0,1.0,C,600.992432,1787209598332.5464,1787209598356.092,1787209597731.554,1787209597938.091,0.0,5,0.0,760
0,32474.8,False,[],1.0,5,"['A', 'C', 'D', 'E', 'F']",1.0,1.0,B,946.988525,1787209606127.8945,1787209606146.1438,1787209605180.906,1787209605694.161,0.0,5,0.0,760
0,41210.8,False,[],1.0,5,"['A', 'B', 'C', 'E', 'F']",1.0,1.0,D,855.987793,1787209606136.2532,1787209606166.173,1787209605280.2654,1787209605751.142,0.0,5,0.0,760
0,42160.2,False,[],1.0,5,"['A', 'B', 'C', 'D', 'F']",1.0,1.0,E,840.986816,1787209607114.3494,1787209607144.833,1787209606273.3625,1787209606725.82,0.0,5,0.0,770
0,79721.4,False,[],1.0,5,"['A', 'B', 'C', 'D', 'E']",1.0,1.0,F,867.990723,1787209607505.6855,1787209607525.159,1787209606637.6948,1787209607123.168,0.0,5,0.0,770
0,39216.6,False,[],1.0,5,"['B', 'C', 'D', 'E', 'F']",1.0,1.0,A,841.960693,1787209608573.4792,1787209608597.156,1787209607731.5186,1787209608190.1729,0.0,5,0.0,770
0,34308.8,False,[],1.0,5,"['A', 'B', 'D', 'E', 'F']",1.0,1.0,C,623.992188,1787209608639.4185,1787209608664.175,1787209608015.4263,1787209608258.145,0.0,5,0.0,770
0,38654.0,False,[],1.0,5,"['A', 'C', 'D', 'E', 'F']",1.0,1.0,B,813.990234,1787209616224.772,1787209616249.185,1787209615410.7817,1787209615608.213,0.0,5,0.0,770
0,51588.8,False,[],1.0,5,"['A', 'B', 'C', 'E', 'F']",1.0,1.0,D,861.987549,1787209616520.1035,1787209616555.226,1787209615658.116,1787209616118.198,0.0,5,0.0,770
0,52492.2,False,[],1.0,5,"['A', 'B', 'C', 'D', 'F']",1.0,1.0,E,823.986816,1787209617429.186,1787209617461.886,1787209616605.1992,1787209617055.876,0.0,5,0.0,780
0,90106.4,False,[],1.0,5,"['A', 'B', 'C', 'D', 'E']",1.0,1.0,F,868.990479,1787209617891.5723,1787209617910.2249,1787209617022.5818,1787209617514.22,0.0,5,0.0,780
0,47495.4,False,[],1.0,5,"['B', 'C', 'D', 'E', 'F']",1.0,1.0,A,802.962646,1787209618813.0027,1787209618837.211,1787209618010.04,1787209618445.245,0.0,5,0.0,780
0,40371.4,False,[],1.0,5,"['A', 'B', 'D', 'E', 'F']",1.0,1.0,C,581.99292,1787209618856.2917,1787209618879.2168,1787209618274.2988,1787209618502.21,0.0,5,0.0,780
0,45121.4,False,[],1.0,5,"['A', 'C', 'D', 'E', 'F']",1.0,1.0,B,858.989502,1787209626685.6448,1787209626706.2769,1787209625826.6553,1787209626262.2659,0.0,5,0.0,780
0,61928.8,False,[],1.0,5,"['A', 'B', 'C', 'E', 'F']",1.0,1.0,D,892.987061,1787209626890.954,1787209626909.312,1787209625997.967,1787209626460.264,0.0,5,0.0,780
0,62836.2,False,[],1.0,5,"['A', 'B', 'C', 'D', 'F']",1.0,1.0,E,850.986572,1787209627800.022,1787209627831.9622,1787209626949.0354,1787209627396.937,0.0,5,0.0,790
0,100475.4,False,[],1.0,5,"['A', 'B', 'C', 'D', 'E']",1.0,1.0,F,872.990479,1787209628264.4595,1787209628299.277,1787209627391.469,1787209627860.2878,0.0,5,0.0,790
0,55550.8,False,[],1.0,5,"['B', 'C', 'D', 'E', 'F']",1.0,1.0,A,828.961426,1787209629093.5242,1787209629117.3042,1787209628264.5627,1787209628711.288,0.0,5,0.0,790
0,46625.2,False,[],1.0,5,"['A', 'B', 'D', 'E', 'F']",1.0,1.0,C,573.99292,1787209629101.1646,1787209629124.273,1787209628527.1716,1787209628732.312,0.0,5,0.0,790
0,51191.2,False,[],1.0,5,"['A', 'C', 'D', 'E', 'F']",1.0,1.0,B,896.989258,1787209637044.519,1787209637065.329,1787209636147.5298,1787209636635.3818,0.0,5,0.0,790
0,72271.8,False,[],1.0,5,"['A', 'B', 'C', 'E', 'F']",1.0,1.0,D,858.987549,1787209637199.8054,1787209637236.369,1787209636340.8179,1787209636827.343,0.0,5,0.0,800
0,73188.2,False,[],1.0,5,"['A', 'B', 'C', 'D', 'F']",1.0,1.0,E,849.986572,1787209638150.8582,1787209638164.037,1787209637300.8716,1787209637764.041,0.0,5,0.0,800
0,110855.4,False,[],1.0,5,"['A', 'B', 'C', 'D', 'E']",1.0,1.0,F,851.990723,1787209638623.3467,1787209638640.365,1787209637771.356,1787209638226.376,0.0,5,0.0,800
0,63831.6,False,[],1.0,5,"['B', 'C', 'D', 'E', 'F']",1.0,1.0,A,826.96167,1787209639372.046,1787209639397.375,1787209638545.0842,1787209638988.358,0.0,5,0.0,800
0,52888.2,False,[],1.0,5,"['A', 'B', 'D', 'E', 'F']",1.0,1.0,C,567.993164,1787209639358.0374,1787209639381.375,1787209638790.0442,1787209638961.3599,0.0,5,0.0,800
0,57481.8,False,[],1.0,5,"['A', 'C', 'D', 'E', 'F']",1.0,1.0,B,854.989502,1787209647441.3926,1787209647463.404,1787209646586.403,1787209647065.412,0.2,5,0.2,810
0,82645.8,False,[],1.0,5,"['A', 'B', 'C', 'E', 'F']",1.0,1.0,D,856.987549,1787209647571.656,1787209647589.415,1787209646714.6685,1787209647186.394,0.0,5,0.0,810
0,83522.2,False,[],1.0,5,"['A', 'B', 'C', 'D', 'F']",1.0,1.0,E,850.986572,1787209648485.6946,1787209648503.103,1787209647634.708,1787209648100.2258,0.0,5,0.0,810
0,121224.4,False,[],1.0,5,"['A', 'B', 'C', 'D', 'E']",1.0,1.0,F,877.990479,1787209649018.2336,1787209649053.407,1787209648140.2432,1787209648608.444,0.0,5,0.0,810
0,72108.2,False,[],1.0,5,"['B', 'C', 'D', 'E', 'F']",1.0,1.0,A,828.961426,1787209649650.5674,1787209649675.4539,1787209648821.606,1787209649280.446,0.0,5,0.0,810
0,59140.8,False,[],1.0,5,"['A', 'B', 'D', 'E', 'F']",1.0,1.0,C,593.992676,1787209649636.9097,1787209649659.446,1787209649042.917,1787209649269.4312,0.0,5,0.0,810
0,63872.8,False,[],1.0,5,"['A', 'C', 'D', 'E', 'F']",1.0,1.0,B,886.989258,1787209657864.266,1787209657886.483,1787209656977.2769,1787209657495.465,0.2,5,0.2,820
0,93031.8,False,[],1.0,5,"['A', 'B', 'C', 'E', 'F']",1.0,1.0,D,920.986572,1787209658021.5054,1787209658039.468,1787209657100.5188,1787209657592.488,0.0,5,0.0,820
0,93858.2,False,[],1.0,5,"['A', 'B', 'C', 'D', 'F']",1.0,1.0,E,823.987061,1787209658794.5315,1787209658813.171,1787209657970.5444,1787209658422.16,0.2,5,0.2,820
0,131544.4,False,[],1.0,5,"['A', 'B', 'C', 'D', 'E']",1.0,1.0,F,940.989746,1787209659401.1206,1787209659420.5078,1787209658460.1309,1787209658950.4932,0.6,5,0.6,820
0,80387.6,False,[],1.0,5,"['B', 'C', 'D', 'E', 'F']",1.0,1.0,A,834.961182,1787209659935.0886,1787209659959.528,1787209659100.1274,1787209659550.509,0.0,5,0.0,820
0,64981.6,False,[],1.0,5,"['A', 'B', 'D', 'E', 'F']",1.0,1.0,C,593.992432,1787209659876.7825,1787209659899.5718,1787209659282.79,1787209659509.49,0.2,5,0.2,820
0,70227.2,False,[],1.0,5,"['A', 'C', 'D', 'E', 'F']",1.0,1.0,B,892.989014,1787209668225.1401,1787209668242.5498,1787209667332.1511,1787209667838.564,0.2,5,0.2,830
0,103369.8,False,[],1.0,5,"['A', 'B', 'C', 'E', 'F']",1.0,1.0,D,909.987061,1787209668348.3567,1787209668367.5498,1787209667438.3696,1787209667931.566,0.2,5,0.2,830
0,104190.2,False,[],1.0,5,"['A', 'B', 'C', 'D', 'F']",1.0,1.0,E,820.987061,1787209669123.368,1787209669138.243,1787209668302.3809,1787209668750.232,0.2,5,0.2,830
0,141929.4,False,[],1.0,5,"['A', 'B', 'C', 'D', 'E']",1.0,1.0,F,877.990234,1787209669723.008,1787209669759.5771,1787209668845.0178,1787209669312.573,0.6,5,0.6,830
0,88444.8,False,[],1.0,5,"['B', 'C', 'D', 'E', 'F']",1.0,1.0,A,839.960938,1787209670196.611,1787209670220.636,1787209669356.6501,1787209669795.5688,0.2,5,0.2,830
0,71246.6,False,[],1.0,5,"['A', 'B', 'D', 'E', 'F']",1.0,1.0,C,551.993164,1787209670099.6558,1787209670124.5771,1787209669547.6626,1787209669740.543,0.2,5,0.2,830
0,76161.2,False,[],1.0,5,"['A', 'C', 'D', 'E', 'F']",1.0,1.0,B,888.989014,1787209678555.0146,1787209678559.584,1787209677666.0256,1787209678181.601,0.2,5,0.2,840
0,113742.8,False,[],1.0,5,"['A', 'B', 'C', 'E', 'F']",1.0,1.0,D,855.987793,1787209678667.208,1787209678685.653,1787209677811.2202,1787209678278.634,0.2,5,0.2,840
0,114544.2,False,[],1.0,5,"['A', 'B', 'C', 'D', 'F']",1.0,1.0,E,839.986816,1787209679496.2039,1787209679512.317,1787209678656.217,1787209679119.323,0.2,5,0.2,840
0,152301.4,False,[],1.0,5,"['A', 'B', 'C', 'D', 'E']",1.0,1.0,F,862.990723,1787209680079.8955,1787209680098.614,1787209679216.9048,1787209679683.604,0.6,5,0.6,840
0,96712.6,False,[],1.0,5,"['B', 'C', 'D', 'E', 'F']",1.0,1.0,A,851.960449,1787209680476.1326,1787209680500.708,1787209679624.172,1787209680057.6611,0.2,5,0.2,840
0,77511.4,False,[],1.0,5,"['A', 'B', 'D', 'E', 'F']",1.0,1.0,C,862.989258,1787209680674.5244,1787209680697.643,1787209679811.5352,1787209680018.62,0.2,5,0.2,840
0,82438.6,False,[],1.0,5,"['A', 'C', 'D', 'E', 'F']",1.0,1.0,B,896.989258,1787209689039.8875,1787209689062.692,1787209688142.8982,1787209688619.687,0.2,5,0.2,850
0,124101.8,False,[],1.0,5,"['A', 'B', 'C', 'E', 'F']",1.0,1.0,D,863.987549,1787209689034.0586,1787209689068.678,1787209688170.071,1787209688655.679,0.2,5,0.2,850
0,124892.2,False,[],1.0,5,"['A', 'B', 'C', 'D', 'F']",1.0,1.0,E,851.986572,1787209689856.0398,1787209689874.367,1787209689004.0532,1787209689455.369,0.2,5,0.2,850
0,162653.4,False,[],1.0,5,"['A', 'B', 'C', 'D', 'E']",1.0,1.0,F,877.990234,1787209690446.7825,1787209690465.7222,1787209689568.7922,1787209690053.674,0.6,5,0.6,850
0,104979.8,False,[],1.0,5,"['B', 'C', 'D', 'E', 'F']",1.0,1.0,A,847.960449,1787209690738.6548,1787209690763.714,1787209689890.6943,1787209690359.681,0.2,5,0.2,850
0,83763.0,False,[],1.0,5,"['A', 'B', 'D', 'E', 'F']",1.0,1.0,C,807.98999,1787209690871.398,1787209690895.688,1787209690063.408,1787209690290.72,0.2,5,0.2,850
0,47389.2,False,[],1.0,5,"['A', 'C', 'D', 'E', 'F']",1.0,1.0,B,834.98999,1787209699312.7627,1787209699318.742,1787209698477.7727,1787209698959.7458,0.0,5,0.0,860
0,134484.8,False,[],1.0,5,"['A', 'B', 'C', 'E', 'F']",1.0,1.0,D,882.987305,1787209699435.9087,1787209699471.762,1787209698552.9214,1787209699054.739,0.2,5,0.2,860
0,135229.2,False,[],1.0,5,"['A', 'B', 'C', 'D', 'F']",1.0,1.0,E,849.986572,1787209700190.8762,1787209700207.4731,1787209699340.8896,1787209699789.4248,0.2,5,0.2,860
0,90533.4,False,[],1.0,5,"['A', 'B', 'C', 'D', 'E']",1.0,1.0,F,857.990479,1787209700810.6697,1787209700847.751,1787209699952.6792,1787209700413.7659,0.2,5,0.2,860
0,90396.2,False,[],1.0,5,"['B', 'C', 'D', 'E', 'F']",1.0,1.0,A,840.960693,1787209701024.176,1787209701047.7852,1787209700183.2153,1787209700643.779,0.2,5,0.2,860
0,89618.0,False,[],1.0,5,"['A', 'B', 'D', 'E', 'F']",1.0,1.0,C,895.989014,1787209701214.2695,1787209701237.7678,1787209700318.2805,1787209700544.7668,0.2,5,0.2,860
0,53819.2,False,[],1.0,5,"['A', 'C', 'D', 'E', 'F']",1.0,1.0,B,797.990234,1787209709705.6362,1787209709715.796,1787209708907.646,1787209709327.862,0.0,5,0.0,870
0,102949.4,False,[],1.0,5,"['A', 'B', 'C', 'E', 'F']",1.0,1.0,D,856.987549,1787209709764.7598,1787209709800.822,1787209708907.7722,1787209709383.85,0.0,5,0.0,870
0,103673.8,False,[],1.0,5,"['A', 'B', 'C', 'D', 'F']",1.0,1.0,E,838.986816,1787209710514.713,1787209710530.5022,1787209709675.726,1787209710138.511,0.0,5,0.0,870
0,58990.2,False,[],1.0,5,"['A', 'B', 'C', 'D', 'E']",1.0,1.0,F,883.990479,1787209711183.557,1787209711218.875,1787209710299.5664,1787209710780.814,0.0,5,0.0,870
0,98665.2,False,[],1.0,5,"['B', 'C', 'D', 'E', 'F']",1.0,1.0,A,836.960938,1787209711288.6982,1787209711312.83,1787209710451.7373,1787209710894.81,0.2,5,0.2,870
0,95881.4,False,[],1.0,5,"['A', 'B', 'D', 'E', 'F']",1.0,1.0,C,835.989502,1787209711417.1428,1787209711440.845,1787209710581.1533,1787209710784.855,0.2,5,0.2,870
0,59759.4,False,[],1.0,5,"['A', 'C', 'D', 'E', 'F']",1.0,1.0,B,875.989258,1787209720123.5098,1787209720141.9211,1787209719247.5205,1787209719729.869,0.0,5,0.0,880
0,113317.4,False,[],1.0,5,"['A', 'B', 'C', 'E', 'F']",1.0,1.0,D,887.987061,1787209720163.6099,1787209720181.914,1787209719275.6228,1787209719750.8809,0.0,5,0.0,880
0,114022.8,False,[],1.0,5,"['A', 'B', 'C', 'D', 'F']",1.0,1.0,E,880.986084,1787209720905.5483,1787209720922.563,1787209720024.5623,1787209720475.5708,0.0,5,0.0,880
0,69361.2,False,[],1.0,5,"['A', 'B', 'C', 'D', 'E']",1.0,1.0,F,866.990479,1787209721537.444,1787209721574.894,1787209720670.4536,1787209721156.91,0.0,5,0.0,880
0,106943.2,False,[],1.0,5,"['B', 'C', 'D', 'E', 'F']",1.0,1.0,A,835.961182,1787209721565.22,1787209721590.918,1787209720729.2588,1787209721203.888,0.2,5,0.2,880
0,102052.8,False,[],1.0,5,"['A', 'B', 'D', 'E', 'F']",1.0,1.0,C,805.98999,1787209721660.0156,1787209721683.9001,1787209720854.0256,1787209721288.892,0.2,5,0.2,880
0,66025.2,False,[],1.0,5,"['A', 'C', 'D', 'E', 'F']",1.0,1.0,B,849.989746,1787209730414.3848,1787209730416.923,1787209729564.395,1787209730034.96,0.0,5,0.0,890
0,123692.4,False,[],1.0,5,"['A', 'B', 'C', 'E', 'F']",1.0,1.0,D,865.987549,1787209730516.4607,1787209730553.972,1787209729650.4731,1787209730144.9658,0.0,5,0.0,890
0,124380.8,False,[],1.0,5,"['A', 'B', 'C', 'D', 'F']",1.0,1.0,E,839.986816,1787209731222.3853,1787209731255.626,1787209730382.3984,1787209730863.6511,0.0,5,0.0,890
0,115222.6,False,[],1.0,5,"['B', 'C', 'D', 'E', 'F']",1.0,1.0,A,818.961914,1787209731826.7424,1787209731851.002,1787209731007.7805,1787209731456.9841,0.2,5,0.2,890
0,79746.2,False,[],1.0,5,"['A', 'B', 'C', 'D', 'E']",1.0,1.0,F,869.990479,1787209731925.331,1787209731961.941,1787209731055.3406,1787209731540.9492,0.0,5,0.0,890
0,108324.2,False,[],1.0,5,"['A', 'B', 'D', 'E', 'F']",1.0,1.0,C,807.98999,1787209731932.8882,1787209731955.967,1787209731124.8982,1787209731559.953,0.2,5,0.2,890
0,72426.8,False,[],1.0,5,"['A', 'C', 'D', 'E', 'F']",1.0,1.0,B,829.98999,1787209740744.2593,1787209740766.0571,1787209739914.2693,1787209740336.999,0.2,5,0.2,900
0,134034.4,False,[],1.0,5,"['A', 'B', 'C', 'E', 'F']",1.0,1.0,D,853.987549,1787209740846.3118,1787209740882.01,1787209739992.3242,1787209740469.006,0.4,5,0.4,900
0,134729.8,False,[],1.0,5,"['A', 'B', 'C', 'D', 'F']",1.0,1.0,E,871.986328,1787209741603.221,1787209741620.723,1787209740731.2346,1787209741195.697,0.4,5,0.4,900
0,123307.6,False,[],1.0,5,"['B', 'C', 'D', 'E', 'F']",1.0,1.0,A,871.959473,1787209742164.2612,1787209742188.0432,1787209741292.3018,1787209741745.018,0.6,5,0.6,900
0,114273.6,False,[],1.0,5,"['A', 'B', 'D', 'E', 'F']",1.0,1.0,C,841.989746,1787209742213.7607,1787209742237.033,1787209741371.771,1787209741816.022,0.4,5,0.4,900
0,90098.2,False,[],1.0,5,"['A', 'B', 'C', 'D', 'E']",1.0,1.0,F,889.990479,1787209742297.2183,1787209742315.032,1787209741407.2278,1787209741885.005,0.2,5,0.2,900
0,78578.6,False,[],1.0,5,"['A', 'C', 'D', 'E', 'F']",1.0,1.0,B,804.990234,1787209751071.1338,1787209751095.078,1787209750266.1436,1787209750705.09,0.2,5,0.2,910
0,144358.4,False,[],1.0,5,"['A', 'B', 'C', 'E', 'F']",1.0,1.0,D,862.987549,1787209751179.1628,1787209751212.068,1787209750316.1753,1787209750778.0881,0.6,5,0.6,910
0,145079.8,False,[],1.0,5,"['A', 'B', 'C', 'D', 'F']",1.0,1.0,E,870.986328,1787209751952.0571,1787209751968.7632,1787209751081.0708,1787209751563.742,0.4,5,0.4,910
0,131521.6,False,[],1.0,5,"['B', 'C', 'D', 'E', 'F']",1.0,1.0,A,853.960205,1787209752410.7842,1787209752437.112,1787209751556.824,1787209752003.075,0.6,5,0.6,910
0,120414.6,False,[],1.0,5,"['A', 'B', 'D', 'E', 'F']",1.0,1.0,C,805.98999,1787209752420.634,1787209752441.137,1787209751614.644,1787209752029.0989,0.6,5,0.6,910
0,100429.2,False,[],1.0,5,"['A', 'B', 'C', 'D', 'E']",1.0,1.0,F,836.990723,1787209752575.1062,1787209752592.1199,1787209751738.1155,1787209752186.085,0.4,5,0.4,910
0,154669.4,False,[],1.0,5,"['A', 'B', 'C', 'E', 'F']",1.0,1.0,D,842.987793,1787209761470.0146,1787209761500.156,1787209760627.0269,1787209761074.1428,0.8,5,0.8,920
0,84776.6,False,[],1.0,5,"['A', 'C', 'D', 'E', 'F']",1.0,1.0,B,903.989014,1787209761567.0063,1787209761587.1438,1787209760663.0173,1787209761145.165,0.4,5,0.4,920
0,155394.8,False,[],1.0,5,"['A', 'B', 'C', 'D', 'F']",1.0,1.0,E,812.987061,1787209762208.8948,1787209762238.83,1787209761395.9077,1787209761845.824,0.8,5,0.8,920
0,139842.2,False,[],1.0,5,"['B', 'C', 'D', 'E', 'F']",1.0,1.0,A,841.960938,1787209762668.307,1787209762693.1738,1787209761826.346,1787209762288.148,0.6,5,0.6,920
0,126750.4,False,[],1.0,5,"['A', 'B', 'D', 'E', 'F']",1.0,1.0,C,763.990479,1787209762613.5073,1787209762635.256,1787209761849.5168,1787209762272.155,0.6,5,0.6,920
0,110753.2,False,[],1.0,5,"['A', 'B', 'C', 'D', 'E']",1.0,1.0,F,858.990723,1787209762920.9937,1787209762938.177,1787209762062.003,1787209762517.171,0.4,5,0.4,920
0,164980.4,False,[],1.0,5,"['A', 'B', 'C', 'E', 'F']",1.0,1.0,D,822.988281,1787209771760.8665,1787209771776.24,1787209770937.8782,1787209771380.2239,0.8,5,0.8,930
0,91143.2,False,[],1.0,5,"['A', 'C', 'D', 'E', 'F']",1.0,1.0,B,876.989502,1787209771906.8809,1787209771927.219,1787209771029.8914,1787209771521.219,0.4,5,0.4,930
0,165699.8,False,[],1.0,5,"['A', 'B', 'C', 'D', 'F']",1.0,1.0,E,831.986816,1787209772532.7314,1787209772563.915,1787209771700.7446,1787209772152.883,0.8,5,0.8,930
0,132986.0,False,[],1.0,5,"['A', 'B', 'D', 'E', 'F']",1.0,1.0,C,731.990967,1787209772815.3809,1787209772835.238,1787209772083.39,1787209772488.2651,0.6,5,0.6,930
0,148123.6,False,[],1.0,5,"['B', 'C', 'D', 'E', 'F']",1.0,1.0,A,793.963135,1787209772900.8306,1787209772930.254,1787209772106.8674,1787209772536.257,0.6,5,0.6,930
0,121056.2,False,[],1.0,5,"['A', 'B', 'C', 'D', 'E']",1.0,1.0,F,846.990723,1787209773211.8816,1787209773228.2332,1787209772364.8909,1787209772812.228,0.4,5,0.4,930
0,175310.4,False,[],1.0,5,"['A', 'B', 'C', 'E', 'F']",1.0,1.0,D,770.989014,1787209782038.7183,1787209782067.294,1787209781267.7292,1787209781715.281,0.8,5,0.8,940
0,97105.6,False,[],1.0,5,"['A', 'C', 'D', 'E', 'F']",1.0,1.0,B,837.989746,1787209782229.7554,1787209782248.2988,1787209781391.7656,1787209781865.299,0.4,5,0.4,940
0,176018.8,False,[],1.0,5,"['A', 'B', 'C', 'D', 'F']",1.0,1.0,E,844.986572,1787209782864.5679,1787209782893.9531,1787209782019.5813,1787209782479.958,0.8,5,0.8,940
0,138797.6,False,[],1.0,5,"['A', 'B', 'D', 'E', 'F']",1.0,1.0,C,771.990479,1787209783067.2537,1787209783088.288,1787209782295.2632,1787209782726.338,0.6,5,0.6,940
0,156194.8,False,[],1.0,5,"['B', 'C', 'D', 'E', 'F']",1.0,1.0,A,853.960205,1787209783231.3496,1787209783256.299,1787209782377.3894,1787209782827.2942,0.6,5,0.6,940
0,131375.2,False,[],1.0,5,"['A', 'B', 'C', 'D', 'E']",1.0,1.0,F,856.990723,1787209783540.7693,1787209783557.3289,1787209782683.7786,1787209783150.291,0.4,5,0.4,940
0,185623.4,False,[],1.0,5,"['A', 'B', 'C', 'E', 'F']",1.0,1.0,D,818.988037,1787209792399.5688,1787209792432.374,1787209791580.5808,1787209792016.3528,0.8,5,0.8,950
0,103493.8,False,[],1.0,5,"['A', 'C', 'D', 'E', 'F']",1.0,1.0,B,882.989258,1787209792713.628,1787209792735.347,1787209791830.6387,1787209792288.357,0.4,5,0.4,950
0,186338.8,False,[],1.0,5,"['A', 'B', 'C', 'D', 'F']",1.0,1.0,E,880.986084,1787209793220.404,1787209793236.013,1787209792339.418,1787209792801.035,0.8,5,0.8,950
0,144945.0,False,[],1.0,5,"['A', 'B', 'D', 'E', 'F']",1.0,1.0,C,804.98999,1787209793349.126,1787209793369.3909,1787209792544.136,1787209792956.347,0.6,5,0.6,950
0,164449.4,False,[],1.0,5,"['B', 'C', 'D', 'E', 'F']",1.0,1.0,A,844.960693,1787209793476.8728,1787209793501.382,1787209792631.912,1787209793067.3599,0.6,5,0.6,950
0,141695.2,False,[],1.0,5,"['A', 'B', 'C', 'D', 'E']",1.0,1.0,F,835.990967,1787209793839.6572,1787209793856.346,1787209793003.6663,1787209793462.3562,0.4,5,0.4,950
0,109617.6,False,[],1.0,5,"['A', 'C', 'D', 'E', 'F']",1.0,1.0,B,533.993408,1787209802408.5103,1787209802411.409,1787209801874.5168,1787209802039.389,0.4,5,0.4,960
0,176349.6,False,[],1.0,5,"['A', 'B', 'C', 'E', 'F']",1.0,1.0,D,885.987305,1787209802805.419,1787209802829.457,1787209801919.4316,1787209802401.419,0.8,5,0.8,960
0,176548.0,False,[],1.0,5,"['A', 'B', 'C', 'D', 'F']",1.0,1.0,E,819.987061,1787209803462.242,1787209803478.09,1787209802642.255,1787209803072.0872,0.8,5,0.8,960
0,172406.0,False,[],1.0,5,"['B', 'C', 'D', 'E', 'F']",1.0,1.0,A,569.973633,1787209803259.4175,1787209803261.403,1787209802689.4438,1787209802868.405,0.6,5,0.6,960
0,107037.2,False,[],1.0,5,"['A', 'B', 'D', 'E', 'F']",1.0,1.0,C,855.989258,1787209803684.9976,1787209803703.43,1787209802829.0083,1787209803343.46,0.4,5,0.4,960
0,43169.0,False,[],1.0,5,"['A', 'B', 'C', 'D', 'E']",1.0,1.0,F,542.994141,1787209803589.551,1787209803592.4128,1787209803046.557,1787209803219.446,0.0,5,0.0,960
0,5483.6,False,[],1.0,5,"['A', 'C', 'D', 'E', 'F']",1.0,1.0,B,918.98877,1787209813081.3806,1787209813104.491,1787209812162.3918,1787209812667.472,0.0,5,0.0,970
0,4375.2,False,[],1.0,5,"['A', 'B', 'C', 'E', 'F']",1.0,1.0,D,845.987793,1787209813100.2705,1787209813123.494,1787209812254.2827,1787209812714.4958,0.0,5,0.0,970
0,3919.2,False,[],1.0,5,"['A', 'B', 'C', 'D', 'F']",1.0,1.0,E,569.990967,1787209813260.087,1787209813263.1682,1787209812690.096,1787209812857.146,0.0,5,0.0,970
0,4256.0,False,[],1.0,5,"['B', 'C', 'D', 'E', 'F']",1.0,1.0,A,570.973389,1787209813304.9497,1787209813307.476,1787209812733.9763,1787209812963.468,0.0,5,0.0,970
0,3639.6,False,[],1.0,5,"['A', 'B', 'D', 'E', 'F']",1.0,1.0,C,916.988525,1787209813895.8708,1787209813922.497,1787209812978.8823,1787209813539.471,0.0,5,0.0,970
0,27615.4,False,[],1.0,5,"['A', 'B', 'C', 'D', 'E']",1.0,1.0,F,867.990479,1787209814283.4346,1787209814302.4968,1787209813415.444,1787209813885.4958,0.0,5,0.0,970
0,3382.8,False,[],1.0,5,"['A', 'C', 'D', 'E', 'F']",1.0,1.0,B,665.991943,1787209823038.2598,1787209823058.5771,1787209822372.2678,1787209822544.543,0.0,5,0.0,980
0,2850.6,False,[],1.0,5,"['A', 'B', 'C', 'E', 'F']",1.0,1.0,D,635.990723,1787209823051.1272,1787209823059.567,1787209822415.1365,1787209822593.523,0.0,5,0.0,980
0,4274.6,False,[],1.0,5,"['B', 'C', 'D', 'E', 'F']",1.0,1.0,A,689.968018,1787209823663.4678,1787209823666.5608,1787209822973.4998,1787209823383.543,0.0,5,0.0,980
0,3733.0,False,[],1.0,5,"['A', 'B', 'D', 'E', 'F']",1.0,1.0,C,953.988037,1787209824307.7417,1787209824310.554,1787209823353.7537,1787209823856.548,0.0,5,0.0,980
0,7618.0,False,[],1.0,5,"['A', 'B', 'C', 'D', 'E']",1.0,1.0,F,852.990723,1787209824648.3218,1787209824667.564,1787209823795.331,1787209824256.54,0.0,5,0.0,980
0,4568.4,False,[],1.0,5,"['A', 'B', 'C', 'D', 'F']",1.0,1.0,E,1376.978271,1787209825260.897,1787209825297.262,1787209823883.9187,1787209824567.2258,0.0,5,0.0,980
0,13599.4,False,[],1.0,5,"['A', 'C', 'D', 'E', 'F']",1.0,1.0,B,884.989258,1787209833620.131,1787209833640.637,1787209832735.1418,1787209833200.636,0.0,5,0.0,990
0,13075.0,False,[],1.0,5,"['A', 'B', 'C', 'E', 'F']",1.0,1.0,D,898.987061,1787209833639.9746,1787209833658.647,1787209832740.9875,1787209833224.604,0.0,5,0.0,990
0,12328.8,False,[],1.0,5,"['B', 'C', 'D', 'E', 'F']",1.0,1.0,A,538.974854,1787209833558.007,1787209833565.629,1787209833019.0322,1787209833361.583,0.0,5,0.0,990
0,9850.0,False,[],1.0,5,"['A', 'B', 'D', 'E', 'F']",1.0,1.0,C,1165.985596,1787209834714.6125,1787209834719.646,1787209833548.627,1787209834230.613,0.0,5,0.0,990
0,10625.4,False,[],1.0,5,"['A', 'B', 'C', 'D', 'F']",1.0,1.0,E,760.987793,1787209834688.7476,1787209834692.293,1787209833927.7598,1787209834100.29,0.0,5,0.0,990
0,17983.0,False,[],1.0,5,"['A', 'B', 'C', 'D', 'E']",1.0,1.0,F,912.98999,1787209835073.2083,1787209835091.6582,1787209834160.2183,1787209834664.6472,0.0,5,0.0,990
0,5772.6,False,[],1.0,5,"['A', 'C', 'D', 'E', 'F']",1.0,1.0,B,889.989258,1787209844035.0046,1787209844060.724,1787209843145.0154,1787209843621.688,0.0,5,0.0,1000
0,5461.6,False,[],1.0,5,"['A', 'B', 'C', 'E', 'F']",1.0,1.0,D,562.991943,1787209843720.8293,1787209843723.686,1787209843157.8374,1787209843526.669,0.0,5,0.0,1000
0,1505.2,False,[],1.0,5,"['B', 'C', 'D', 'E', 'F']",1.0,1.0,A,606.97168,1787209843873.5269,1787209843876.721,1787209843266.5552,1787209843645.698,0.0,5,0.0,1000
0,1174.4,False,[],1.0,5,"['A', 'B', 'D', 'E', 'F']",1.0,1.0,C,939.988281,1787209844835.4868,1787209844863.678,1787209843895.4985,1787209844429.6821,0.0,5,0.0,1000
0,7358.4,False,[],1.0,5,"['A', 'B', 'C', 'D', 'F']",1.0,1.0,E,868.986328,1787209845145.5823,1787209845166.3662,1787209844276.596,1787209844457.375,0.0,5,0.0,1000
0,9687.8,False,[],1.0,5,"['A', 'B', 'C', 'D', 'E']",1.0,1.0,F,881.990234,1787209845432.0955,1787209845452.6838,1787209844550.1052,1787209845043.681,0.0,5,0.0,1000
0,2240.2,False,[],1.0,5,"['A', 'C', 'D', 'E', 'F']",1.0,1.0,B,789.990234,1787209854175.8813,1787209854182.73,1787209853385.891,1787209853817.739,0.0,5,0.0,1010
0,1561.2,False,[],1.0,5,"['A', 'B', 'C', 'E', 'F']",1.0,1.0,D,811.988281,1787209854227.678,1787209854264.79,1787209853415.6897,1787209853850.78,0.0,5,0.0,1010
0,2797.8,False,[],1.0,5,"['B', 'C', 'D', 'E', 'F']",1.0,1.0,A,844.960693,1787209854390.0374,1787209854392.731,1787209853545.0767,1787209854114.726,0.0,5,0.0,1010
0,1525.2,False,[],1.0,5,"['A', 'B', 'D', 'E', 'F']",1.0,1.0,C,981.987793,1787209855135.3591,1787209855140.7312,1787209854153.3713,1787209854548.7722,0.0,5,0.0,1010
0,8784.0,False,[],1.0,5,"['A', 'B', 'C', 'D', 'F']",1.0,1.0,E,853.986328,1787209855579.417,1787209855604.438,1787209854725.4307,1787209855167.422,0.0,5,0.0,1010
0,3887.2,False,[],1.0,5,"['A', 'B', 'C', 'D', 'E']",1.0,1.0,F,1421.984375,1787209856491.975,1787209856515.791,1787209855069.9907,1787209855765.758,0.0,5,0.0,1010
0,11934.2,False,[],1.0,5,"['A', 'B', 'C', 'E', 'F']",1.0,1.0,D,881.987305,1787209864670.5273,1787209864688.832,1787209863788.54,1787209864266.8171,0.0,5,0.0,1020
0,12655.2,False,[],1.0,5,"['A', 'C', 'D', 'E', 'F']",1.0,1.0,B,896.989014,1787209864697.7537,1787209864723.85,1787209863800.7646,1787209864283.8071,0.0,5,0.0,1020
0,11120.6,False,[],1.0,5,"['B', 'C', 'D', 'E', 'F']",1.0,1.0,A,841.960693,1787209864698.5576,1787209864714.8289,1787209863856.597,1787209864315.836,0.0,5,0.0,1020
0,7852.4,False,[],1.0,5,"['A', 'B', 'D', 'E', 'F']",1.0,1.0,C,815.98999,1787209865289.2332,1787209865313.811,1787209864473.2432,1787209864886.861,0.0,5,0.0,1020
0,19212.0,False,[],1.0,5,"['A', 'B', 'C', 'D', 'F']",1.0,1.0,E,910.985596,1787209866064.2512,1787209866088.519,1787209865153.2656,1787209865647.4978,0.0,5,0.0,1020
0,10045.2,False,[],1.0,5,"['A', 'B', 'C', 'D', 'E']",1.0,1.0,F,745.991943,1787209866022.8713,1787209866050.913,1787209865276.8794,1787209865457.8271,0.0,5,0.0,1020
0,22297.2,False,[],1.0,5,"['A', 'B', 'C', 'E', 'F']",1.0,1.0,D,890.987061,1787209875042.378,1787209875060.872,1787209874151.3909,1787209874620.88,0.0,5,0.0,1030
0,19417.6,False,[],1.0,5,"['B', 'C', 'D', 'E', 'F']",1.0,1.0,A,830.961426,1787209874984.0789,1787209875016.909,1787209874153.1174,1787209874611.8928,0.0,5,0.0,1030
0,23033.2,False,[],1.0,5,"['A', 'C', 'D', 'E', 'F']",1.0,1.0,B,824.98999,1787209875003.6284,1787209875028.912,1787209874178.6384,1787209874614.8938,0.0,5,0.0,1030
0,14127.8,False,[],1.0,5,"['A', 'B', 'D', 'E', 'F']",1.0,1.0,C,852.989258,1787209875601.105,1787209875627.879,1787209874748.1157,1787209875204.905,0.0,5,0.0,1030
0,16210.6,False,[],1.0,5,"['A', 'B', 'C', 'D', 'E']",1.0,1.0,F,729.991943,1787209876223.7603,1787209876226.876,1787209875493.7683,1787209875688.8699,0.0,5,0.0,1030
0,29645.0,False,[],1.0,5,"['A', 'B', 'C', 'D', 'F']",1.0,1.0,E,877.986084,1787209876464.0864,1787209876488.58,1787209875586.1003,1787209876077.604,0.0,5,0.0,1030
0,27542.6,False,[],1.0,5,"['B', 'C', 'D', 'E', 'F']",1.0,1.0,A,874.959229,1787209885352.5962,1787209885381.989,1787209884477.637,1787209884916.955,0.0,5,0.0,1040
0,32675.2,False,[],1.0,5,"['A', 'B', 'C', 'E', 'F']",1.0,1.0,D,815.988281,1787209885345.2295,1787209885358.979,1787209884529.2412,1787209884996.939,0.0,5,0.0,1040
0,33467.2,False,[],1.0,5,"['A', 'C', 'D', 'E', 'F']",1.0,1.0,B,912.989014,1787209885525.5007,1787209885552.9548,1787209884612.5117,1787209885100.957,0.0,5,0.0,1040
0,20411.4,False,[],1.0,5,"['A', 'B', 'D', 'E', 'F']",1.0,1.0,C,829.989746,1787209885861.9778,1787209885887.991,1787209885031.988,1787209885486.961,0.0,5,0.0,1040
0,22508.0,False,[],1.0,5,"['A', 'B', 'C', 'D', 'E']",1.0,1.0,F,726.992188,1787209886466.649,1787209886493.998,1787209885739.6567,1787209886136.966,0.0,5,0.0,1040
0,40102.0,False,[],1.0,5,"['A', 'B', 'C', 'D', 'F']",1.0,1.0,E,919.985352,1787209886962.9204,1787209886987.73,1787209886042.935,1787209886531.6528,0.0,5,0.0,1040
0,35858.8,False,[],1.0,5,"['B', 'C', 'D', 'E', 'F']",1.0,1.0,A,830.961426,1787209895624.1182,1787209895640.052,1787209894793.1567,1787209895257.0022,0.0,5,0.0,1050
0,43037.2,False,[],1.0,5,"['A', 'B', 'C', 'E', 'F']",1.0,1.0,D,904.986816,1787209895796.0789,1787209895816.031,1787209894891.092,1787209895391.011,0.0,5,0.0,1050
0,43818.2,False,[],1.0,5,"['A', 'C', 'D', 'E', 'F']",1.0,1.0,B,922.98877,1787209895886.3748,1787209895897.0461,1787209894963.386,1787209895456.0088,0.0,5,0.0,1050
0,26286.2,False,[],1.0,5,"['A', 'B', 'D', 'E', 'F']",1.0,1.0,C,868.989014,1787209896174.8496,1787209896200.0452,1787209895305.8606,1787209895749.02,0.0,5,0.0,1050
0,28724.0,False,[],1.0,5,"['A', 'B', 'C', 'D', 'E']",1.0,1.0,F,796.991211,1787209896751.5369,1787209896782.0388,1787209895954.5457,1787209896390.0571,0.0,5,0.0,1050
0,50562.0,False,[],1.0,5,"['A', 'B', 'C', 'D', 'F']",1.0,1.0,E,876.986328,1787209897379.7556,1787209897402.741,1787209896502.7693,1787209896968.7122,0.0,5,0.0,1060
0,44173.4,False,[],1.0,5,"['B', 'C', 'D', 'E', 'F']",1.0,1.0,A,849.960449,1787209905957.6372,1787209905974.1199,1787209905107.6768,1787209905589.108,0.0,5,0.0,1060
0,53384.2,False,[],1.0,5,"['A', 'B', 'C', 'E', 'F']",1.0,1.0,D,868.987305,1787209906106.9302,1787209906130.111,1787209905237.9429,1787209905730.109,0.0,5,0.0,1060
0,54150.2,False,[],1.0,5,"['A', 'C', 'D', 'E', 'F']",1.0,1.0,B,862.989502,1787209906158.25,1787209906183.104,1787209905295.2605,1787209905753.072,0.0,5,0.0,1060
0,32572.4,False,[],1.0,5,"['A', 'B', 'D', 'E', 'F']",1.0,1.0,C,808.98999,1787209906401.723,1787209906427.114,1787209905592.733,1787209906031.0781,0.0,5,0.0,1060
0,34553.8,False,[],1.0,5,"['A', 'B', 'C', 'D', 'E']",1.0,1.0,F,652.99292,1787209906837.427,1787209906853.109,1787209906184.434,1787209906544.099,0.0,5,0.0,1060
0,61014.0,False,[],1.0,5,"['A', 'B', 'C', 'D', 'F']",1.0,1.0,E,883.986084,1787209907838.59,1787209907862.777,1787209906954.604,1787209907428.7678,0.0,5,0.0,1070
0,52318.4,False,[],1.0,5,"['B', 'C', 'D', 'E', 'F']",1.0,1.0,A,922.957031,1787209916375.1523,1787209916390.1519,1787209915452.1953,1787209915934.184,0.0,5,0.0,1070
0,63776.2,False,[],1.0,5,"['A', 'B', 'C', 'E', 'F']",1.0,1.0,D,863.987549,1787209916493.7805,1787209916512.1702,1787209915629.793,1787209916088.171,0.0,5,0.0,1070
0,64584.2,False,[],1.0,5,"['A', 'C', 'D', 'E', 'F']",1.0,1.0,B,853.989502,1787209916583.1233,1787209916610.141,1787209915729.1338,1787209916198.189,0.0,5,0.0,1070
0,38859.0,False,[],1.0,5,"['A', 'B', 'D', 'E', 'F']",1.0,1.0,C,811.989746,1787209916691.595,1787209916716.1729,1787209915879.6052,1787209916310.144,0.0,5,0.0,1070
0,40816.4,False,[],1.0,5,"['A', 'B', 'C', 'D', 'E']",1.0,1.0,F,714.992188,1787209917162.3147,1787209917180.182,1787209916447.3225,1787209916855.156,0.0,5,0.0,1080
0,71417.0,False,[],1.0,5,"['A', 'B', 'C', 'D', 'F']",1.0,1.0,E,882.98584,1787209918240.4253,1787209918265.853,1787209917357.4395,1787209917825.8582,0.0,5,0.0,1080
0,60630.8,False,[],1.0,5,"['B', 'C', 'D', 'E', 'F']",1.0,1.0,A,866.959473,1787209926630.6748,1787209926659.2268,1787209925763.7153,1787209926220.228,0.0,5,0.0,1080
0,74135.2,False,[],1.0,5,"['A', 'B', 'C', 'E', 'F']",1.0,1.0,D,911.986816,1787209926900.6306,1787209926921.24,1787209925988.6438,1787209926481.225,0.0,5,0.0,1080
0,74954.2,False,[],1.0,5,"['A', 'C', 'D', 'E', 'F']",1.0,1.0,B,895.989014,1787209926994.9968,1787209927020.2341,1787209926099.0078,1787209926597.258,0.0,5,0.0,1080
0,44723.4,False,[],1.0,5,"['A', 'B', 'D', 'E', 'F']",1.0,1.0,C,833.989746,1787209926977.4675,1787209927003.249,1787209926143.4778,1787209926600.227,0.0,5,0.0,1080
0,47080.4,False,[],1.0,5,"['A', 'B', 'C', 'D', 'E']",1.0,1.0,F,701.992432,1787209927413.2031,1787209927435.2551,1787209926711.2107,1787209927136.2468,0.0,5,0.0,1090
0,81870.0,False,[],1.0,5,"['A', 'B', 'C', 'D', 'F']",1.0,1.0,E,838.986816,1787209928649.2607,1787209928673.918,1787209927810.274,1787209928278.9,0.0,5,0.0,1090
0,68929.8,False,[],1.0,5,"['B', 'C', 'D', 'E', 'F']",1.0,1.0,A,845.960693,1787209936908.1965,1787209936938.292,1787209936062.2358,1787209936543.295,0.0,5,0.0,1090
0,84490.2,False,[],1.0,5,"['A', 'B', 'C', 'E', 'F']",1.0,1.0,D,909.986816,1787209937253.4814,1787209937289.3281,1787209936343.4946,1787209936833.281,0.0,5,0.0,1100
0,51029.0,False,[],1.0,5,"['A', 'B', 'D', 'E', 'F']",1.0,1.0,C,858.989258,1787209937306.339,1787209937333.323,1787209936447.3499,1787209936881.281,0.0,5,0.0,1100
0,85387.2,False,[],1.0,5,"['A', 'C', 'D', 'E', 'F']",1.0,1.0,B,849.989746,1787209937381.8708,1787209937406.3252,1787209936531.881,1787209936965.304,0.0,5,0.0,1100
0,53341.4,False,[],1.0,5,"['A', 'B', 'C', 'D', 'E']",1.0,1.0,F,748.991699,1787209937720.0908,1787209937740.288,1787209936971.099,1787209937425.312,0.0,5,0.0,1100
0,92224.0,False,[],1.0,5,"['A', 'B', 'C', 'D', 'F']",1.0,1.0,E,910.985596,1787209939075.0957,1787209939102.0042,1787209938164.11,1787209938664.9758,0.0,5,0.0,1100
0,77043.4,False,[],1.0,5,"['B', 'C', 'D', 'E', 'F']",1.0,1.0,A,875.959229,1787209947251.715,1787209947282.35,1787209946375.7559,1787209946853.3398,0.0,5,0.0,1110
0,57315.2,False,[],1.0,5,"['A', 'B', 'D', 'E', 'F']",1.0,1.0,C,876.989258,1787209947611.2114,1787209947625.3818,1787209946734.2222,1787209947222.358,0.0,5,0.0,1110
0,94881.2,False,[],1.0,5,"['A', 'B', 'C', 'E', 'F']",1.0,1.0,D,893.987305,1787209947628.332,1787209947666.348,1787209946734.3447,1787209947209.376,0.0,5,0.0,1110
0,95780.2,False,[],1.0,5,"['A', 'C', 'D', 'E', 'F']",1.0,1.0,B,887.989258,1787209947812.7441,1787209947836.3572,1787209946924.755,1787209947400.397,0.0,5,0.0,1110
0,59206.6,False,[],1.0,5,"['A', 'B', 'C', 'D', 'E']",1.0,1.0,F,754.991699,1787209947990.979,1787209947994.3508,1787209947235.9873,1787209947652.434,0.0,5,0.0,1110
0,102606.0,False,[],1.0,5,"['A', 'B', 'C', 'D', 'F']",1.0,1.0,E,865.986328,1787209949411.9321,1787209949436.087,1787209948545.9458,1787209949007.059,0.0,5,0.0,1110
0,85326.4,False,[],1.0,5,"['B', 'C', 'D', 'E', 'F']",1.0,1.0,A,828.961426,1787209957538.2363,1787209957567.417,1787209956709.275,1787209957191.447,0.0,5,0.0,1120
0,63587.8,False,[],1.0,5,"['A', 'B', 'D', 'E', 'F']",1.0,1.0,C,837.989502,1787209957845.0842,1787209957870.429,1787209957007.0947,1787209957463.4558,0.0,5,0.0,1120
0,105239.2,False,[],1.0,5,"['A', 'B', 'C', 'E', 'F']",1.0,1.0,D,881.987305,1787209957974.1829,1787209958010.425,1787209957092.1956,1787209957569.415,0.0,5,0.0,1120
0,106223.2,False,[],1.0,5,"['A', 'C', 'D', 'E', 'F']",1.0,1.0,B,921.98877,1787209958289.6167,1787209958314.427,1787209957367.628,1787209957886.4492,0.0,5,0.0,1120
0,65450.6,False,[],1.0,5,"['A', 'B', 'C', 'D', 'E']",1.0,1.0,F,736.992188,1787209958216.868,1787209958239.456,1787209957479.8757,1787209957884.449,0.0,5,0.0,1120
0,113052.0,False,[],1.0,5,"['A', 'B', 'C', 'D', 'F']",1.0,1.0,E,928.985107,1787209959920.7656,1787209959945.153,1787209958991.7805,1787209959509.1218,0.0,5,0.0,1120
0,93690.4,False,[],1.0,5,"['B', 'C', 'D', 'E', 'F']",1.0,1.0,A,859.959961,1787209967881.755,1787209967912.4849,1787209967021.795,1787209967488.478,0.0,5,0.0,1130
0,69451.4,False,[],1.0,5,"['A', 'B', 'D', 'E', 'F']",1.0,1.0,C,828.989746,1787209968097.957,1787209968117.502,1787209967268.9673,1787209967722.4841,0.0,5,0.0,1130
0,115600.2,False,[],1.0,5,"['A', 'B', 'C', 'E', 'F']",1.0,1.0,D,889.987305,1787209968343.0334,1787209968378.491,1787209967453.0461,1787209967927.521,0.0,5,0.0,1130
0,71715.4,False,[],1.0,5,"['A', 'B', 'C', 'D', 'E']",1.0,1.0,F,715.992188,1787209968460.7563,1787209968488.53,1787209967744.7642,1787209968134.516,0.0,5,0.0,1130
0,116679.2,False,[],1.0,5,"['A', 'C', 'D', 'E', 'F']",1.0,1.0,B,817.98999,1787209968641.491,1787209968654.495,1787209967823.501,1787209968259.506,0.0,5,0.0,1130
0,123485.0,False,[],1.0,5,"['A', 'B', 'C', 'D', 'F']",1.0,1.0,E,866.986328,1787209970291.6016,1787209970316.209,1787209969424.6152,1787209969909.1858,0.0,5,0.0,1130
0,101779.6,False,[],1.0,5,"['B', 'C', 'D', 'E', 'F']",1.0,1.0,A,884.95874,1787209978195.2747,1787209978225.5818,1787209977310.316,1787209977791.562,0.0,5,0.0,1140
0,75735.2,False,[],1.0,5,"['A', 'B', 'D', 'E', 'F']",1.0,1.0,C,869.989258,1787209978423.8289,1787209978448.5422,1787209977553.8396,1787209977991.592,0.0,5,0.0,1140
0,125944.2,False,[],1.0,5,"['A', 'B', 'C', 'E', 'F']",1.0,1.0,D,860.987549,1787209978657.8848,1787209978676.551,1787209977796.8972,1787209978255.563,0.0,5,0.0,1140
0,77907.0,False,[],1.0,5,"['A', 'B', 'C', 'D', 'E']",1.0,1.0,F,723.992188,1787209978660.6453,1787209978679.584,1787209977936.653,1787209978322.5378,0.0,5,0.0,1140
0,127025.2,False,[],1.0,5,"['A', 'C', 'D', 'E', 'F']",1.0,1.0,B,811.990234,1787209978981.3655,1787209979006.553,1787209978169.3752,1787209978653.5981,0.0,5,0.0,1140
0,133915.0,False,[],1.0,5,"['A', 'B', 'C', 'D', 'F']",1.0,1.0,E,842.986816,1787209980697.437,1787209980720.294,1787209979854.4502,1787209980306.254,0.0,5,0.0,1140
0,110108.4,False,[],1.0,5,"['B', 'C', 'D', 'E', 'F']",1.0,1.0,A,829.961426,1787209988468.7966,1787209988497.616,1787209987638.8352,1787209988089.638,0.0,5,0.0,1150
0,82021.6,False,[],1.0,5,"['A', 'B', 'D', 'E', 'F']",1.0,1.0,C,824.989746,1787209988664.7017,1787209988690.667,1787209987839.712,1787209988274.658,0.0,5,0.0,1150
0,136295.2,False,[],1.0,5,"['A', 'B', 'C', 'E', 'F']",1.0,1.0,D,860.987549,1787209989008.7356,1787209989027.724,1787209988147.748,1787209988620.646,0.0,5,0.0,1150
0,83722.6,False,[],1.0,5,"['A', 'B', 'C', 'D', 'E']",1.0,1.0,F,761.991699,1787209988913.5337,1787209988931.667,1787209988151.542,1787209988537.599,0.0,5,0.0,1150
0,137422.2,False,[],1.0,5,"['A', 'C', 'D', 'E', 'F']",1.0,1.0,B,868.989502,1787209989435.2385,1787209989459.645,1787209988566.249,1787209989023.659,0.0,5,0.0,1150
0,144272.0,False,[],1.0,5,"['A', 'B', 'C', 'D', 'F']",1.0,1.0,E,878.986084,1787209991090.2725,1787209991114.34,1787209990211.2864,1787209990677.333,0.2,5,0.2,1150
0,118411.8,False,[],1.0,5,"['B', 'C', 'D', 'E', 'F']",1.0,1.0,A,824.961426,1787209998766.3171,1787209998795.702,1787209997941.3557,1787209998412.752,0.0,5,0.0,1160
0,88299.8,False,[],1.0,5,"['A', 'B', 'D', 'E', 'F']",1.0,1.0,C,831.989746,1787209998948.5742,1787209998975.7222,1787209998116.5845,1787209998585.673,0.0,5,0.0,1160
0,90036.0,False,[],1.0,5,"['A', 'B', 'C', 'D', 'E']",1.0,1.0,F,751.991943,1787209999216.4216,1787209999222.676,1787209998464.4297,1787209998860.685,0.0,5,0.0,1160
0,146652.2,False,[],1.0,5,"['A', 'B', 'C', 'E', 'F']",1.0,1.0,D,864.987305,1787209999369.5862,1787209999387.718,1787209998504.5989,1787209998962.6821,0.0,5,0.0,1160
0,147746.2,False,[],1.0,5,"['A', 'C', 'D', 'E', 'F']",1.0,1.0,B,809.990234,1787209999700.1138,1787209999724.699,1787209998890.1235,1787209999339.693,0.0,5,0.0,1160
0,154674.0,False,[],1.0,5,"['A', 'B', 'C', 'D', 'F']",1.0,1.0,E,873.986084,1787210001487.108,1787210001512.415,1787210000613.1218,1787210001082.405,0.4,5,0.4,1160
0,126692.4,False,[],1.0,5,"['B', 'C', 'D', 'E', 'F']",1.0,1.0,A,852.960205,1787210009074.8374,1787210009091.802,1787210008221.8772,1787210008690.786,0.2,5,0.2,1170
0,94155.4,False,[],1.0,5,"['A', 'B', 'D', 'E', 'F']",1.0,1.0,C,853.989258,1787210009226.4465,1787210009252.771,1787210008372.4573,1787210008831.804,0.0,5,0.0,1170
0,96238.2,False,[],1.0,5,"['A', 'B', 'C', 'D', 'E']",1.0,1.0,F,759.991699,1787210009477.3098,1787210009494.7869,1787210008717.318,1787210009147.748,0.2,5,0.2,1170
0,157038.2,False,[],1.0,5,"['A', 'B', 'C', 'E', 'F']",1.0,1.0,D,899.987061,1787210009790.436,1787210009809.784,1787210008890.449,1787210009392.7769,0.2,5,0.2,1170
0,158181.2,False,[],1.0,5,"['A', 'C', 'D', 'E', 'F']",1.0,1.0,B,913.989014,1787210010238.9858,1787210010262.798,1787210009324.9968,1787210009834.764,0.4,5,0.4,1170
0,165101.0,False,[],1.0,5,"['A', 'B', 'C', 'D', 'F']",1.0,1.0,E,940.985107,1787210011980.942,1787210012004.457,1787210011039.9568,1787210011558.446,0.6,5,0.6,1170
0,134749.6,False,[],1.0,5,"['B', 'C', 'D', 'E', 'F']",1.0,1.0,A,926.957031,1787210019456.3542,1787210019484.8362,1787210018529.3972,1787210019013.864,0.6,5,0.6,1180
0,100418.4,False,[],1.0,5,"['A', 'B', 'D', 'E', 'F']",1.0,1.0,C,843.989502,1787210019479.3193,1787210019504.811,1787210018635.3298,1787210019080.858,0.4,5,0.4,1180
0,102497.2,False,[],1.0,5,"['A', 'B', 'C', 'D', 'E']",1.0,1.0,F,746.991943,1787210019724.1982,1787210019741.814,1787210018977.2063,1787210019389.837,0.4,5,0.4,1180
0,167375.2,False,[],1.0,5,"['A', 'B', 'C', 'E', 'F']",1.0,1.0,D,895.987061,1787210020123.287,1787210020150.872,1787210019227.3,1787210019709.814,0.8,5,0.8,1180
0,168574.2,False,[],1.0,5,"['A', 'C', 'D', 'E', 'F']",1.0,1.0,B,876.989258,1787210020594.8599,1787210020619.851,1787210019717.8706,1787210020187.85,0.8,5,0.8,1180
0,175444.0,False,[],1.0,5,"['A', 'B', 'C', 'D', 'F']",1.0,1.0,E,869.986328,1787210022252.7793,1787210022277.543,1787210021382.793,1787210021851.5242,0.8,5,0.8,1180
0,143117.4,False,[],1.0,5,"['B', 'C', 'D', 'E', 'F']",1.0,1.0,A,875.959229,1787210029721.8765,1787210029751.924,1787210028845.9172,1787210029320.955,0.8,5,0.8,1190
0,106705.0,False,[],1.0,5,"['A', 'B', 'D', 'E', 'F']",1.0,1.0,C,806.98999,1787210029729.1921,1787210029755.891,1787210028922.2021,1787210029342.8691,0.6,5,0.6,1190
0,108603.0,False,[],1.0,5,"['A', 'B', 'C', 'D', 'E']",1.0,1.0,F,762.991699,1787210029994.0864,1787210030001.938,1787210029231.0947,1787210029660.9148,0.6,5,0.6,1190
0,177741.2,False,[],1.0,5,"['A', 'B', 'C', 'E', 'F']",1.0,1.0,D,872.987549,1787210030466.1382,1787210030484.94,1787210029593.1506,1787210030057.919,1.0,5,1.0,1190
0,178953.2,False,[],1.0,5,"['A', 'C', 'D', 'E', 'F']",1.0,1.0,B,868.989258,1787210030965.734,1787210030989.906,1787210030096.7446,1787210030591.881,1.0,5,1.0,1190
0,185811.0,False,[],1.0,5,"['A', 'B', 'C', 'D', 'F']",1.0,1.0,E,892.98584,1787210032642.6147,1787210032665.598,1787210031749.629,1787210032233.58,1.0,5,1.0,1190
