evidence_age_ms,fresh,role,session,snapshot_emission_lag_ms,snapshot_emitted_host_ms,snapshot_host_ms,subject,subject_role,window_start_s
218,1,D,17433364,294.995605,1787208839683.2983,1787208839388.3027,18:42:de:52:4a:dd,A,0
213,1,D,17433364,294.995605,1787208839683.2983,1787208839388.3027,1e:33:a7:2f:8e:d8,C,0
76,1,E,2832324553,255.996094,1787208840502.482,1787208840246.4858,dc:4b:0a:06:03:f8,B,0
7687,1,A,2060705026,462.978516,1787208847193.919,1787208846730.9404,51:56:ae:12:21:ca,D,10
2874,1,A,2060705026,462.978516,1787208847193.919,1787208846730.9404,56:a2:44:0e:9e:d6,F,10
2139,1,A,2060705026,462.978516,1787208847193.919,1787208846730.9404,be:65:0b:2c:96:d0,E,10
6561,1,A,2060705026,462.978516,1787208847193.919,1787208846730.9404,dc:4b:0a:06:03:f8,B,10
8687,1,B,3796397218,583.992676,1787208848440.0981,1787208847856.1055,18:42:de:52:4a:dd,A,10
6637,1,B,3796397218,583.992676,1787208848440.0981,1787208847856.1055,1e:33:a7:2f:8e:d8,C,10
294,1,B,3796397218,583.992676,1787208848440.0981,1787208847856.1055,51:56:ae:12:21:ca,D,10
3998,1,B,3796397218,583.992676,1787208848440.0981,1787208847856.1055,56:a2:44:0e:9e:d6,F,10
3264,1,B,3796397218,583.992676,1787208848440.0981,1787208847856.1055,be:65:0b:2c:96:d0,E,10
9565,1,C,431688712,483.994141,1787208849220.8442,1787208848736.85,18:42:de:52:4a:dd,A,10
1175,1,C,431688712,483.994141,1787208849220.8442,1787208848736.85,51:56:ae:12:21:ca,D,10
4144,1,C,431688712,483.994141,1787208849220.8442,1787208848736.85,56:a2:44:0e:9e:d6,F,10
4145,1,C,431688712,483.994141,1787208849220.8442,1787208848736.85,be:65:0b:2c:96:d0,E,10
8567,1,C,431688712,483.994141,1787208849220.8442,1787208848736.85,dc:4b:0a:06:03:f8,B,10
2143,1,D,17433364,593.991211,1787208850289.1455,1787208849695.1543,18:42:de:52:4a:dd,A,10
2143,1,D,17433364,593.991211,1787208850289.1455,1787208849695.1543,1e:33:a7:2f:8e:d8,C,10
5838,1,D,17433364,593.991211,1787208850289.1455,1787208849695.1543,56:a2:44:0e:9e:d6,F,10
2143,1,D,17433364,593.991211,1787208850289.1455,1787208849695.1543,be:65:0b:2c:96:d0,E,10
2136,1,D,17433364,593.991211,1787208850289.1455,1787208849695.1543,dc:4b:0a:06:03:f8,B,10
5954,1,E,2832324553,587.990723,1787208851131.3137,1787208850543.323,18:42:de:52:4a:dd,A,10
5959,1,E,2832324553,587.990723,1787208851131.3137,1787208850543.323,1e:33:a7:2f:8e:d8,C,10
2982,1,E,2832324553,587.990723,1787208851131.3137,1787208850543.323,51:56:ae:12:21:ca,D,10
5959,1,E,2832324553,587.990723,1787208851131.3137,1787208850543.323,56:a2:44:0e:9e:d6,F,10
5959,1,E,2832324553,587.990723,1787208851131.3137,1787208850543.323,dc:4b:0a:06:03:f8,B,10
10299,1,F,372385581,432.995361,1787208851950.91,1787208851517.9146,1e:33:a7:2f:8e:d8,C,10
3955,1,F,372385581,432.995361,1787208851950.91,1787208851517.9146,51:56:ae:12:21:ca,D,10
6928,1,F,372385581,432.995361,1787208851950.91,1787208851517.9146,be:65:0b:2c:96:d0,E,10
9400,1,A,2060705026,470.978027,1787208857433.4424,1787208856962.4644,51:56:ae:12:21:ca,D,20
13106,1,A,2060705026,470.978027,1787208857433.4424,1787208856962.4644,56:a2:44:0e:9e:d6,F,20
12371,1,A,2060705026,470.978027,1787208857433.4424,1787208856962.4644,be:65:0b:2c:96:d0,E,20
16793,1,A,2060705026,470.978027,1787208857433.4424,1787208856962.4644,dc:4b:0a:06:03:f8,B,20
18985,1,B,3796397218,596.992676,1787208858750.973,1787208858153.9802,18:42:de:52:4a:dd,A,20
16935,1,B,3796397218,596.992676,1787208858750.973,1787208858153.9802,1e:33:a7:2f:8e:d8,C,20
10592,1,B,3796397218,596.992676,1787208858750.973,1787208858153.9802,51:56:ae:12:21:ca,D,20
14296,1,B,3796397218,596.992676,1787208858750.973,1787208858153.9802,56:a2:44:0e:9e:d6,F,20
13562,1,B,3796397218,596.992676,1787208858750.973,1787208858153.9802,be:65:0b:2c:96:d0,E,20
19769,1,C,431688712,503.993896,1787208859444.7173,1787208858940.7234,18:42:de:52:4a:dd,A,20
11379,1,C,431688712,503.993896,1787208859444.7173,1787208858940.7234,51:56:ae:12:21:ca,D,20
14348,1,C,431688712,503.993896,1787208859444.7173,1787208858940.7234,56:a2:44:0e:9e:d6,F,20
14349,1,C,431688712,503.993896,1787208859444.7173,1787208858940.7234,be:65:0b:2c:96:d0,E,20
18771,1,C,431688712,503.993896,1787208859444.7173,1787208858940.7234,dc:4b:0a:06:03:f8,B,20
12440,1,D,17433364,592.991455,1787208860584.9973,1787208859992.0059,18:42:de:52:4a:dd,A,20
12440,1,D,17433364,592.991455,1787208860584.9973,1787208859992.0059,1e:33:a7:2f:8e:d8,C,20
16135,1,D,17433364,592.991455,1787208860584.9973,1787208859992.0059,56:a2:44:0e:9e:d6,F,20
12440,1,D,17433364,592.991455,1787208860584.9973,1787208859992.0059,be:65:0b:2c:96:d0,E,20
12433,1,D,17433364,592.991455,1787208860584.9973,1787208859992.0059,dc:4b:0a:06:03:f8,B,20
16242,1,E,2832324553,577.990723,1787208861409.151,1787208860831.1602,18:42:de:52:4a:dd,A,20
16247,1,E,2832324553,577.990723,1787208861409.151,1787208860831.1602,1e:33:a7:2f:8e:d8,C,20
13270,1,E,2832324553,577.990723,1787208861409.151,1787208860831.1602,51:56:ae:12:21:ca,D,20
16247,1,E,2832324553,577.990723,1787208861409.151,1787208860831.1602,56:a2:44:0e:9e:d6,F,20
16247,1,E,2832324553,577.990723,1787208861409.151,1787208860831.1602,dc:4b:0a:06:03:f8,B,20
20568,1,F,372385581,451.994873,1787208862238.7979,1787208861786.803,1e:33:a7:2f:8e:d8,C,20
14224,1,F,372385581,451.994873,1787208862238.7979,1787208861786.803,51:56:ae:12:21:ca,D,20
17197,1,F,372385581,451.994873,1787208862238.7979,1787208861786.803,be:65:0b:2c:96:d0,E,20
19632,1,A,2060705026,481.977539,1787208867675.9656,1787208867193.988,51:56:ae:12:21:ca,D,30
23338,1,A,2060705026,481.977539,1787208867675.9656,1787208867193.988,56:a2:44:0e:9e:d6,F,30
22603,1,A,2060705026,481.977539,1787208867675.9656,1787208867193.988,be:65:0b:2c:96:d0,E,30
27025,1,A,2060705026,481.977539,1787208867675.9656,1787208867193.988,dc:4b:0a:06:03:f8,B,30
29282,1,B,3796397218,570.99292,1787208869021.8481,1787208868450.8552,18:42:de:52:4a:dd,A,30
27232,1,B,3796397218,570.99292,1787208869021.8481,1787208868450.8552,1e:33:a7:2f:8e:d8,C,30
20889,1,B,3796397218,570.99292,1787208869021.8481,1787208868450.8552,51:56:ae:12:21:ca,D,30
24593,1,B,3796397218,570.99292,1787208869021.8481,1787208868450.8552,56:a2:44:0e:9e:d6,F,30
23859,1,B,3796397218,570.99292,1787208869021.8481,1787208868450.8552,be:65:0b:2c:96:d0,E,30
29972,1,C,431688712,504.993652,1787208869648.5906,1787208869143.597,18:42:de:52:4a:dd,A,30
21582,1,C,431688712,504.993652,1787208869648.5906,1787208869143.597,51:56:ae:12:21:ca,D,30
24551,1,C,431688712,504.993652,1787208869648.5906,1787208869143.597,56:a2:44:0e:9e:d6,F,30
24552,1,C,431688712,504.993652,1787208869648.5906,1787208869143.597,be:65:0b:2c:96:d0,E,30
28974,1,C,431688712,504.993652,1787208869648.5906,1787208869143.597,dc:4b:0a:06:03:f8,B,30
22728,1,D,17433364,569.991943,1787208870849.8494,1787208870279.8574,18:42:de:52:4a:dd,A,30
22728,1,D,17433364,569.991943,1787208870849.8494,1787208870279.8574,1e:33:a7:2f:8e:d8,C,30
26423,1,D,17433364,569.991943,1787208870849.8494,1787208870279.8574,56:a2:44:0e:9e:d6,F,30
22728,1,D,17433364,569.991943,1787208870849.8494,1787208870279.8574,be:65:0b:2c:96:d0,E,30
22721,1,D,17433364,569.991943,1787208870849.8494,1787208870279.8574,dc:4b:0a:06:03:f8,B,30
26545,1,E,2832324553,550.991211,1787208871684.9883,1787208871133.997,18:42:de:52:4a:dd,A,30
26550,1,E,2832324553,550.991211,1787208871684.9883,1787208871133.997,1e:33:a7:2f:8e:d8,C,30
23573,1,E,2832324553,550.991211,1787208871684.9883,1787208871133.997,51:56:ae:12:21:ca,D,30
26550,1,E,2832324553,550.991211,1787208871684.9883,1787208871133.997,56:a2:44:0e:9e:d6,F,30
26550,1,E,2832324553,550.991211,1787208871684.9883,1787208871133.997,dc:4b:0a:06:03:f8,B,30
30849,1,F,372385581,456.995117,1787208872524.686,1787208872067.691,1e:33:a7:2f:8e:d8,C,30
24505,1,F,372385581,456.995117,1787208872524.686,1787208872067.691,51:56:ae:12:21:ca,D,30
27478,1,F,372385581,456.995117,1787208872524.686,1787208872067.691,be:65:0b:2c:96:d0,E,30
29866,1,A,2060705026,484.977295,1787208877912.489,1787208877427.5117,51:56:ae:12:21:ca,D,40
33572,1,A,2060705026,484.977295,1787208877912.489,1787208877427.5117,56:a2:44:0e:9e:d6,F,40
32837,1,A,2060705026,484.977295,1787208877912.489,1787208877427.5117,be:65:0b:2c:96:d0,E,40
37259,1,A,2060705026,484.977295,1787208877912.489,1787208877427.5117,dc:4b:0a:06:03:f8,B,40
39569,1,B,3796397218,585.99292,1787208879323.7231,1787208878737.7302,18:42:de:52:4a:dd,A,40
37519,1,B,3796397218,585.99292,1787208879323.7231,1787208878737.7302,1e:33:a7:2f:8e:d8,C,40
31176,1,B,3796397218,585.99292,1787208879323.7231,1787208878737.7302,51:56:ae:12:21:ca,D,40
34880,1,B,3796397218,585.99292,1787208879323.7231,1787208878737.7302,56:a2:44:0e:9e:d6,F,40
34146,1,B,3796397218,585.99292,1787208879323.7231,1787208878737.7302,be:65:0b:2c:96:d0,E,40
40176,1,C,431688712,503.993652,1787208879851.4639,1787208879347.4702,18:42:de:52:4a:dd,A,40
31786,1,C,431688712,503.993652,1787208879851.4639,1787208879347.4702,51:56:ae:12:21:ca,D,40
34755,1,C,431688712,503.993652,1787208879851.4639,1787208879347.4702,56:a2:44:0e:9e:d6,F,40
34756,1,C,431688712,503.993652,1787208879851.4639,1787208879347.4702,be:65:0b:2c:96:d0,E,40
39178,1,C,431688712,503.993652,1787208879851.4639,1787208879347.4702,dc:4b:0a:06:03:f8,B,40
33015,1,D,17433364,599.991455,1787208881166.7007,1787208880566.7092,18:42:de:52:4a:dd,A,40
33015,1,D,17433364,599.991455,1787208881166.7007,1787208880566.7092,1e:33:a7:2f:8e:d8,C,40
36710,1,D,17433364,599.991455,1787208881166.7007,1787208880566.7092,56:a2:44:0e:9e:d6,F,40
33015,1,D,17433364,599.991455,1787208881166.7007,1787208880566.7092,be:65:0b:2c:96:d0,E,40
33008,1,D,17433364,599.991455,1787208881166.7007,1787208880566.7092,dc:4b:0a:06:03:f8,B,40
36828,1,E,2832324553,569.990967,1787208881986.8252,1787208881416.8342,18:42:de:52:4a:dd,A,40
36833,1,E,2832324553,569.990967,1787208881986.8252,1787208881416.8342,1e:33:a7:2f:8e:d8,C,40
33856,1,E,2832324553,569.990967,1787208881986.8252,1787208881416.8342,51:56:ae:12:21:ca,D,40
36833,1,E,2832324553,569.990967,1787208881986.8252,1787208881416.8342,56:a2:44:0e:9e:d6,F,40
36833,1,E,2832324553,569.990967,1787208881986.8252,1787208881416.8342,dc:4b:0a:06:03:f8,B,40
41132,1,F,372385581,444.995117,1787208882795.5742,1787208882350.579,1e:33:a7:2f:8e:d8,C,40
34788,1,F,372385581,444.995117,1787208882795.5742,1787208882350.579,51:56:ae:12:21:ca,D,40
37761,1,F,372385581,444.995117,1787208882795.5742,1787208882350.579,be:65:0b:2c:96:d0,E,40
40129,1,A,2060705026,500.976807,1787208888191.0107,1787208887690.034,51:56:ae:12:21:ca,D,50
633,1,A,2060705026,500.976807,1787208888191.0107,1787208887690.034,56:a2:44:0e:9e:d6,F,50
43100,1,A,2060705026,500.976807,1787208888191.0107,1787208887690.034,be:65:0b:2c:96:d0,E,50
47522,1,A,2060705026,500.976807,1787208888191.0107,1787208887690.034,dc:4b:0a:06:03:f8,B,50
861,1,B,3796397218,609.992676,1787208889637.598,1787208889027.6052,18:42:de:52:4a:dd,A,50
4609,1,B,3796397218,609.992676,1787208889637.598,1787208889027.6052,1e:33:a7:2f:8e:d8,C,50
41466,1,B,3796397218,609.992676,1787208889637.598,1787208889027.6052,51:56:ae:12:21:ca,D,50
1970,1,B,3796397218,609.992676,1787208889637.598,1787208889027.6052,56:a2:44:0e:9e:d6,F,50
44436,1,B,3796397218,609.992676,1787208889637.598,1787208889027.6052,be:65:0b:2c:96:d0,E,50
50366,1,C,431688712,507.993652,1787208890045.3374,1787208889537.3438,18:42:de:52:4a:dd,A,50
41976,1,C,431688712,507.993652,1787208890045.3374,1787208889537.3438,51:56:ae:12:21:ca,D,50
2480,1,C,431688712,507.993652,1787208890045.3374,1787208889537.3438,56:a2:44:0e:9e:d6,F,50
44946,1,C,431688712,507.993652,1787208890045.3374,1787208889537.3438,be:65:0b:2c:96:d0,E,50
369,1,C,431688712,507.993652,1787208890045.3374,1787208889537.3438,dc:4b:0a:06:03:f8,B,50
2705,1,D,17433364,571.991699,1787208891442.5525,1787208890870.5608,18:42:de:52:4a:dd,A,50
6453,1,D,17433364,571.991699,1787208891442.5525,1787208890870.5608,1e:33:a7:2f:8e:d8,C,50
47014,1,D,17433364,571.991699,1787208891442.5525,1787208890870.5608,56:a2:44:0e:9e:d6,F,50
43319,1,D,17433364,571.991699,1787208891442.5525,1787208890870.5608,be:65:0b:2c:96:d0,E,50
1703,1,D,17433364,571.991699,1787208891442.5525,1787208890870.5608,dc:4b:0a:06:03:f8,B,50
3547,1,E,2832324553,579.990723,1787208892293.662,1787208891713.6714,18:42:de:52:4a:dd,A,50
7295,1,E,2832324553,579.990723,1787208892293.662,1787208891713.6714,1e:33:a7:2f:8e:d8,C,50
952,1,E,2832324553,579.990723,1787208892293.662,1787208891713.6714,51:56:ae:12:21:ca,D,50
4657,1,E,2832324553,579.990723,1787208892293.662,1787208891713.6714,56:a2:44:0e:9e:d6,F,50
2545,1,E,2832324553,579.990723,1787208892293.662,1787208891713.6714,dc:4b:0a:06:03:f8,B,50
292,1,F,372385581,513.994629,1787208893052.4626,1787208892538.468,18:42:de:52:4a:dd,A,50
283,1,F,372385581,513.994629,1787208893052.4626,1787208892538.468,1e:33:a7:2f:8e:d8,C,50
1777,1,F,372385581,513.994629,1787208893052.4626,1787208892538.468,51:56:ae:12:21:ca,D,50
5683,1,F,372385581,513.994629,1787208893052.4626,1787208892538.468,be:65:0b:2c:96:d0,E,50
3370,1,F,372385581,513.994629,1787208893052.4626,1787208892538.468,dc:4b:0a:06:03:f8,B,50
5776,1,A,2060705026,654.969482,1787208898653.5237,1787208897998.5542,1e:33:a7:2f:8e:d8,C,60
7237,1,A,2060705026,654.969482,1787208898653.5237,1787208897998.5542,51:56:ae:12:21:ca,D,60
243,1,A,2060705026,654.969482,1787208898653.5237,1787208897998.5542,56:a2:44:0e:9e:d6,F,60
6103,1,A,2060705026,654.969482,1787208898653.5237,1787208897998.5542,be:65:0b:2c:96:d0,E,60
8831,1,A,2060705026,654.969482,1787208898653.5237,1787208897998.5542,dc:4b:0a:06:03:f8,B,60
7181,1,B,3796397218,585.99292,1787208899939.4727,1787208899353.4797,18:42:de:52:4a:dd,A,60
14935,1,B,3796397218,585.99292,1787208899939.4727,1787208899353.4797,1e:33:a7:2f:8e:d8,C,60
8593,1,B,3796397218,585.99292,1787208899939.4727,1787208899353.4797,51:56:ae:12:21:ca,D,60
7181,1,B,3796397218,585.99292,1787208899939.4727,1787208899353.4797,56:a2:44:0e:9e:d6,F,60
54762,1,B,3796397218,585.99292,1787208899939.4727,1787208899353.4797,be:65:0b:2c:96:d0,E,60
4,1,C,431688712,677.991699,1787208900541.2073,1787208899863.2156,18:42:de:52:4a:dd,A,60
9103,1,C,431688712,677.991699,1787208900541.2073,1787208899863.2156,51:56:ae:12:21:ca,D,60
4,1,C,431688712,677.991699,1787208900541.2073,1787208899863.2156,56:a2:44:0e:9e:d6,F,60
6277,1,C,431688712,677.991699,1787208900541.2073,1787208899863.2156,be:65:0b:2c:96:d0,E,60
10695,1,C,431688712,677.991699,1787208900541.2073,1787208899863.2156,dc:4b:0a:06:03:f8,B,60
9042,1,D,17433364,584.991455,1787208901793.4033,1787208901208.4119,18:42:de:52:4a:dd,A,60
16791,1,D,17433364,584.991455,1787208901793.4033,1787208901208.4119,1e:33:a7:2f:8e:d8,C,60
57352,1,D,17433364,584.991455,1787208901793.4033,1787208901208.4119,56:a2:44:0e:9e:d6,F,60
53657,1,D,17433364,584.991455,1787208901793.4033,1787208901208.4119,be:65:0b:2c:96:d0,E,60
12041,1,D,17433364,584.991455,1787208901793.4033,1787208901208.4119,dc:4b:0a:06:03:f8,B,60
9871,1,E,2832324553,579.990723,1787208902617.4988,1787208902037.508,18:42:de:52:4a:dd,A,60
17619,1,E,2832324553,579.990723,1787208902617.4988,1787208902037.508,1e:33:a7:2f:8e:d8,C,60
11276,1,E,2832324553,579.990723,1787208902617.4988,1787208902037.508,51:56:ae:12:21:ca,D,60
14981,1,E,2832324553,579.990723,1787208902617.4988,1787208902037.508,56:a2:44:0e:9e:d6,F,60
12869,1,E,2832324553,579.990723,1787208902617.4988,1787208902037.508,dc:4b:0a:06:03:f8,B,60
93,1,F,372385581,509.994629,1787208903927.3442,1787208903417.3496,18:42:de:52:4a:dd,A,60
187,1,F,372385581,509.994629,1787208903927.3442,1787208903417.3496,1e:33:a7:2f:8e:d8,C,60
12656,1,F,372385581,509.994629,1787208903927.3442,1787208903417.3496,51:56:ae:12:21:ca,D,60
16562,1,F,372385581,509.994629,1787208903927.3442,1787208903417.3496,be:65:0b:2c:96:d0,E,60
14249,1,F,372385581,509.994629,1787208903927.3442,1787208903417.3496,dc:4b:0a:06:03:f8,B,60
15823,1,A,2060705026,389.981689,1787208908435.0684,1787208908045.0867,1e:33:a7:2f:8e:d8,C,70
17284,1,A,2060705026,389.981689,1787208908435.0684,1787208908045.0867,51:56:ae:12:21:ca,D,70
30,1,A,2060705026,389.981689,1787208908435.0684,1787208908045.0867,56:a2:44:0e:9e:d6,F,70
16150,1,A,2060705026,389.981689,1787208908435.0684,1787208908045.0867,be:65:0b:2c:96:d0,E,70
18878,1,A,2060705026,389.981689,1787208908435.0684,1787208908045.0867,dc:4b:0a:06:03:f8,B,70
17529,1,B,3796397218,586.99292,1787208910288.347,1787208909701.354,18:42:de:52:4a:dd,A,70
25283,1,B,3796397218,586.99292,1787208910288.347,1787208909701.354,1e:33:a7:2f:8e:d8,C,70
18941,1,B,3796397218,586.99292,1787208910288.347,1787208909701.354,51:56:ae:12:21:ca,D,70
1591,1,B,3796397218,586.99292,1787208910288.347,1787208909701.354,56:a2:44:0e:9e:d6,F,70
65110,1,B,3796397218,586.99292,1787208910288.347,1787208909701.354,be:65:0b:2c:96:d0,E,70
1184,1,C,431688712,516.993652,1787208910549.083,1787208910032.0894,18:42:de:52:4a:dd,A,70
1919,1,C,431688712,516.993652,1787208910549.083,1787208910032.0894,51:56:ae:12:21:ca,D,70
1184,1,C,431688712,516.993652,1787208910549.083,1787208910032.0894,56:a2:44:0e:9e:d6,F,70
16446,1,C,431688712,516.993652,1787208910549.083,1787208910032.0894,be:65:0b:2c:96:d0,E,70
20864,1,C,431688712,516.993652,1787208910549.083,1787208910032.0894,dc:4b:0a:06:03:f8,B,70
103,1,D,17433364,416.993896,1787208911706.2605,1787208911289.2666,18:42:de:52:4a:dd,A,70
92,1,D,17433364,416.993896,1787208911706.2605,1787208911289.2666,1e:33:a7:2f:8e:d8,C,70
103,1,D,17433364,416.993896,1787208911706.2605,1787208911289.2666,56:a2:44:0e:9e:d6,F,70
63738,1,D,17433364,416.993896,1787208911706.2605,1787208911289.2666,be:65:0b:2c:96:d0,E,70
22122,1,D,17433364,416.993896,1787208911706.2605,1787208911289.2666,dc:4b:0a:06:03:f8,B,70
161,1,E,2832324553,610.990234,1787208912984.3347,1787208912373.3445,18:42:de:52:4a:dd,A,70
27955,1,E,2832324553,610.990234,1787208912984.3347,1787208912373.3445,1e:33:a7:2f:8e:d8,C,70
21612,1,E,2832324553,610.990234,1787208912984.3347,1787208912373.3445,51:56:ae:12:21:ca,D,70
161,1,E,2832324553,610.990234,1787208912984.3347,1787208912373.3445,56:a2:44:0e:9e:d6,F,70
23205,1,E,2832324553,610.990234,1787208912984.3347,1787208912373.3445,dc:4b:0a:06:03:f8,B,70
226,1,F,372385581,1150.987549,1787208915077.223,1787208913926.2354,18:42:de:52:4a:dd,A,70
119,1,F,372385581,1150.987549,1787208915077.223,1787208913926.2354,1e:33:a7:2f:8e:d8,C,70
1274,1,F,372385581,1150.987549,1787208915077.223,1787208913926.2354,51:56:ae:12:21:ca,D,70
27071,1,F,372385581,1150.987549,1787208915077.223,1787208913926.2354,be:65:0b:2c:96:d0,E,70
24758,1,F,372385581,1150.987549,1787208915077.223,1787208913926.2354,dc:4b:0a:06:03:f8,B,70
25875,1,A,2060705026,415.980713,1787208918512.5994,1787208918096.6187,1e:33:a7:2f:8e:d8,C,80
831,1,A,2060705026,415.980713,1787208918512.5994,1787208918096.6187,51:56:ae:12:21:ca,D,80
705,1,A,2060705026,415.980713,1787208918512.5994,1787208918096.6187,56:a2:44:0e:9e:d6,F,80
6398,1,A,2060705026,415.980713,1787208918512.5994,1787208918096.6187,be:65:0b:2c:96:d0,E,80
833,1,A,2060705026,415.980713,1787208918512.5994,1787208918096.6187,dc:4b:0a:06:03:f8,B,80
1197,1,B,3796397218,631.992432,1787208920651.2212,1787208920019.2288,18:42:de:52:4a:dd,A,80
35601,1,B,3796397218,631.992432,1787208920651.2212,1787208920019.2288,1e:33:a7:2f:8e:d8,C,80
29259,1,B,3796397218,631.992432,1787208920651.2212,1787208920019.2288,51:56:ae:12:21:ca,D,80
354,1,B,3796397218,631.992432,1787208920651.2212,1787208920019.2288,56:a2:44:0e:9e:d6,F,80
75428,1,B,3796397218,631.992432,1787208920651.2212,1787208920019.2288,be:65:0b:2c:96:d0,E,80
1395,1,C,431688712,510.993652,1787208920747.9563,1787208920236.9626,18:42:de:52:4a:dd,A,80
1089,1,C,431688712,510.993652,1787208920747.9563,1787208920236.9626,51:56:ae:12:21:ca,D,80
1138,1,C,431688712,510.993652,1787208920747.9563,1787208920236.9626,56:a2:44:0e:9e:d6,F,80
26651,1,C,431688712,510.993652,1787208920747.9563,1787208920236.9626,be:65:0b:2c:96:d0,E,80
2972,1,C,431688712,510.993652,1787208920747.9563,1787208920236.9626,dc:4b:0a:06:03:f8,B,80
2824,1,D,17433364,590.991699,1787208922237.109,1787208921646.1172,18:42:de:52:4a:dd,A,80
2522,1,D,17433364,590.991699,1787208922237.109,1787208921646.1172,1e:33:a7:2f:8e:d8,C,80
1981,1,D,17433364,590.991699,1787208922237.109,1787208921646.1172,56:a2:44:0e:9e:d6,F,80
74095,1,D,17433364,590.991699,1787208922237.109,1787208921646.1172,be:65:0b:2c:96:d0,E,80
32479,1,D,17433364,590.991699,1787208922237.109,1787208921646.1172,dc:4b:0a:06:03:f8,B,80
3914,1,E,2832324553,578.990723,1787208923315.1711,1787208922736.1804,18:42:de:52:4a:dd,A,80
38318,1,E,2832324553,578.990723,1787208923315.1711,1787208922736.1804,1e:33:a7:2f:8e:d8,C,80
1181,1,E,2832324553,578.990723,1787208923315.1711,1787208922736.1804,51:56:ae:12:21:ca,D,80
657,1,E,2832324553,578.990723,1787208923315.1711,1787208922736.1804,56:a2:44:0e:9e:d6,F,80
33568,1,E,2832324553,578.990723,1787208923315.1711,1787208922736.1804,dc:4b:0a:06:03:f8,B,80
194,1,F,372385581,359.996094,1787208924330.122,1787208923970.126,18:42:de:52:4a:dd,A,80
188,1,F,372385581,359.996094,1787208924330.122,1787208923970.126,1e:33:a7:2f:8e:d8,C,80
1029,1,F,372385581,359.996094,1787208924330.122,1787208923970.126,51:56:ae:12:21:ca,D,80
37115,1,F,372385581,359.996094,1787208924330.122,1787208923970.126,be:65:0b:2c:96:d0,E,80
1032,1,F,372385581,359.996094,1787208924330.122,1787208923970.126,dc:4b:0a:06:03:f8,B,80
5149,1,A,2060705026,355.983398,1787208928494.1348,1787208928138.1514,1e:33:a7:2f:8e:d8,C,90
6582,1,A,2060705026,355.983398,1787208928494.1348,1787208928138.1514,51:56:ae:12:21:ca,D,90
4086,1,A,2060705026,355.983398,1787208928494.1348,1787208928138.1514,56:a2:44:0e:9e:d6,F,90
16440,1,A,2060705026,355.983398,1787208928494.1348,1787208928138.1514,be:65:0b:2c:96:d0,E,90
343,1,A,2060705026,355.983398,1787208928494.1348,1787208928138.1514,dc:4b:0a:06:03:f8,B,90
49,1,B,3796397218,434.994629,1787208930685.099,1787208930250.1045,18:42:de:52:4a:dd,A,90
1449,0,B,3796397218,434.994629,1787208930685.099,1787208930250.1045,1e:33:a7:2f:8e:d8,C,90
7308,1,B,3796397218,434.994629,1787208930685.099,1787208930250.1045,51:56:ae:12:21:ca,D,90
4849,1,B,3796397218,434.994629,1787208930685.099,1787208930250.1045,56:a2:44:0e:9e:d6,F,90
85659,1,B,3796397218,434.994629,1787208930685.099,1787208930250.1045,be:65:0b:2c:96:d0,E,90
1711,1,C,431688712,617.992432,1787208931127.8276,1787208930509.8352,18:42:de:52:4a:dd,A,90
251,1,C,431688712,617.992432,1787208931127.8276,1787208930509.8352,51:56:ae:12:21:ca,D,90
2710,1,C,431688712,617.992432,1787208931127.8276,1787208930509.8352,56:a2:44:0e:9e:d6,F,90
304,1,C,431688712,617.992432,1787208931127.8276,1787208930509.8352,be:65:0b:2c:96:d0,E,90
298,1,C,431688712,617.992432,1787208931127.8276,1787208930509.8352,dc:4b:0a:06:03:f8,B,90
1050,1,D,17433364,562.991943,1787208932578.9597,1787208932015.9678,18:42:de:52:4a:dd,A,90
1779,1,D,17433364,562.991943,1787208932578.9597,1787208932015.9678,1e:33:a7:2f:8e:d8,C,90
6614,1,D,17433364,562.991943,1787208932578.9597,1787208932015.9678,56:a2:44:0e:9e:d6,F,90
1811,1,D,17433364,562.991943,1787208932578.9597,1787208932015.9678,be:65:0b:2c:96:d0,E,90
1809,1,D,17433364,562.991943,1787208932578.9597,1787208932015.9678,dc:4b:0a:06:03:f8,B,90
2058,1,E,2832324553,609.990234,1787208933634.0078,1787208933024.0176,18:42:de:52:4a:dd,A,90
48606,1,E,2832324553,609.990234,1787208933634.0078,1787208933024.0176,1e:33:a7:2f:8e:d8,C,90
10082,1,E,2832324553,609.990234,1787208933634.0078,1787208933024.0176,51:56:ae:12:21:ca,D,90
7623,1,E,2832324553,609.990234,1787208933634.0078,1787208933024.0176,56:a2:44:0e:9e:d6,F,90
2818,1,E,2832324553,609.990234,1787208933634.0078,1787208933024.0176,dc:4b:0a:06:03:f8,B,90
179,1,F,372385581,890.990234,1787208935207.0037,1787208934316.0134,18:42:de:52:4a:dd,A,90
99,1,F,372385581,890.990234,1787208935207.0037,1787208934316.0134,1e:33:a7:2f:8e:d8,C,90
4105,1,F,372385581,890.990234,1787208935207.0037,1787208934316.0134,51:56:ae:12:21:ca,D,90
4112,1,F,372385581,890.990234,1787208935207.0037,1787208934316.0134,be:65:0b:2c:96:d0,E,90
4105,1,F,372385581,890.990234,1787208935207.0037,1787208934316.0134,dc:4b:0a:06:03:f8,B,90
7169,1,A,2060705026,406.981201,1787208938596.6646,1787208938189.6833,1e:33:a7:2f:8e:d8,C,100
7978,1,A,2060705026,406.981201,1787208938596.6646,1787208938189.6833,51:56:ae:12:21:ca,D,100
141,1,A,2060705026,406.981201,1787208938596.6646,1787208938189.6833,56:a2:44:0e:9e:d6,F,100
7986,1,A,2060705026,406.981201,1787208938596.6646,1787208938189.6833,be:65:0b:2c:96:d0,E,100
7978,1,A,2060705026,406.981201,1787208938596.6646,1787208938189.6833,dc:4b:0a:06:03:f8,B,100
1323,1,B,3796397218,659.992188,1787208941273.9707,1787208940613.9785,18:42:de:52:4a:dd,A,100
1327,1,B,3796397218,659.992188,1787208941273.9707,1787208940613.9785,1e:33:a7:2f:8e:d8,C,100
10352,1,B,3796397218,659.992188,1787208941273.9707,1787208940613.9785,51:56:ae:12:21:ca,D,100
15213,1,B,3796397218,659.992188,1787208941273.9707,1787208940613.9785,56:a2:44:0e:9e:d6,F,100
1323,1,B,3796397218,659.992188,1787208941273.9707,1787208940613.9785,be:65:0b:2c:96:d0,E,100
725,1,C,431688712,542.993408,1787208941316.7012,1787208940773.7078,18:42:de:52:4a:dd,A,100
1412,1,C,431688712,542.993408,1787208941316.7012,1787208940773.7078,51:56:ae:12:21:ca,D,100
725,1,C,431688712,542.993408,1787208941316.7012,1787208940773.7078,56:a2:44:0e:9e:d6,F,100
1484,1,C,431688712,542.993408,1787208941316.7012,1787208940773.7078,be:65:0b:2c:96:d0,E,100
10562,1,C,431688712,542.993408,1787208941316.7012,1787208940773.7078,dc:4b:0a:06:03:f8,B,100
3092,1,D,17433364,557.992188,1787208942939.8105,1787208942381.8184,18:42:de:52:4a:dd,A,100
3042,1,D,17433364,557.992188,1787208942939.8105,1787208942381.8184,1e:33:a7:2f:8e:d8,C,100
697,1,D,17433364,557.992188,1787208942939.8105,1787208942381.8184,56:a2:44:0e:9e:d6,F,100
3092,1,D,17433364,557.992188,1787208942939.8105,1787208942381.8184,be:65:0b:2c:96:d0,E,100
12175,1,D,17433364,557.992188,1787208942939.8105,1787208942381.8184,dc:4b:0a:06:03:f8,B,100
4091,1,E,2832324553,607.990234,1787208943984.844,1787208943376.8538,18:42:de:52:4a:dd,A,100
58959,1,E,2832324553,607.990234,1787208943984.844,1787208943376.8538,1e:33:a7:2f:8e:d8,C,100
20435,1,E,2832324553,607.990234,1787208943984.844,1787208943376.8538,51:56:ae:12:21:ca,D,100
1691,1,E,2832324553,607.990234,1787208943984.844,1787208943376.8538,56:a2:44:0e:9e:d6,F,100
4091,1,E,2832324553,607.990234,1787208943984.844,1787208943376.8538,dc:4b:0a:06:03:f8,B,100
984,1,F,372385581,518.994385,1787208944959.8975,1787208944440.903,18:42:de:52:4a:dd,A,100
285,1,F,372385581,518.994385,1787208944959.8975,1787208944440.903,1e:33:a7:2f:8e:d8,C,100
993,1,F,372385581,518.994385,1787208944959.8975,1787208944440.903,51:56:ae:12:21:ca,D,100
285,1,F,372385581,518.994385,1787208944959.8975,1787208944440.903,be:65:0b:2c:96:d0,E,100
14230,1,F,372385581,518.994385,1787208944959.8975,1787208944440.903,dc:4b:0a:06:03:f8,B,100
3540,1,A,2060705026,534.975098,1787208948995.1804,1787208948460.2053,1e:33:a7:2f:8e:d8,C,110
18249,1,A,2060705026,534.975098,1787208948995.1804,1787208948460.2053,51:56:ae:12:21:ca,D,110
3885,1,A,2060705026,534.975098,1787208948995.1804,1787208948460.2053,56:a2:44:0e:9e:d6,F,110
4356,1,A,2060705026,534.975098,1787208948995.1804,1787208948460.2053,be:65:0b:2c:96:d0,E,110
1982,1,A,2060705026,534.975098,1787208948995.1804,1787208948460.2053,dc:4b:0a:06:03:f8,B,110
84,1,B,3796397218,586.99292,1787208951543.846,1787208950956.853,18:42:de:52:4a:dd,A,110
3729,1,B,3796397218,586.99292,1787208951543.846,1787208950956.853,1e:33:a7:2f:8e:d8,C,110
2480,1,B,3796397218,586.99292,1787208951543.846,1787208950956.853,51:56:ae:12:21:ca,D,110
6858,1,B,3796397218,586.99292,1787208951543.846,1787208950956.853,56:a2:44:0e:9e:d6,F,110
84,1,B,3796397218,586.99292,1787208951543.846,1787208950956.853,be:65:0b:2c:96:d0,E,110
52,1,C,431688712,699.991455,1787208951683.5725,1787208950983.581,18:42:de:52:4a:dd,A,110
4947,1,C,431688712,699.991455,1787208951683.5725,1787208950983.581,51:56:ae:12:21:ca,D,110
6880,1,C,431688712,699.991455,1787208951683.5725,1787208950983.581,56:a2:44:0e:9e:d6,F,110
52,1,C,431688712,699.991455,1787208951683.5725,1787208950983.581,be:65:0b:2c:96:d0,E,110
2511,1,C,431688712,699.991455,1787208951683.5725,1787208950983.581,dc:4b:0a:06:03:f8,B,110
1887,1,D,17433364,605.991211,1787208953365.6602,1787208952759.669,18:42:de:52:4a:dd,A,110
6666,1,D,17433364,605.991211,1787208953365.6602,1787208952759.669,1e:33:a7:2f:8e:d8,C,110
8661,1,D,17433364,605.991211,1787208953365.6602,1787208952759.669,56:a2:44:0e:9e:d6,F,110
1445,1,D,17433364,605.991211,1787208953365.6602,1787208952759.669,be:65:0b:2c:96:d0,E,110
4288,1,D,17433364,605.991211,1787208953365.6602,1787208952759.669,dc:4b:0a:06:03:f8,B,110
175,1,E,2832324553,345.994385,1787208953784.689,1787208953438.6946,18:42:de:52:4a:dd,A,110
18,1,E,2832324553,345.994385,1787208953784.689,1787208953438.6946,1e:33:a7:2f:8e:d8,C,110
4962,1,E,2832324553,345.994385,1787208953784.689,1787208953438.6946,51:56:ae:12:21:ca,D,110
175,1,E,2832324553,345.994385,1787208953784.689,1787208953438.6946,56:a2:44:0e:9e:d6,F,110
4966,1,E,2832324553,345.994385,1787208953784.689,1787208953438.6946,dc:4b:0a:06:03:f8,B,110
49,1,F,372385581,594.993408,1787208955408.7837,1787208954813.7903,18:42:de:52:4a:dd,A,110
8773,1,F,372385581,594.993408,1787208955408.7837,1787208954813.7903,1e:33:a7:2f:8e:d8,C,110
6338,1,F,372385581,594.993408,1787208955408.7837,1787208954813.7903,51:56:ae:12:21:ca,D,110
3500,1,F,372385581,594.993408,1787208955408.7837,1787208954813.7903,be:65:0b:2c:96:d0,E,110
6341,1,F,372385581,594.993408,1787208955408.7837,1787208954813.7903,dc:4b:0a:06:03:f8,B,110
2478,1,A,2060705026,628.970703,1787208959424.695,1787208958795.7244,1e:33:a7:2f:8e:d8,C,120
606,1,A,2060705026,628.970703,1787208959424.695,1787208958795.7244,51:56:ae:12:21:ca,D,120
883,1,A,2060705026,628.970703,1787208959424.695,1787208958795.7244,56:a2:44:0e:9e:d6,F,120
883,1,A,2060705026,628.970703,1787208959424.695,1787208958795.7244,be:65:0b:2c:96:d0,E,120
12318,1,A,2060705026,628.970703,1787208959424.695,1787208958795.7244,dc:4b:0a:06:03:f8,B,120
1064,1,C,431688712,636.992188,1787208961869.446,1787208961232.4539,18:42:de:52:4a:dd,A,120
1064,1,C,431688712,636.992188,1787208961869.446,1787208961232.4539,51:56:ae:12:21:ca,D,120
3319,1,C,431688712,636.992188,1787208961869.446,1787208961232.4539,56:a2:44:0e:9e:d6,F,120
3319,1,C,431688712,636.992188,1787208961869.446,1787208961232.4539,be:65:0b:2c:96:d0,E,120
4962,1,C,431688712,636.992188,1787208961869.446,1787208961232.4539,dc:4b:0a:06:03:f8,B,120
5103,1,B,3796397218,594.992676,1787208961964.7192,1787208961369.7266,18:42:de:52:4a:dd,A,120
14142,1,B,3796397218,594.992676,1787208961964.7192,1787208961369.7266,1e:33:a7:2f:8e:d8,C,120
12893,1,B,3796397218,594.992676,1787208961964.7192,1787208961369.7266,51:56:ae:12:21:ca,D,120
3456,1,B,3796397218,594.992676,1787208961964.7192,1787208961369.7266,56:a2:44:0e:9e:d6,F,120
3456,1,B,3796397218,594.992676,1787208961964.7192,1787208961369.7266,be:65:0b:2c:96:d0,E,120
787,1,D,17433364,437.993652,1787208963389.5156,1787208962951.522,18:42:de:52:4a:dd,A,120
760,1,D,17433364,437.993652,1787208963389.5156,1787208962951.522,1e:33:a7:2f:8e:d8,C,120
5038,1,D,17433364,437.993652,1787208963389.5156,1787208962951.522,56:a2:44:0e:9e:d6,F,120
4967,1,D,17433364,437.993652,1787208963389.5156,1787208962951.522,be:65:0b:2c:96:d0,E,120
6679,1,D,17433364,437.993652,1787208963389.5156,1787208962951.522,dc:4b:0a:06:03:f8,B,120
7589,1,E,2832324553,563.991211,1787208964418.5208,1787208963854.5295,18:42:de:52:4a:dd,A,120
5894,1,E,2832324553,563.991211,1787208964418.5208,1787208963854.5295,1e:33:a7:2f:8e:d8,C,120
5866,1,E,2832324553,563.991211,1787208964418.5208,1787208963854.5295,51:56:ae:12:21:ca,D,120
10591,1,E,2832324553,563.991211,1787208964418.5208,1787208963854.5295,56:a2:44:0e:9e:d6,F,120
15382,1,E,2832324553,563.991211,1787208964418.5208,1787208963854.5295,dc:4b:0a:06:03:f8,B,120
8920,1,F,372385581,604.993408,1787208965796.6707,1787208965191.6772,18:42:de:52:4a:dd,A,120
19151,1,F,372385581,604.993408,1787208965796.6707,1787208965191.6772,1e:33:a7:2f:8e:d8,C,120
16716,1,F,372385581,604.993408,1787208965796.6707,1787208965191.6772,51:56:ae:12:21:ca,D,120
7283,1,F,372385581,604.993408,1787208965796.6707,1787208965191.6772,be:65:0b:2c:96:d0,E,120
7283,1,F,372385581,604.993408,1787208965796.6707,1787208965191.6772,dc:4b:0a:06:03:f8,B,120
12795,1,A,2060705026,552.974121,1787208969665.2183,1787208969112.2441,1e:33:a7:2f:8e:d8,C,130
924,1,A,2060705026,552.974121,1787208969665.2183,1787208969112.2441,51:56:ae:12:21:ca,D,130
11200,1,A,2060705026,552.974121,1787208969665.2183,1787208969112.2441,56:a2:44:0e:9e:d6,F,130
11200,1,A,2060705026,552.974121,1787208969665.2183,1787208969112.2441,be:65:0b:2c:96:d0,E,130
22635,1,A,2060705026,552.974121,1787208969665.2183,1787208969112.2441,dc:4b:0a:06:03:f8,B,130
333,1,C,431688712,572.99292,1787208972076.3193,1787208971503.3264,18:42:de:52:4a:dd,A,130
333,1,C,431688712,572.99292,1787208972076.3193,1787208971503.3264,51:56:ae:12:21:ca,D,130
13590,1,C,431688712,572.99292,1787208972076.3193,1787208971503.3264,56:a2:44:0e:9e:d6,F,130
13590,1,C,431688712,572.99292,1787208972076.3193,1787208971503.3264,be:65:0b:2c:96:d0,E,130
15233,1,C,431688712,572.99292,1787208972076.3193,1787208971503.3264,dc:4b:0a:06:03:f8,B,130
15500,1,B,3796397218,615.992676,1787208972382.5928,1787208971766.6,18:42:de:52:4a:dd,A,130
24539,1,B,3796397218,615.992676,1787208972382.5928,1787208971766.6,1e:33:a7:2f:8e:d8,C,130
23290,1,B,3796397218,615.992676,1787208972382.5928,1787208971766.6,51:56:ae:12:21:ca,D,130
13853,1,B,3796397218,615.992676,1787208972382.5928,1787208971766.6,56:a2:44:0e:9e:d6,F,130
13853,1,B,3796397218,615.992676,1787208972382.5928,1787208971766.6,be:65:0b:2c:96:d0,E,130
17,1,D,17433364,446.993408,1787208973627.3682,1787208973180.3748,18:42:de:52:4a:dd,A,130
991,1,D,17433364,446.993408,1787208973627.3682,1787208973180.3748,1e:33:a7:2f:8e:d8,C,130
15267,1,D,17433364,446.993408,1787208973627.3682,1787208973180.3748,56:a2:44:0e:9e:d6,F,130
15196,1,D,17433364,446.993408,1787208973627.3682,1787208973180.3748,be:65:0b:2c:96:d0,E,130
16908,1,D,17433364,446.993408,1787208973627.3682,1787208973180.3748,dc:4b:0a:06:03:f8,B,130
17971,1,E,2832324553,579.990967,1787208974816.3562,1787208974236.3652,18:42:de:52:4a:dd,A,130
16276,1,E,2832324553,579.990967,1787208974816.3562,1787208974236.3652,1e:33:a7:2f:8e:d8,C,130
16248,1,E,2832324553,579.990967,1787208974816.3562,1787208974236.3652,51:56:ae:12:21:ca,D,130
20973,1,E,2832324553,579.990967,1787208974816.3562,1787208974236.3652,56:a2:44:0e:9e:d6,F,130
25764,1,E,2832324553,579.990967,1787208974816.3562,1787208974236.3652,dc:4b:0a:06:03:f8,B,130
19343,1,F,372385581,582.993652,1787208976197.5574,1787208975614.5637,18:42:de:52:4a:dd,A,130
29574,1,F,372385581,582.993652,1787208976197.5574,1787208975614.5637,1e:33:a7:2f:8e:d8,C,130
27139,1,F,372385581,582.993652,1787208976197.5574,1787208975614.5637,51:56:ae:12:21:ca,D,130
17706,1,F,372385581,582.993652,1787208976197.5574,1787208975614.5637,be:65:0b:2c:96:d0,E,130
17706,1,F,372385581,582.993652,1787208976197.5574,1787208975614.5637,dc:4b:0a:06:03:f8,B,130
23131,1,A,2060705026,608.97168,1787208980056.7346,1787208979447.763,1e:33:a7:2f:8e:d8,C,140
261,1,A,2060705026,608.97168,1787208980056.7346,1787208979447.763,51:56:ae:12:21:ca,D,140
21536,1,A,2060705026,608.97168,1787208980056.7346,1787208979447.763,56:a2:44:0e:9e:d6,F,140
21536,1,A,2060705026,608.97168,1787208980056.7346,1787208979447.763,be:65:0b:2c:96:d0,E,140
32971,1,A,2060705026,608.97168,1787208980056.7346,1787208979447.763,dc:4b:0a:06:03:f8,B,140
623,1,C,431688712,571.99292,1787208982361.1917,1787208981789.1987,18:42:de:52:4a:dd,A,140
623,1,C,431688712,571.99292,1787208982361.1917,1787208981789.1987,51:56:ae:12:21:ca,D,140
23876,1,C,431688712,571.99292,1787208982361.1917,1787208981789.1987,56:a2:44:0e:9e:d6,F,140
23876,1,C,431688712,571.99292,1787208982361.1917,1787208981789.1987,be:65:0b:2c:96:d0,E,140
25519,1,C,431688712,571.99292,1787208982361.1917,1787208981789.1987,dc:4b:0a:06:03:f8,B,140
25914,1,B,3796397218,605.992676,1787208982786.4663,1787208982180.4736,18:42:de:52:4a:dd,A,140
34953,1,B,3796397218,605.992676,1787208982786.4663,1787208982180.4736,1e:33:a7:2f:8e:d8,C,140
33704,1,B,3796397218,605.992676,1787208982786.4663,1787208982180.4736,51:56:ae:12:21:ca,D,140
24267,1,B,3796397218,605.992676,1787208982786.4663,1787208982180.4736,56:a2:44:0e:9e:d6,F,140
24267,1,B,3796397218,605.992676,1787208982786.4663,1787208982180.4736,be:65:0b:2c:96:d0,E,140
220,1,D,17433364,507.992676,1787208983892.2202,1787208983384.2275,18:42:de:52:4a:dd,A,140
193,1,D,17433364,507.992676,1787208983892.2202,1787208983384.2275,1e:33:a7:2f:8e:d8,C,140
25471,1,D,17433364,507.992676,1787208983892.2202,1787208983384.2275,56:a2:44:0e:9e:d6,F,140
25400,1,D,17433364,507.992676,1787208983892.2202,1787208983384.2275,be:65:0b:2c:96:d0,E,140
27112,1,D,17433364,507.992676,1787208983892.2202,1787208983384.2275,dc:4b:0a:06:03:f8,B,140
28367,1,E,2832324553,583.990723,1787208985216.1917,1787208984632.201,18:42:de:52:4a:dd,A,140
26672,1,E,2832324553,583.990723,1787208985216.1917,1787208984632.201,1e:33:a7:2f:8e:d8,C,140
26644,1,E,2832324553,583.990723,1787208985216.1917,1787208984632.201,51:56:ae:12:21:ca,D,140
31369,1,E,2832324553,583.990723,1787208985216.1917,1787208984632.201,56:a2:44:0e:9e:d6,F,140
36160,1,E,2832324553,583.990723,1787208985216.1917,1787208984632.201,dc:4b:0a:06:03:f8,B,140
29744,1,F,372385581,595.993408,1787208986611.444,1787208986015.4507,18:42:de:52:4a:dd,A,140
39975,1,F,372385581,595.993408,1787208986611.444,1787208986015.4507,1e:33:a7:2f:8e:d8,C,140
37540,1,F,372385581,595.993408,1787208986611.444,1787208986015.4507,51:56:ae:12:21:ca,D,140
28107,1,F,372385581,595.993408,1787208986611.444,1787208986015.4507,be:65:0b:2c:96:d0,E,140
28107,1,F,372385581,595.993408,1787208986611.444,1787208986015.4507,dc:4b:0a:06:03:f8,B,140
33447,1,A,2060705026,621.970947,1787208990385.254,1787208989763.283,1e:33:a7:2f:8e:d8,C,150
577,1,A,2060705026,621.970947,1787208990385.254,1787208989763.283,51:56:ae:12:21:ca,D,150
31852,1,A,2060705026,621.970947,1787208990385.254,1787208989763.283,56:a2:44:0e:9e:d6,F,150
31852,1,A,2060705026,621.970947,1787208990385.254,1787208989763.283,be:65:0b:2c:96:d0,E,150
43287,1,A,2060705026,621.970947,1787208990385.254,1787208989763.283,dc:4b:0a:06:03:f8,B,150
907,1,C,431688712,599.992676,1787208992676.0637,1787208992076.071,18:42:de:52:4a:dd,A,150
907,1,C,431688712,599.992676,1787208992676.0637,1787208992076.071,51:56:ae:12:21:ca,D,150
34163,1,C,431688712,599.992676,1787208992676.0637,1787208992076.071,56:a2:44:0e:9e:d6,F,150
34163,1,C,431688712,599.992676,1787208992676.0637,1787208992076.071,be:65:0b:2c:96:d0,E,150
35806,1,C,431688712,599.992676,1787208992676.0637,1787208992076.071,dc:4b:0a:06:03:f8,B,150
36340,1,B,3796397218,572.99292,1787208993179.34,1787208992606.3472,18:42:de:52:4a:dd,A,150
45379,1,B,3796397218,572.99292,1787208993179.34,1787208992606.3472,1e:33:a7:2f:8e:d8,C,150
44130,1,B,3796397218,572.99292,1787208993179.34,1787208992606.3472,51:56:ae:12:21:ca,D,150
34693,1,B,3796397218,572.99292,1787208993179.34,1787208992606.3472,56:a2:44:0e:9e:d6,F,150
34693,1,B,3796397218,572.99292,1787208993179.34,1787208992606.3472,be:65:0b:2c:96:d0,E,150
401,1,D,17433364,455.993408,1787208994019.0742,1787208993563.0808,18:42:de:52:4a:dd,A,150
375,1,D,17433364,455.993408,1787208994019.0742,1787208993563.0808,1e:33:a7:2f:8e:d8,C,150
35650,1,D,17433364,455.993408,1787208994019.0742,1787208993563.0808,56:a2:44:0e:9e:d6,F,150
35579,1,D,17433364,455.993408,1787208994019.0742,1787208993563.0808,be:65:0b:2c:96:d0,E,150
37291,1,D,17433364,455.993408,1787208994019.0742,1787208993563.0808,dc:4b:0a:06:03:f8,B,150
38785,1,E,2832324553,606.990479,1787208995657.0264,1787208995050.036,18:42:de:52:4a:dd,A,150
37090,1,E,2832324553,606.990479,1787208995657.0264,1787208995050.036,1e:33:a7:2f:8e:d8,C,150
37062,1,E,2832324553,606.990479,1787208995657.0264,1787208995050.036,51:56:ae:12:21:ca,D,150
41787,1,E,2832324553,606.990479,1787208995657.0264,1787208995050.036,56:a2:44:0e:9e:d6,F,150
46578,1,E,2832324553,606.990479,1787208995657.0264,1787208995050.036,dc:4b:0a:06:03:f8,B,150
40138,1,F,372385581,583.993652,1787208996993.331,1787208996409.3374,18:42:de:52:4a:dd,A,160
50369,1,F,372385581,583.993652,1787208996993.331,1787208996409.3374,1e:33:a7:2f:8e:d8,C,160
47934,1,F,372385581,583.993652,1787208996993.331,1787208996409.3374,51:56:ae:12:21:ca,D,160
38501,1,F,372385581,583.993652,1787208996993.331,1787208996409.3374,be:65:0b:2c:96:d0,E,160
38501,1,F,372385581,583.993652,1787208996993.331,1787208996409.3374,dc:4b:0a:06:03:f8,B,160
43764,1,A,2060705026,620.970947,1787209000700.7737,1787209000079.8027,1e:33:a7:2f:8e:d8,C,160
893,1,A,2060705026,620.970947,1787209000700.7737,1787209000079.8027,51:56:ae:12:21:ca,D,160
42169,1,A,2060705026,620.970947,1787209000700.7737,1787209000079.8027,56:a2:44:0e:9e:d6,F,160
42169,1,A,2060705026,620.970947,1787209000700.7737,1787209000079.8027,be:65:0b:2c:96:d0,E,160
53604,1,A,2060705026,620.970947,1787209000700.7737,1787209000079.8027,dc:4b:0a:06:03:f8,B,160
153,1,C,431688712,602.992676,1787209002923.9365,1787209002320.9438,18:42:de:52:4a:dd,A,160
153,1,C,431688712,602.992676,1787209002923.9365,1787209002320.9438,51:56:ae:12:21:ca,D,160
44408,1,C,431688712,602.992676,1787209002923.9365,1787209002320.9438,56:a2:44:0e:9e:d6,F,160
44408,1,C,431688712,602.992676,1787209002923.9365,1787209002320.9438,be:65:0b:2c:96:d0,E,160
46051,1,C,431688712,602.992676,1787209002923.9365,1787209002320.9438,dc:4b:0a:06:03:f8,B,160
46760,1,B,3796397218,613.992676,1787209003640.2131,1787209003026.2205,18:42:de:52:4a:dd,A,160
55799,1,B,3796397218,613.992676,1787209003640.2131,1787209003026.2205,1e:33:a7:2f:8e:d8,C,160
54550,1,B,3796397218,613.992676,1787209003640.2131,1787209003026.2205,51:56:ae:12:21:ca,D,160
45113,1,B,3796397218,613.992676,1787209003640.2131,1787209003026.2205,56:a2:44:0e:9e:d6,F,160
45113,1,B,3796397218,613.992676,1787209003640.2131,1787209003026.2205,be:65:0b:2c:96:d0,E,160
603,1,D,17433364,492.99292,1787209004258.9268,1787209003765.9338,18:42:de:52:4a:dd,A,160
576,1,D,17433364,492.99292,1787209004258.9268,1787209003765.9338,1e:33:a7:2f:8e:d8,C,160
45853,1,D,17433364,492.99292,1787209004258.9268,1787209003765.9338,56:a2:44:0e:9e:d6,F,160
45782,1,D,17433364,492.99292,1787209004258.9268,1787209003765.9338,be:65:0b:2c:96:d0,E,160
47494,1,D,17433364,492.99292,1787209004258.9268,1787209003765.9338,dc:4b:0a:06:03:f8,B,160
49229,1,E,2832324553,588.990723,1787209006082.8613,1787209005493.8706,18:42:de:52:4a:dd,A,160
47534,1,E,2832324553,588.990723,1787209006082.8613,1787209005493.8706,1e:33:a7:2f:8e:d8,C,160
47506,1,E,2832324553,588.990723,1787209006082.8613,1787209005493.8706,51:56:ae:12:21:ca,D,160
52231,1,E,2832324553,588.990723,1787209006082.8613,1787209005493.8706,56:a2:44:0e:9e:d6,F,160
57022,1,E,2832324553,588.990723,1787209006082.8613,1787209005493.8706,dc:4b:0a:06:03:f8,B,160
50503,1,F,372385581,632.993164,1787209007407.2178,1787209006774.2246,18:42:de:52:4a:dd,A,170
60734,1,F,372385581,632.993164,1787209007407.2178,1787209006774.2246,1e:33:a7:2f:8e:d8,C,170
58299,1,F,372385581,632.993164,1787209007407.2178,1787209006774.2246,51:56:ae:12:21:ca,D,170
48866,1,F,372385581,632.993164,1787209007407.2178,1787209006774.2246,be:65:0b:2c:96:d0,E,170
48866,1,F,372385581,632.993164,1787209007407.2178,1787209006774.2246,dc:4b:0a:06:03:f8,B,170
54089,1,A,2060705026,560.973877,1787209010965.296,1787209010404.322,1e:33:a7:2f:8e:d8,C,170
218,1,A,2060705026,560.973877,1787209010965.296,1787209010404.322,51:56:ae:12:21:ca,D,170
52494,1,A,2060705026,560.973877,1787209010965.296,1787209010404.322,56:a2:44:0e:9e:d6,F,170
52494,1,A,2060705026,560.973877,1787209010965.296,1787209010404.322,be:65:0b:2c:96:d0,E,170
63929,1,A,2060705026,560.973877,1787209010965.296,1787209010404.322,dc:4b:0a:06:03:f8,B,170
404,1,C,431688712,567.99292,1787209013139.8096,1787209012571.8167,18:42:de:52:4a:dd,A,170
404,1,C,431688712,567.99292,1787209013139.8096,1787209012571.8167,51:56:ae:12:21:ca,D,170
54659,1,C,431688712,567.99292,1787209013139.8096,1787209012571.8167,56:a2:44:0e:9e:d6,F,170
54659,1,C,431688712,567.99292,1787209013139.8096,1787209012571.8167,be:65:0b:2c:96:d0,E,170
56302,1,C,431688712,567.99292,1787209013139.8096,1787209012571.8167,dc:4b:0a:06:03:f8,B,170
57156,1,B,3796397218,582.99292,1787209014005.0872,1787209013422.0942,18:42:de:52:4a:dd,A,170
66195,1,B,3796397218,582.99292,1787209014005.0872,1787209013422.0942,1e:33:a7:2f:8e:d8,C,170
6387,1,B,3796397218,582.99292,1787209014005.0872,1787209013422.0942,51:56:ae:12:21:ca,D,170
55509,1,B,3796397218,582.99292,1787209014005.0872,1787209013422.0942,56:a2:44:0e:9e:d6,F,170
55509,1,B,3796397218,582.99292,1787209014005.0872,1787209013422.0942,be:65:0b:2c:96:d0,E,170
733,1,D,17433364,465.993408,1787209014359.7812,1787209013893.7878,18:42:de:52:4a:dd,A,170
195,1,D,17433364,465.993408,1787209014359.7812,1787209013893.7878,1e:33:a7:2f:8e:d8,C,170
55981,1,D,17433364,465.993408,1787209014359.7812,1787209013893.7878,56:a2:44:0e:9e:d6,F,170
55910,1,D,17433364,465.993408,1787209014359.7812,1787209013893.7878,be:65:0b:2c:96:d0,E,170
57622,1,D,17433364,465.993408,1787209014359.7812,1787209013893.7878,dc:4b:0a:06:03:f8,B,170
59650,1,E,2832324553,593.990479,1787209016508.6963,1787209015914.7058,18:42:de:52:4a:dd,A,170
57955,1,E,2832324553,593.990479,1787209016508.6963,1787209015914.7058,1e:33:a7:2f:8e:d8,C,170
8879,1,E,2832324553,593.990479,1787209016508.6963,1787209015914.7058,51:56:ae:12:21:ca,D,170
62652,1,E,2832324553,593.990479,1787209016508.6963,1787209015914.7058,56:a2:44:0e:9e:d6,F,170
67443,1,E,2832324553,593.990479,1787209016508.6963,1787209015914.7058,dc:4b:0a:06:03:f8,B,170
60911,1,F,372385581,627.993164,1787209017810.1045,1787209017182.1113,18:42:de:52:4a:dd,A,180
71142,1,F,372385581,627.993164,1787209017810.1045,1787209017182.1113,1e:33:a7:2f:8e:d8,C,180
10146,1,F,372385581,627.993164,1787209017810.1045,1787209017182.1113,51:56:ae:12:21:ca,D,180
59274,1,F,372385581,627.993164,1787209017810.1045,1787209017182.1113,be:65:0b:2c:96:d0,E,180
59274,1,F,372385581,627.993164,1787209017810.1045,1787209017182.1113,dc:4b:0a:06:03:f8,B,180
64414,1,A,2060705026,621.970947,1787209021350.8125,1787209020728.8416,1e:33:a7:2f:8e:d8,C,180
542,1,A,2060705026,621.970947,1787209021350.8125,1787209020728.8416,51:56:ae:12:21:ca,D,180
62819,1,A,2060705026,621.970947,1787209021350.8125,1787209020728.8416,56:a2:44:0e:9e:d6,F,180
62819,1,A,2060705026,621.970947,1787209021350.8125,1787209020728.8416,be:65:0b:2c:96:d0,E,180
74254,1,A,2060705026,621.970947,1787209021350.8125,1787209020728.8416,dc:4b:0a:06:03:f8,B,180
678,1,C,431688712,596.992676,1787209023440.682,1787209022843.6892,18:42:de:52:4a:dd,A,180
678,1,C,431688712,596.992676,1787209023440.682,1787209022843.6892,51:56:ae:12:21:ca,D,180
64931,1,C,431688712,596.992676,1787209023440.682,1787209022843.6892,56:a2:44:0e:9e:d6,F,180
64931,1,C,431688712,596.992676,1787209023440.682,1787209022843.6892,be:65:0b:2c:96:d0,E,180
66574,1,C,431688712,596.992676,1787209023440.682,1787209022843.6892,dc:4b:0a:06:03:f8,B,180
67561,1,B,3796397218,563.993164,1787209024390.961,1787209023826.9678,18:42:de:52:4a:dd,A,180
76600,1,B,3796397218,563.993164,1787209024390.961,1787209023826.9678,1e:33:a7:2f:8e:d8,C,180
16792,1,B,3796397218,563.993164,1787209024390.961,1787209023826.9678,51:56:ae:12:21:ca,D,180
65914,1,B,3796397218,563.993164,1787209024390.961,1787209023826.9678,56:a2:44:0e:9e:d6,F,180
65914,1,B,3796397218,563.993164,1787209024390.961,1787209023826.9678,be:65:0b:2c:96:d0,E,180
670,1,D,17433364,426.993652,1787209024513.6348,1787209024086.641,18:42:de:52:4a:dd,A,180
897,1,D,17433364,426.993652,1787209024513.6348,1787209024086.641,1e:33:a7:2f:8e:d8,C,180
66174,1,D,17433364,426.993652,1787209024513.6348,1787209024086.641,56:a2:44:0e:9e:d6,F,180
66103,1,D,17433364,426.993652,1787209024513.6348,1787209024086.641,be:65:0b:2c:96:d0,E,180
67815,1,D,17433364,426.993652,1787209024513.6348,1787209024086.641,dc:4b:0a:06:03:f8,B,180
70088,1,E,2832324553,608.990479,1787209026961.531,1787209026352.5405,18:42:de:52:4a:dd,A,190
68393,1,E,2832324553,608.990479,1787209026961.531,1787209026352.5405,1e:33:a7:2f:8e:d8,C,190
19317,1,E,2832324553,608.990479,1787209026961.531,1787209026352.5405,51:56:ae:12:21:ca,D,190
73090,1,E,2832324553,608.990479,1787209026961.531,1787209026352.5405,56:a2:44:0e:9e:d6,F,190
77881,1,E,2832324553,608.990479,1787209026961.531,1787209026352.5405,dc:4b:0a:06:03:f8,B,190
71315,1,F,372385581,606.993408,1787209028192.9915,1787209027585.998,18:42:de:52:4a:dd,A,190
81546,1,F,372385581,606.993408,1787209028192.9915,1787209027585.998,1e:33:a7:2f:8e:d8,C,190
20550,1,F,372385581,606.993408,1787209028192.9915,1787209027585.998,51:56:ae:12:21:ca,D,190
69678,1,F,372385581,606.993408,1787209028192.9915,1787209027585.998,be:65:0b:2c:96:d0,E,190
69678,1,F,372385581,606.993408,1787209028192.9915,1787209027585.998,dc:4b:0a:06:03:f8,B,190
74726,1,A,2060705026,602.971924,1787209031643.3335,1787209031040.3616,1e:33:a7:2f:8e:d8,C,190
856,1,A,2060705026,602.971924,1787209031643.3335,1787209031040.3616,51:56:ae:12:21:ca,D,190
73131,1,A,2060705026,602.971924,1787209031643.3335,1787209031040.3616,56:a2:44:0e:9e:d6,F,190
73131,1,A,2060705026,602.971924,1787209031643.3335,1787209031040.3616,be:65:0b:2c:96:d0,E,190
84566,1,A,2060705026,602.971924,1787209031643.3335,1787209031040.3616,dc:4b:0a:06:03:f8,B,190
950,1,C,431688712,601.992432,1787209033716.5542,1787209033114.5618,18:42:de:52:4a:dd,A,190
950,1,C,431688712,601.992432,1787209033716.5542,1787209033114.5618,51:56:ae:12:21:ca,D,190
75202,1,C,431688712,601.992432,1787209033716.5542,1787209033114.5618,56:a2:44:0e:9e:d6,F,190
75202,1,C,431688712,601.992432,1787209033716.5542,1787209033114.5618,be:65:0b:2c:96:d0,E,190
76845,1,C,431688712,601.992432,1787209033716.5542,1787209033114.5618,dc:4b:0a:06:03:f8,B,190
77951,1,B,3796397218,606.992676,1787209034823.8342,1787209034216.8416,18:42:de:52:4a:dd,A,190
86990,1,B,3796397218,606.992676,1787209034823.8342,1787209034216.8416,1e:33:a7:2f:8e:d8,C,190
27182,1,B,3796397218,606.992676,1787209034823.8342,1787209034216.8416,51:56:ae:12:21:ca,D,190
76304,1,B,3796397218,606.992676,1787209034823.8342,1787209034216.8416,56:a2:44:0e:9e:d6,F,190
76304,1,B,3796397218,606.992676,1787209034823.8342,1787209034216.8416,be:65:0b:2c:96:d0,E,190
97,1,D,17433364,492.99292,1787209034751.4873,1787209034258.4944,18:42:de:52:4a:dd,A,190
70,1,D,17433364,492.99292,1787209034751.4873,1787209034258.4944,1e:33:a7:2f:8e:d8,C,190
76346,1,D,17433364,492.99292,1787209034751.4873,1787209034258.4944,56:a2:44:0e:9e:d6,F,190
76275,1,D,17433364,492.99292,1787209034751.4873,1787209034258.4944,be:65:0b:2c:96:d0,E,190
77987,1,D,17433364,492.99292,1787209034751.4873,1787209034258.4944,dc:4b:0a:06:03:f8,B,190
80524,1,E,2832324553,555.991211,1787209037344.3667,1787209036788.3755,18:42:de:52:4a:dd,A,200
78829,1,E,2832324553,555.991211,1787209037344.3667,1787209036788.3755,1e:33:a7:2f:8e:d8,C,200
29753,1,E,2832324553,555.991211,1787209037344.3667,1787209036788.3755,51:56:ae:12:21:ca,D,200
83526,1,E,2832324553,555.991211,1787209037344.3667,1787209036788.3755,56:a2:44:0e:9e:d6,F,200
88317,1,E,2832324553,555.991211,1787209037344.3667,1787209036788.3755,dc:4b:0a:06:03:f8,B,200
81734,1,F,372385581,618.993164,1787209038623.878,1787209038004.8848,18:42:de:52:4a:dd,A,200
91965,1,F,372385581,618.993164,1787209038623.878,1787209038004.8848,1e:33:a7:2f:8e:d8,C,200
30969,1,F,372385581,618.993164,1787209038623.878,1787209038004.8848,51:56:ae:12:21:ca,D,200
80097,1,F,372385581,618.993164,1787209038623.878,1787209038004.8848,be:65:0b:2c:96:d0,E,200
80097,1,F,372385581,618.993164,1787209038623.878,1787209038004.8848,dc:4b:0a:06:03:f8,B,200
85055,1,A,2060705026,577.973145,1787209041946.854,1787209041368.8809,1e:33:a7:2f:8e:d8,C,200
185,1,A,2060705026,577.973145,1787209041946.854,1787209041368.8809,51:56:ae:12:21:ca,D,200
83460,1,A,2060705026,577.973145,1787209041946.854,1787209041368.8809,56:a2:44:0e:9e:d6,F,200
83460,1,A,2060705026,577.973145,1787209041946.854,1787209041368.8809,be:65:0b:2c:96:d0,E,200
94895,1,A,2060705026,577.973145,1787209041946.854,1787209041368.8809,dc:4b:0a:06:03:f8,B,200
195,1,C,431688712,588.992676,1787209043947.4272,1787209043358.4346,18:42:de:52:4a:dd,A,200
195,1,C,431688712,588.992676,1787209043947.4272,1787209043358.4346,51:56:ae:12:21:ca,D,200
85446,1,C,431688712,588.992676,1787209043947.4272,1787209043358.4346,56:a2:44:0e:9e:d6,F,200
85446,1,C,431688712,588.992676,1787209043947.4272,1787209043358.4346,be:65:0b:2c:96:d0,E,200
87089,1,C,431688712,588.992676,1787209043947.4272,1787209043358.4346,dc:4b:0a:06:03:f8,B,200
320,1,D,17433364,455.993408,1787209044937.3406,1787209044481.3472,18:42:de:52:4a:dd,A,200
289,1,D,17433364,455.993408,1787209044937.3406,1787209044481.3472,1e:33:a7:2f:8e:d8,C,200
86569,1,D,17433364,455.993408,1787209044937.3406,1787209044481.3472,56:a2:44:0e:9e:d6,F,200
86498,1,D,17433364,455.993408,1787209044937.3406,1787209044481.3472,be:65:0b:2c:96:d0,E,200
88210,1,D,17433364,455.993408,1787209044937.3406,1787209044481.3472,dc:4b:0a:06:03:f8,B,200
88358,1,B,3796397218,607.992676,1787209045231.7078,1787209044623.715,18:42:de:52:4a:dd,A,200
97397,1,B,3796397218,607.992676,1787209045231.7078,1787209044623.715,1e:33:a7:2f:8e:d8,C,200
37589,1,B,3796397218,607.992676,1787209045231.7078,1787209044623.715,51:56:ae:12:21:ca,D,200
86711,1,B,3796397218,607.992676,1787209045231.7078,1787209044623.715,56:a2:44:0e:9e:d6,F,200
86711,1,B,3796397218,607.992676,1787209045231.7078,1787209044623.715,be:65:0b:2c:96:d0,E,200
90909,1,E,2832324553,599.990479,1787209047773.2014,1787209047173.211,18:42:de:52:4a:dd,A,210
89214,1,E,2832324553,599.990479,1787209047773.2014,1787209047173.211,1e:33:a7:2f:8e:d8,C,210
40138,1,E,2832324553,599.990479,1787209047773.2014,1787209047173.211,51:56:ae:12:21:ca,D,210
93911,1,E,2832324553,599.990479,1787209047773.2014,1787209047173.211,56:a2:44:0e:9e:d6,F,210
98702,1,E,2832324553,599.990479,1787209047773.2014,1787209047173.211,dc:4b:0a:06:03:f8,B,210
92133,1,F,372385581,580.993652,1787209048984.7651,1787209048403.7715,18:42:de:52:4a:dd,A,210
102364,1,F,372385581,580.993652,1787209048984.7651,1787209048403.7715,1e:33:a7:2f:8e:d8,C,210
41368,1,F,372385581,580.993652,1787209048984.7651,1787209048403.7715,51:56:ae:12:21:ca,D,210
90496,1,F,372385581,580.993652,1787209048984.7651,1787209048403.7715,be:65:0b:2c:96:d0,E,210
90496,1,F,372385581,580.993652,1787209048984.7651,1787209048403.7715,dc:4b:0a:06:03:f8,B,210
95386,1,A,2060705026,600.972168,1787209052300.372,1787209051699.4,1e:33:a7:2f:8e:d8,C,210
260,1,A,2060705026,600.972168,1787209052300.372,1787209051699.4,51:56:ae:12:21:ca,D,210
93791,1,A,2060705026,600.972168,1787209052300.372,1787209051699.4,56:a2:44:0e:9e:d6,F,210
93791,1,A,2060705026,600.972168,1787209052300.372,1787209051699.4,be:65:0b:2c:96:d0,E,210
105226,1,A,2060705026,600.972168,1787209052300.372,1787209051699.4,dc:4b:0a:06:03:f8,B,210
464,1,C,431688712,584.992676,1787209054215.2998,1787209053630.3071,18:42:de:52:4a:dd,A,210
464,1,C,431688712,584.992676,1787209054215.2998,1787209053630.3071,51:56:ae:12:21:ca,D,210
95718,1,C,431688712,584.992676,1787209054215.2998,1787209053630.3071,56:a2:44:0e:9e:d6,F,210
95718,1,C,431688712,584.992676,1787209054215.2998,1787209053630.3071,be:65:0b:2c:96:d0,E,210
97361,1,C,431688712,584.992676,1787209054215.2998,1787209053630.3071,dc:4b:0a:06:03:f8,B,210
524,1,D,17433364,516.992432,1787209055201.1926,1787209054684.2002,18:42:de:52:4a:dd,A,210
496,1,D,17433364,516.992432,1787209055201.1926,1787209054684.2002,1e:33:a7:2f:8e:d8,C,210
96772,1,D,17433364,516.992432,1787209055201.1926,1787209054684.2002,56:a2:44:0e:9e:d6,F,210
96701,1,D,17433364,516.992432,1787209055201.1926,1787209054684.2002,be:65:0b:2c:96:d0,E,210
98413,1,D,17433364,516.992432,1787209055201.1926,1787209054684.2002,dc:4b:0a:06:03:f8,B,210
98762,1,B,3796397218,591.992676,1787209055619.5815,1787209055027.5889,18:42:de:52:4a:dd,A,210
107801,1,B,3796397218,591.992676,1787209055619.5815,1787209055027.5889,1e:33:a7:2f:8e:d8,C,210
47993,1,B,3796397218,591.992676,1787209055619.5815,1787209055027.5889,51:56:ae:12:21:ca,D,210
97115,1,B,3796397218,591.992676,1787209055619.5815,1787209055027.5889,56:a2:44:0e:9e:d6,F,210
97115,1,B,3796397218,591.992676,1787209055619.5815,1787209055027.5889,be:65:0b:2c:96:d0,E,210
101307,1,E,2832324553,635.98999,1787209058207.0364,1787209057571.0464,18:42:de:52:4a:dd,A,220
99612,1,E,2832324553,635.98999,1787209058207.0364,1787209057571.0464,1e:33:a7:2f:8e:d8,C,220
50536,1,E,2832324553,635.98999,1787209058207.0364,1787209057571.0464,51:56:ae:12:21:ca,D,220
104309,1,E,2832324553,635.98999,1787209058207.0364,1787209057571.0464,56:a2:44:0e:9e:d6,F,220
109100,1,E,2832324553,635.98999,1787209058207.0364,1787209057571.0464,dc:4b:0a:06:03:f8,B,220
316,1,F,372385581,431.995361,1787209058984.6562,1787209058552.661,18:42:de:52:4a:dd,A,220
307,1,F,372385581,431.995361,1787209058984.6562,1787209058552.661,1e:33:a7:2f:8e:d8,C,220
599,1,F,372385581,431.995361,1787209058984.6562,1787209058552.661,51:56:ae:12:21:ca,D,220
100645,1,F,372385581,431.995361,1787209058984.6562,1787209058552.661,be:65:0b:2c:96:d0,E,220
388,1,F,372385581,431.995361,1787209058984.6562,1787209058552.661,dc:4b:0a:06:03:f8,B,220
3818,1,A,2060705026,604.97168,1787209062634.8909,1787209062029.9192,1e:33:a7:2f:8e:d8,C,220
4077,1,A,2060705026,604.97168,1787209062634.8909,1787209062029.9192,51:56:ae:12:21:ca,D,220
847,1,A,2060705026,604.97168,1787209062634.8909,1787209062029.9192,56:a2:44:0e:9e:d6,F,220
104122,1,A,2060705026,604.97168,1787209062634.8909,1787209062029.9192,be:65:0b:2c:96:d0,E,220
115557,1,A,2060705026,604.97168,1787209062634.8909,1787209062029.9192,dc:4b:0a:06:03:f8,B,220
474,1,C,431688712,645.991943,1787209064538.1716,1787209063892.1797,18:42:de:52:4a:dd,A,220
5728,1,C,431688712,645.991943,1787209064538.1716,1787209063892.1797,51:56:ae:12:21:ca,D,220
474,1,C,431688712,645.991943,1787209064538.1716,1787209063892.1797,56:a2:44:0e:9e:d6,F,220
5964,1,C,431688712,645.991943,1787209064538.1716,1787209063892.1797,be:65:0b:2c:96:d0,E,220
107623,1,C,431688712,645.991943,1787209064538.1716,1787209063892.1797,dc:4b:0a:06:03:f8,B,220
6981,1,D,17433364,533.992432,1787209065680.0417,1787209065146.0493,18:42:de:52:4a:dd,A,220
7212,1,D,17433364,533.992432,1787209065680.0417,1787209065146.0493,1e:33:a7:2f:8e:d8,C,220
107234,1,D,17433364,533.992432,1787209065680.0417,1787209065146.0493,56:a2:44:0e:9e:d6,F,220
7218,1,D,17433364,533.992432,1787209065680.0417,1787209065146.0493,be:65:0b:2c:96:d0,E,220
6981,1,D,17433364,533.992432,1787209065680.0417,1787209065146.0493,dc:4b:0a:06:03:f8,B,220
7262,1,B,3796397218,590.992676,1787209066013.4553,1787209065422.4626,18:42:de:52:4a:dd,A,220
7490,1,B,3796397218,590.992676,1787209066013.4553,1787209065422.4626,1e:33:a7:2f:8e:d8,C,220
7469,1,B,3796397218,590.992676,1787209066013.4553,1787209065422.4626,51:56:ae:12:21:ca,D,220
107510,1,B,3796397218,590.992676,1787209066013.4553,1787209065422.4626,56:a2:44:0e:9e:d6,F,220
107510,1,B,3796397218,590.992676,1787209066013.4553,1787209065422.4626,be:65:0b:2c:96:d0,E,220
9788,1,E,2832324553,590.990479,1787209068538.8728,1787209067947.8823,18:42:de:52:4a:dd,A,230
10015,1,E,2832324553,590.990479,1787209068538.8728,1787209067947.8823,1e:33:a7:2f:8e:d8,C,230
9994,1,E,2832324553,590.990479,1787209068538.8728,1787209067947.8823,51:56:ae:12:21:ca,D,230
114686,1,E,2832324553,590.990479,1787209068538.8728,1787209067947.8823,56:a2:44:0e:9e:d6,F,230
119477,1,E,2832324553,590.990479,1787209068538.8728,1787209067947.8823,dc:4b:0a:06:03:f8,B,230
691,1,F,372385581,525.994385,1787209069375.5432,1787209068849.5488,18:42:de:52:4a:dd,A,230
662,1,F,372385581,525.994385,1787209069375.5432,1787209068849.5488,1e:33:a7:2f:8e:d8,C,230
10896,1,F,372385581,525.994385,1787209069375.5432,1787209068849.5488,51:56:ae:12:21:ca,D,230
110942,1,F,372385581,525.994385,1787209069375.5432,1787209068849.5488,be:65:0b:2c:96:d0,E,230
10685,1,F,372385581,525.994385,1787209069375.5432,1787209068849.5488,dc:4b:0a:06:03:f8,B,230
14147,1,A,2060705026,570.973633,1787209072929.4119,1787209072358.4382,1e:33:a7:2f:8e:d8,C,230
14406,1,A,2060705026,570.973633,1787209072929.4119,1787209072358.4382,51:56:ae:12:21:ca,D,230
176,1,A,2060705026,570.973633,1787209072929.4119,1787209072358.4382,56:a2:44:0e:9e:d6,F,230
114451,1,A,2060705026,570.973633,1787209072929.4119,1787209072358.4382,be:65:0b:2c:96:d0,E,230
125886,1,A,2060705026,570.973633,1787209072929.4119,1787209072358.4382,dc:4b:0a:06:03:f8,B,230
999,1,C,431688712,616.992432,1787209074779.0447,1787209074162.0522,18:42:de:52:4a:dd,A,230
15998,1,C,431688712,616.992432,1787209074779.0447,1787209074162.0522,51:56:ae:12:21:ca,D,230
999,1,C,431688712,616.992432,1787209074779.0447,1787209074162.0522,56:a2:44:0e:9e:d6,F,230
16234,1,C,431688712,616.992432,1787209074779.0447,1787209074162.0522,be:65:0b:2c:96:d0,E,230
117893,1,C,431688712,616.992432,1787209074779.0447,1787209074162.0522,dc:4b:0a:06:03:f8,B,230
17406,1,D,17433364,590.991455,1787209076161.8906,1787209075570.8992,18:42:de:52:4a:dd,A,230
17637,1,D,17433364,590.991455,1787209076161.8906,1787209075570.8992,1e:33:a7:2f:8e:d8,C,230
117659,1,D,17433364,590.991455,1787209076161.8906,1787209075570.8992,56:a2:44:0e:9e:d6,F,230
17643,1,D,17433364,590.991455,1787209076161.8906,1787209075570.8992,be:65:0b:2c:96:d0,E,230
17406,1,D,17433364,590.991455,1787209076161.8906,1787209075570.8992,dc:4b:0a:06:03:f8,B,230
17701,1,B,3796397218,604.992676,1787209076466.3284,1787209075861.3357,18:42:de:52:4a:dd,A,230
17929,1,B,3796397218,604.992676,1787209076466.3284,1787209075861.3357,1e:33:a7:2f:8e:d8,C,230
17908,1,B,3796397218,604.992676,1787209076466.3284,1787209075861.3357,51:56:ae:12:21:ca,D,230
117949,1,B,3796397218,604.992676,1787209076466.3284,1787209075861.3357,56:a2:44:0e:9e:d6,F,230
117949,1,B,3796397218,604.992676,1787209076466.3284,1787209075861.3357,be:65:0b:2c:96:d0,E,230
20179,1,E,2832324553,610.990479,1787209078949.7083,1787209078338.7178,18:42:de:52:4a:dd,A,240
20406,1,E,2832324553,610.990479,1787209078949.7083,1787209078338.7178,1e:33:a7:2f:8e:d8,C,240
20385,1,E,2832324553,610.990479,1787209078949.7083,1787209078338.7178,51:56:ae:12:21:ca,D,240
125077,1,E,2832324553,610.990479,1787209078949.7083,1787209078338.7178,56:a2:44:0e:9e:d6,F,240
129868,1,E,2832324553,610.990479,1787209078949.7083,1787209078338.7178,dc:4b:0a:06:03:f8,B,240
941,1,F,372385581,564.993896,1787209079666.4312,1787209079101.4373,18:42:de:52:4a:dd,A,240
915,1,F,372385581,564.993896,1787209079666.4312,1787209079101.4373,1e:33:a7:2f:8e:d8,C,240
21148,1,F,372385581,564.993896,1787209079666.4312,1787209079101.4373,51:56:ae:12:21:ca,D,240
121194,1,F,372385581,564.993896,1787209079666.4312,1787209079101.4373,be:65:0b:2c:96:d0,E,240
20937,1,F,372385581,564.993896,1787209079666.4312,1787209079101.4373,dc:4b:0a:06:03:f8,B,240
24496,1,A,2060705026,596.972412,1787209083303.929,1787209082706.9565,1e:33:a7:2f:8e:d8,C,240
24755,1,A,2060705026,596.972412,1787209083303.929,1787209082706.9565,51:56:ae:12:21:ca,D,240
525,1,A,2060705026,596.972412,1787209083303.929,1787209082706.9565,56:a2:44:0e:9e:d6,F,240
124800,1,A,2060705026,596.972412,1787209083303.929,1787209082706.9565,be:65:0b:2c:96:d0,E,240
136235,1,A,2060705026,596.972412,1787209083303.929,1787209082706.9565,dc:4b:0a:06:03:f8,B,240
278,1,C,431688712,613.992432,1787209085056.917,1787209084442.9246,18:42:de:52:4a:dd,A,240
26279,1,C,431688712,613.992432,1787209085056.917,1787209084442.9246,51:56:ae:12:21:ca,D,240
278,1,C,431688712,613.992432,1787209085056.917,1787209084442.9246,56:a2:44:0e:9e:d6,F,240
26515,1,C,431688712,613.992432,1787209085056.917,1787209084442.9246,be:65:0b:2c:96:d0,E,240
128174,1,C,431688712,613.992432,1787209085056.917,1787209084442.9246,dc:4b:0a:06:03:f8,B,240
27844,1,D,17433364,642.990723,1787209086651.7395,1787209086008.7488,18:42:de:52:4a:dd,A,240
28075,1,D,17433364,642.990723,1787209086651.7395,1787209086008.7488,1e:33:a7:2f:8e:d8,C,240
128097,1,D,17433364,642.990723,1787209086651.7395,1787209086008.7488,56:a2:44:0e:9e:d6,F,240
28081,1,D,17433364,642.990723,1787209086651.7395,1787209086008.7488,be:65:0b:2c:96:d0,E,240
27844,1,D,17433364,642.990723,1787209086651.7395,1787209086008.7488,dc:4b:0a:06:03:f8,B,240
28067,1,B,3796397218,589.99292,1787209086817.2026,1787209086227.2097,18:42:de:52:4a:dd,A,250
28295,1,B,3796397218,589.99292,1787209086817.2026,1787209086227.2097,1e:33:a7:2f:8e:d8,C,250
28274,1,B,3796397218,589.99292,1787209086817.2026,1787209086227.2097,51:56:ae:12:21:ca,D,250
128315,1,B,3796397218,589.99292,1787209086817.2026,1787209086227.2097,56:a2:44:0e:9e:d6,F,250
128315,1,B,3796397218,589.99292,1787209086817.2026,1787209086227.2097,be:65:0b:2c:96:d0,E,250
30568,1,E,2832324553,625.98999,1787209089353.5435,1787209088727.5535,18:42:de:52:4a:dd,A,250
30795,1,E,2832324553,625.98999,1787209089353.5435,1787209088727.5535,1e:33:a7:2f:8e:d8,C,250
30774,1,E,2832324553,625.98999,1787209089353.5435,1787209088727.5535,51:56:ae:12:21:ca,D,250
135466,1,E,2832324553,625.98999,1787209089353.5435,1787209088727.5535,56:a2:44:0e:9e:d6,F,250
140257,1,E,2832324553,625.98999,1787209089353.5435,1787209088727.5535,dc:4b:0a:06:03:f8,B,250
207,1,F,372385581,538.994141,1787209089904.3198,1787209089365.3257,18:42:de:52:4a:dd,A,250
180,1,F,372385581,538.994141,1787209089904.3198,1787209089365.3257,1e:33:a7:2f:8e:d8,C,250
31412,1,F,372385581,538.994141,1787209089904.3198,1787209089365.3257,51:56:ae:12:21:ca,D,250
131458,1,F,372385581,538.994141,1787209089904.3198,1787209089365.3257,be:65:0b:2c:96:d0,E,250
31201,1,F,372385581,538.994141,1787209089904.3198,1787209089365.3257,dc:4b:0a:06:03:f8,B,250
34827,1,A,2060705026,585.972656,1787209093623.4485,1787209093037.4758,1e:33:a7:2f:8e:d8,C,250
35086,1,A,2060705026,585.972656,1787209093623.4485,1787209093037.4758,51:56:ae:12:21:ca,D,250
854,1,A,2060705026,585.972656,1787209093623.4485,1787209093037.4758,56:a2:44:0e:9e:d6,F,250
135131,1,A,2060705026,585.972656,1787209093623.4485,1787209093037.4758,be:65:0b:2c:96:d0,E,250
146566,1,A,2060705026,585.972656,1787209093623.4485,1787209093037.4758,dc:4b:0a:06:03:f8,B,250
553,1,C,431688712,583.992676,1787209095300.7898,1787209094716.797,18:42:de:52:4a:dd,A,250
36553,1,C,431688712,583.992676,1787209095300.7898,1787209094716.797,51:56:ae:12:21:ca,D,250
553,1,C,431688712,583.992676,1787209095300.7898,1787209094716.797,56:a2:44:0e:9e:d6,F,250
36789,1,C,431688712,583.992676,1787209095300.7898,1787209094716.797,be:65:0b:2c:96:d0,E,250
138448,1,C,431688712,583.992676,1787209095300.7898,1787209094716.797,dc:4b:0a:06:03:f8,B,250
38280,1,D,17433364,534.992188,1787209096979.5906,1787209096444.5984,18:42:de:52:4a:dd,A,260
38511,1,D,17433364,534.992188,1787209096979.5906,1787209096444.5984,1e:33:a7:2f:8e:d8,C,260
138533,1,D,17433364,534.992188,1787209096979.5906,1787209096444.5984,56:a2:44:0e:9e:d6,F,260
38517,1,D,17433364,534.992188,1787209096979.5906,1787209096444.5984,be:65:0b:2c:96:d0,E,260
38280,1,D,17433364,534.992188,1787209096979.5906,1787209096444.5984,dc:4b:0a:06:03:f8,B,260
38465,1,B,3796397218,595.992676,1787209097221.0762,1787209096625.0835,18:42:de:52:4a:dd,A,260
38693,1,B,3796397218,595.992676,1787209097221.0762,1787209096625.0835,1e:33:a7:2f:8e:d8,C,260
38672,1,B,3796397218,595.992676,1787209097221.0762,1787209096625.0835,51:56:ae:12:21:ca,D,260
138713,1,B,3796397218,595.992676,1787209097221.0762,1787209096625.0835,56:a2:44:0e:9e:d6,F,260
138713,1,B,3796397218,595.992676,1787209097221.0762,1787209096625.0835,be:65:0b:2c:96:d0,E,260
40936,1,E,2832324553,610.990234,1787209099706.3796,1787209099095.3894,18:42:de:52:4a:dd,A,260
41163,1,E,2832324553,610.990234,1787209099706.3796,1787209099095.3894,1e:33:a7:2f:8e:d8,C,260
41142,1,E,2832324553,610.990234,1787209099706.3796,1787209099095.3894,51:56:ae:12:21:ca,D,260
145834,1,E,2832324553,610.990234,1787209099706.3796,1787209099095.3894,56:a2:44:0e:9e:d6,F,260
150625,1,E,2832324553,610.990234,1787209099706.3796,1787209099095.3894,dc:4b:0a:06:03:f8,B,260
583,1,F,372385581,526.994385,1787209100267.207,1787209099740.2126,18:42:de:52:4a:dd,A,260
556,1,F,372385581,526.994385,1787209100267.207,1787209099740.2126,1e:33:a7:2f:8e:d8,C,260
41787,1,F,372385581,526.994385,1787209100267.207,1787209099740.2126,51:56:ae:12:21:ca,D,260
141833,1,F,372385581,526.994385,1787209100267.207,1787209099740.2126,be:65:0b:2c:96:d0,E,260
41576,1,F,372385581,526.994385,1787209100267.207,1787209099740.2126,dc:4b:0a:06:03:f8,B,260
45188,1,A,2060705026,589.972412,1787209103987.966,1787209103397.9937,1e:33:a7:2f:8e:d8,C,260
45447,1,A,2060705026,589.972412,1787209103987.966,1787209103397.9937,51:56:ae:12:21:ca,D,260
217,1,A,2060705026,589.972412,1787209103987.966,1787209103397.9937,56:a2:44:0e:9e:d6,F,260
145492,1,A,2060705026,589.972412,1787209103987.966,1787209103397.9937,be:65:0b:2c:96:d0,E,260
156927,1,A,2060705026,589.972412,1787209103987.966,1787209103397.9937,dc:4b:0a:06:03:f8,B,260
839,1,C,431688712,647.991943,1787209105648.6614,1787209105000.6694,18:42:de:52:4a:dd,A,260
46837,1,C,431688712,647.991943,1787209105648.6614,1787209105000.6694,51:56:ae:12:21:ca,D,260
839,1,C,431688712,647.991943,1787209105648.6614,1787209105000.6694,56:a2:44:0e:9e:d6,F,260
47073,1,C,431688712,647.991943,1787209105648.6614,1787209105000.6694,be:65:0b:2c:96:d0,E,260
148732,1,C,431688712,647.991943,1787209105648.6614,1787209105000.6694,dc:4b:0a:06:03:f8,B,260
48694,1,D,17433364,601.991211,1787209107460.4395,1787209106858.4482,18:42:de:52:4a:dd,A,270
48925,1,D,17433364,601.991211,1787209107460.4395,1787209106858.4482,1e:33:a7:2f:8e:d8,C,270
148947,1,D,17433364,601.991211,1787209107460.4395,1787209106858.4482,56:a2:44:0e:9e:d6,F,270
48931,1,D,17433364,601.991211,1787209107460.4395,1787209106858.4482,be:65:0b:2c:96:d0,E,270
48694,1,D,17433364,601.991211,1787209107460.4395,1787209106858.4482,dc:4b:0a:06:03:f8,B,270
48866,1,B,3796397218,608.992432,1787209107634.9497,1787209107025.9573,18:42:de:52:4a:dd,A,270
49094,1,B,3796397218,608.992432,1787209107634.9497,1787209107025.9573,1e:33:a7:2f:8e:d8,C,270
49073,1,B,3796397218,608.992432,1787209107634.9497,1787209107025.9573,51:56:ae:12:21:ca,D,270
149114,1,B,3796397218,608.992432,1787209107634.9497,1787209107025.9573,56:a2:44:0e:9e:d6,F,270
149114,1,B,3796397218,608.992432,1787209107634.9497,1787209107025.9573,be:65:0b:2c:96:d0,E,270
51277,1,E,2832324553,609.990479,1787209110046.216,1787209109436.2256,18:42:de:52:4a:dd,A,270
51504,1,E,2832324553,609.990479,1787209110046.216,1787209109436.2256,1e:33:a7:2f:8e:d8,C,270
51483,1,E,2832324553,609.990479,1787209110046.216,1787209109436.2256,51:56:ae:12:21:ca,D,270
156175,1,E,2832324553,609.990479,1787209110046.216,1787209109436.2256,56:a2:44:0e:9e:d6,F,270
160966,0,E,2832324553,609.990479,1787209110046.216,1787209109436.2256,dc:4b:0a:06:03:f8,B,270
854,1,F,372385581,596.993652,1787209110608.0945,1787209110011.1008,18:42:de:52:4a:dd,A,270
827,1,F,372385581,596.993652,1787209110608.0945,1787209110011.1008,1e:33:a7:2f:8e:d8,C,270
52058,1,F,372385581,596.993652,1787209110608.0945,1787209110011.1008,51:56:ae:12:21:ca,D,270
152104,1,F,372385581,596.993652,1787209110608.0945,1787209110011.1008,be:65:0b:2c:96:d0,E,270
51847,1,F,372385581,596.993652,1787209110608.0945,1787209110011.1008,dc:4b:0a:06:03:f8,B,270
55530,1,A,2060705026,623.970947,1787209114363.4832,1787209113739.5122,1e:33:a7:2f:8e:d8,C,270
55789,1,A,2060705026,623.970947,1787209114363.4832,1787209113739.5122,51:56:ae:12:21:ca,D,270
557,1,A,2060705026,623.970947,1787209114363.4832,1787209113739.5122,56:a2:44:0e:9e:d6,F,270
155834,0,A,2060705026,623.970947,1787209114363.4832,1787209113739.5122,be:65:0b:2c:96:d0,E,270
167269,1,A,2060705026,623.970947,1787209114363.4832,1787209113739.5122,dc:4b:0a:06:03:f8,B,270
102,1,C,431688712,580.992676,1787209115844.535,1787209115263.5422,18:42:de:52:4a:dd,A,270
57100,1,C,431688712,580.992676,1787209115844.535,1787209115263.5422,51:56:ae:12:21:ca,D,270
102,1,C,431688712,580.992676,1787209115844.535,1787209115263.5422,56:a2:44:0e:9e:d6,F,270
57336,1,C,431688712,580.992676,1787209115844.535,1787209115263.5422,be:65:0b:2c:96:d0,E,270
158995,1,C,431688712,580.992676,1787209115844.535,1787209115263.5422,dc:4b:0a:06:03:f8,B,270
59097,1,D,17433364,648.990723,1787209117910.289,1787209117261.2983,18:42:de:52:4a:dd,A,280
59328,1,D,17433364,648.990723,1787209117910.289,1787209117261.2983,1e:33:a7:2f:8e:d8,C,280
159350,0,D,17433364,648.990723,1787209117910.289,1787209117261.2983,56:a2:44:0e:9e:d6,F,280
59334,1,D,17433364,648.990723,1787209117910.289,1787209117261.2983,be:65:0b:2c:96:d0,E,280
59097,1,D,17433364,648.990723,1787209117910.289,1787209117261.2983,dc:4b:0a:06:03:f8,B,280
59256,1,B,3796397218,634.992188,1787209118050.8232,1787209117415.831,18:42:de:52:4a:dd,A,280
59484,1,B,3796397218,634.992188,1787209118050.8232,1787209117415.831,1e:33:a7:2f:8e:d8,C,280
59463,1,B,3796397218,634.992188,1787209118050.8232,1787209117415.831,51:56:ae:12:21:ca,D,280
159504,1,B,3796397218,634.992188,1787209118050.8232,1787209117415.831,56:a2:44:0e:9e:d6,F,280
159504,0,B,3796397218,634.992188,1787209118050.8232,1787209117415.831,be:65:0b:2c:96:d0,E,280
61649,1,E,2832324553,663.989502,1787209120472.051,1787209119808.0615,18:42:de:52:4a:dd,A,280
61876,1,E,2832324553,663.989502,1787209120472.051,1787209119808.0615,1e:33:a7:2f:8e:d8,C,280
61855,1,E,2832324553,663.989502,1787209120472.051,1787209119808.0615,51:56:ae:12:21:ca,D,280
166547,1,E,2832324553,663.989502,1787209120472.051,1787209119808.0615,56:a2:44:0e:9e:d6,F,280
171338,0,E,2832324553,663.989502,1787209120472.051,1787209119808.0615,dc:4b:0a:06:03:f8,B,280
183,1,F,372385581,531.994141,1787209120870.9827,1787209120338.9885,18:42:de:52:4a:dd,A,280
155,1,F,372385581,531.994141,1787209120870.9827,1787209120338.9885,1e:33:a7:2f:8e:d8,C,280
62386,1,F,372385581,531.994141,1787209120870.9827,1787209120338.9885,51:56:ae:12:21:ca,D,280
162432,0,F,372385581,531.994141,1787209120870.9827,1787209120338.9885,be:65:0b:2c:96:d0,E,280
62175,1,F,372385581,531.994141,1787209120870.9827,1787209120338.9885,dc:4b:0a:06:03:f8,B,280
65936,1,A,2060705026,598.972168,1787209124744.0,1787209124145.0278,1e:33:a7:2f:8e:d8,C,280
66195,1,A,2060705026,598.972168,1787209124744.0,1787209124145.0278,51:56:ae:12:21:ca,D,280
455,1,A,2060705026,598.972168,1787209124744.0,1787209124145.0278,56:a2:44:0e:9e:d6,F,280
166240,0,A,2060705026,598.972168,1787209124744.0,1787209124145.0278,be:65:0b:2c:96:d0,E,280
177675,0,A,2060705026,598.972168,1787209124744.0,1787209124145.0278,dc:4b:0a:06:03:f8,B,280
374,1,C,431688712,586.992676,1787209126123.4072,1787209125536.4146,18:42:de:52:4a:dd,A,280
67373,1,C,431688712,586.992676,1787209126123.4072,1787209125536.4146,51:56:ae:12:21:ca,D,280
374,1,C,431688712,586.992676,1787209126123.4072,1787209125536.4146,56:a2:44:0e:9e:d6,F,280
67609,1,C,431688712,586.992676,1787209126123.4072,1787209125536.4146,be:65:0b:2c:96:d0,E,280
169268,1,C,431688712,586.992676,1787209126123.4072,1787209125536.4146,dc:4b:0a:06:03:f8,B,280
69531,1,D,17433364,570.991699,1787209128266.1396,1787209127695.148,18:42:de:52:4a:dd,A,290
69762,1,D,17433364,570.991699,1787209128266.1396,1787209127695.148,1e:33:a7:2f:8e:d8,C,290
169784,0,D,17433364,570.991699,1787209128266.1396,1787209127695.148,56:a2:44:0e:9e:d6,F,290
69768,1,D,17433364,570.991699,1787209128266.1396,1787209127695.148,be:65:0b:2c:96:d0,E,290
69531,1,D,17433364,570.991699,1787209128266.1396,1787209127695.148,dc:4b:0a:06:03:f8,B,290
69676,1,B,3796397218,623.992432,1787209128459.6968,1787209127835.7043,18:42:de:52:4a:dd,A,290
69904,1,B,3796397218,623.992432,1787209128459.6968,1787209127835.7043,1e:33:a7:2f:8e:d8,C,290
69883,1,B,3796397218,623.992432,1787209128459.6968,1787209127835.7043,51:56:ae:12:21:ca,D,290
169924,1,B,3796397218,623.992432,1787209128459.6968,1787209127835.7043,56:a2:44:0e:9e:d6,F,290
169924,0,B,3796397218,623.992432,1787209128459.6968,1787209127835.7043,be:65:0b:2c:96:d0,E,290
72028,1,E,2832324553,630.98999,1787209130817.8872,1787209130186.8972,18:42:de:52:4a:dd,A,290
72255,1,E,2832324553,630.98999,1787209130817.8872,1787209130186.8972,1e:33:a7:2f:8e:d8,C,290
72234,1,E,2832324553,630.98999,1787209130817.8872,1787209130186.8972,51:56:ae:12:21:ca,D,290
176926,0,E,2832324553,630.98999,1787209130817.8872,1787209130186.8972,56:a2:44:0e:9e:d6,F,290
181717,0,E,2832324553,630.98999,1787209130817.8872,1787209130186.8972,dc:4b:0a:06:03:f8,B,290
533,1,F,372385581,583.993652,1787209131272.8694,1787209130688.8757,18:42:de:52:4a:dd,A,290
506,1,F,372385581,583.993652,1787209131272.8694,1787209130688.8757,1e:33:a7:2f:8e:d8,C,290
72736,1,F,372385581,583.993652,1787209131272.8694,1787209130688.8757,51:56:ae:12:21:ca,D,290
172782,0,F,372385581,583.993652,1787209131272.8694,1787209130688.8757,be:65:0b:2c:96:d0,E,290
72525,1,F,372385581,583.993652,1787209131272.8694,1787209130688.8757,dc:4b:0a:06:03:f8,B,290
76271,1,A,2060705026,587.972656,1787209135067.5195,1787209134479.5469,1e:33:a7:2f:8e:d8,C,290
76530,1,A,2060705026,587.972656,1787209135067.5195,1787209134479.5469,51:56:ae:12:21:ca,D,290
302,1,A,2060705026,587.972656,1787209135067.5195,1787209134479.5469,56:a2:44:0e:9e:d6,F,290
176575,0,A,2060705026,587.972656,1787209135067.5195,1787209134479.5469,be:65:0b:2c:96:d0,E,290
188010,0,A,2060705026,587.972656,1787209135067.5195,1787209134479.5469,dc:4b:0a:06:03:f8,B,290
661,1,C,431688712,595.992676,1787209136419.2795,1787209135823.2869,18:42:de:52:4a:dd,A,290
77660,1,C,431688712,595.992676,1787209136419.2795,1787209135823.2869,51:56:ae:12:21:ca,D,290
661,1,C,431688712,595.992676,1787209136419.2795,1787209135823.2869,56:a2:44:0e:9e:d6,F,290
77896,1,C,431688712,595.992676,1787209136419.2795,1787209135823.2869,be:65:0b:2c:96:d0,E,290
179555,0,C,431688712,595.992676,1787209136419.2795,1787209135823.2869,dc:4b:0a:06:03:f8,B,290
130,1,D,17433364,493.99292,1787209138548.9915,1787209138054.9985,18:42:de:52:4a:dd,A,300
80122,1,D,17433364,493.99292,1787209138548.9915,1787209138054.9985,1e:33:a7:2f:8e:d8,C,300
180144,0,D,17433364,493.99292,1787209138548.9915,1787209138054.9985,56:a2:44:0e:9e:d6,F,300
130,1,D,17433364,493.99292,1787209138548.9915,1787209138054.9985,be:65:0b:2c:96:d0,E,300
79891,1,D,17433364,493.99292,1787209138548.9915,1787209138054.9985,dc:4b:0a:06:03:f8,B,300
42,1,B,3796397218,493.993896,1787209138691.5725,1787209138197.5786,18:42:de:52:4a:dd,A,300
80266,1,B,3796397218,493.993896,1787209138691.5725,1787209138197.5786,1e:33:a7:2f:8e:d8,C,300
80245,1,B,3796397218,493.993896,1787209138691.5725,1787209138197.5786,51:56:ae:12:21:ca,D,300
180286,0,B,3796397218,493.993896,1787209138691.5725,1787209138197.5786,56:a2:44:0e:9e:d6,F,300
272,1,B,3796397218,493.993896,1787209138691.5725,1787209138197.5786,be:65:0b:2c:96:d0,E,300
7,1,E,2832324553,571.990723,1787209141134.7239,1787209140562.7332,18:42:de:52:4a:dd,A,300
2636,1,E,2832324553,571.990723,1787209141134.7239,1787209140562.7332,1e:33:a7:2f:8e:d8,C,300
82610,1,E,2832324553,571.990723,1787209141134.7239,1787209140562.7332,51:56:ae:12:21:ca,D,300
187302,0,E,2832324553,571.990723,1787209141134.7239,1787209140562.7332,56:a2:44:0e:9e:d6,F,300
192093,0,E,2832324553,571.990723,1787209141134.7239,1787209140562.7332,dc:4b:0a:06:03:f8,B,300
309,1,F,372385581,450.995117,1787209141320.76,1787209140869.765,18:42:de:52:4a:dd,A,300
280,1,F,372385581,450.995117,1787209141320.76,1787209140869.765,1e:33:a7:2f:8e:d8,C,300
2239,1,F,372385581,450.995117,1787209141320.76,1787209140869.765,51:56:ae:12:21:ca,D,300
280,1,F,372385581,450.995117,1787209141320.76,1787209140869.765,be:65:0b:2c:96:d0,E,300
309,1,F,372385581,450.995117,1787209141320.76,1787209140869.765,dc:4b:0a:06:03:f8,B,300
86634,1,A,2060705026,585.972656,1787209145428.037,1787209144842.0645,1e:33:a7:2f:8e:d8,C,300
6211,1,A,2060705026,585.972656,1787209145428.037,1787209144842.0645,51:56:ae:12:21:ca,D,300
1826,1,A,2060705026,585.972656,1787209145428.037,1787209144842.0645,56:a2:44:0e:9e:d6,F,300
4226,1,A,2060705026,585.972656,1787209145428.037,1787209144842.0645,be:65:0b:2c:96:d0,E,300
6681,1,A,2060705026,585.972656,1787209145428.037,1787209144842.0645,dc:4b:0a:06:03:f8,B,300
114,1,C,431688712,741.990723,1787209146900.1494,1787209146158.1587,18:42:de:52:4a:dd,A,300
7528,1,C,431688712,741.990723,1787209146900.1494,1787209146158.1587,51:56:ae:12:21:ca,D,300
114,1,C,431688712,741.990723,1787209146900.1494,1787209146158.1587,56:a2:44:0e:9e:d6,F,300
5515,1,C,431688712,741.990723,1787209146900.1494,1787209146158.1587,be:65:0b:2c:96:d0,E,300
797,1,C,431688712,741.990723,1787209146900.1494,1787209146158.1587,dc:4b:0a:06:03:f8,B,300
3134,1,D,17433364,592.991455,1787209149082.8398,1787209148489.8484,18:42:de:52:4a:dd,A,310
90557,1,D,17433364,592.991455,1787209149082.8398,1787209148489.8484,1e:33:a7:2f:8e:d8,C,310
5475,1,D,17433364,592.991455,1787209149082.8398,1787209148489.8484,56:a2:44:0e:9e:d6,F,310
2021,1,D,17433364,592.991455,1787209149082.8398,1787209148489.8484,be:65:0b:2c:96:d0,E,310
5525,1,D,17433364,592.991455,1787209149082.8398,1787209148489.8484,dc:4b:0a:06:03:f8,B,310
3282,1,B,3796397218,614.992676,1787209149252.4443,1787209148637.4517,18:42:de:52:4a:dd,A,310
5651,1,B,3796397218,614.992676,1787209149252.4443,1787209148637.4517,1e:33:a7:2f:8e:d8,C,310
10007,1,B,3796397218,614.992676,1787209149252.4443,1787209148637.4517,51:56:ae:12:21:ca,D,310
5679,1,B,3796397218,614.992676,1787209149252.4443,1787209148637.4517,56:a2:44:0e:9e:d6,F,310
2170,1,B,3796397218,614.992676,1787209149252.4443,1787209148637.4517,be:65:0b:2c:96:d0,E,310
5599,1,E,2832324553,625.98999,1787209151579.5586,1787209150953.5686,18:42:de:52:4a:dd,A,310
13027,1,E,2832324553,625.98999,1787209151579.5586,1787209150953.5686,1e:33:a7:2f:8e:d8,C,310
93001,1,E,2832324553,625.98999,1787209151579.5586,1787209150953.5686,51:56:ae:12:21:ca,D,310
7938,1,E,2832324553,625.98999,1787209151579.5586,1787209150953.5686,56:a2:44:0e:9e:d6,F,310
7991,1,E,2832324553,625.98999,1787209151579.5586,1787209150953.5686,dc:4b:0a:06:03:f8,B,310
46,1,F,372385581,571.993652,1787209151773.6462,1787209151201.6526,18:42:de:52:4a:dd,A,310
19,1,F,372385581,571.993652,1787209151773.6462,1787209151201.6526,1e:33:a7:2f:8e:d8,C,310
12571,1,F,372385581,571.993652,1787209151773.6462,1787209151201.6526,51:56:ae:12:21:ca,D,310
4733,1,F,372385581,571.993652,1787209151773.6462,1787209151201.6526,be:65:0b:2c:96:d0,E,310
10641,1,F,372385581,571.993652,1787209151773.6462,1787209151201.6526,dc:4b:0a:06:03:f8,B,310
9775,1,A,2060705026,594.972412,1787209155780.5554,1787209155185.583,1e:33:a7:2f:8e:d8,C,310
16555,1,A,2060705026,594.972412,1787209155780.5554,1787209155185.583,51:56:ae:12:21:ca,D,310
6,1,A,2060705026,594.972412,1787209155780.5554,1787209155185.583,56:a2:44:0e:9e:d6,F,310
8717,1,A,2060705026,594.972412,1787209155780.5554,1787209155185.583,be:65:0b:2c:96:d0,E,310
17025,1,A,2060705026,594.972412,1787209155780.5554,1787209155185.583,dc:4b:0a:06:03:f8,B,310
8,1,C,431688712,610.992432,1787209157034.0237,1787209156423.0312,18:42:de:52:4a:dd,A,320
17793,1,C,431688712,610.992432,1787209157034.0237,1787209156423.0312,51:56:ae:12:21:ca,D,320
8,1,C,431688712,610.992432,1787209157034.0237,1787209156423.0312,56:a2:44:0e:9e:d6,F,320
9954,1,C,431688712,610.992432,1787209157034.0237,1787209156423.0312,be:65:0b:2c:96:d0,E,320
11062,1,C,431688712,610.992432,1787209157034.0237,1787209156423.0312,dc:4b:0a:06:03:f8,B,320
13568,1,D,17433364,581.991455,1787209159505.6895,1787209158923.698,18:42:de:52:4a:dd,A,320
100991,1,D,17433364,581.991455,1787209159505.6895,1787209158923.698,1e:33:a7:2f:8e:d8,C,320
15909,1,D,17433364,581.991455,1787209159505.6895,1787209158923.698,56:a2:44:0e:9e:d6,F,320
12455,1,D,17433364,581.991455,1787209159505.6895,1787209158923.698,be:65:0b:2c:96:d0,E,320
15959,1,D,17433364,581.991455,1787209159505.6895,1787209158923.698,dc:4b:0a:06:03:f8,B,320
13705,1,B,3796397218,604.992676,1787209159665.3179,1787209159060.3252,18:42:de:52:4a:dd,A,320
16074,1,B,3796397218,604.992676,1787209159665.3179,1787209159060.3252,1e:33:a7:2f:8e:d8,C,320
20430,1,B,3796397218,604.992676,1787209159665.3179,1787209159060.3252,51:56:ae:12:21:ca,D,320
16102,1,B,3796397218,604.992676,1787209159665.3179,1787209159060.3252,56:a2:44:0e:9e:d6,F,320
12593,1,B,3796397218,604.992676,1787209159665.3179,1787209159060.3252,be:65:0b:2c:96:d0,E,320
15984,1,E,2832324553,627.98999,1787209161966.3943,1787209161338.4043,18:42:de:52:4a:dd,A,320
23412,1,E,2832324553,627.98999,1787209161966.3943,1787209161338.4043,1e:33:a7:2f:8e:d8,C,320
103386,1,E,2832324553,627.98999,1787209161966.3943,1787209161338.4043,51:56:ae:12:21:ca,D,320
18323,1,E,2832324553,627.98999,1787209161966.3943,1787209161338.4043,56:a2:44:0e:9e:d6,F,320
18376,1,E,2832324553,627.98999,1787209161966.3943,1787209161338.4043,dc:4b:0a:06:03:f8,B,320
34,1,F,372385581,488.994629,1787209161934.5356,1787209161445.541,18:42:de:52:4a:dd,A,320
264,1,F,372385581,488.994629,1787209161934.5356,1787209161445.541,1e:33:a7:2f:8e:d8,C,320
22815,1,F,372385581,488.994629,1787209161934.5356,1787209161445.541,51:56:ae:12:21:ca,D,320
14977,1,F,372385581,488.994629,1787209161934.5356,1787209161445.541,be:65:0b:2c:96:d0,E,320
20885,1,F,372385581,488.994629,1787209161934.5356,1787209161445.541,dc:4b:0a:06:03:f8,B,320
20151,1,A,2060705026,562.973877,1787209166124.074,1787209165561.1,1e:33:a7:2f:8e:d8,C,320
26931,1,A,2060705026,562.973877,1787209166124.074,1787209165561.1,51:56:ae:12:21:ca,D,320
383,1,A,2060705026,562.973877,1787209166124.074,1787209165561.1,56:a2:44:0e:9e:d6,F,320
19093,1,A,2060705026,562.973877,1787209166124.074,1787209165561.1,be:65:0b:2c:96:d0,E,320
27401,1,A,2060705026,562.973877,1787209166124.074,1787209165561.1,dc:4b:0a:06:03:f8,B,320
537,1,C,431688712,593.992432,1787209167291.8962,1787209166697.9038,18:42:de:52:4a:dd,A,330
28068,1,C,431688712,593.992432,1787209167291.8962,1787209166697.9038,51:56:ae:12:21:ca,D,330
537,1,C,431688712,593.992432,1787209167291.8962,1787209166697.9038,56:a2:44:0e:9e:d6,F,330
20229,1,C,431688712,593.992432,1787209167291.8962,1787209166697.9038,be:65:0b:2c:96:d0,E,330
21337,1,C,431688712,593.992432,1787209167291.8962,1787209166697.9038,dc:4b:0a:06:03:f8,B,330
23888,1,D,17433364,581.991699,1787209169825.5408,1787209169243.549,18:42:de:52:4a:dd,A,330
111311,1,D,17433364,581.991699,1787209169825.5408,1787209169243.549,1e:33:a7:2f:8e:d8,C,330
26229,1,D,17433364,581.991699,1787209169825.5408,1787209169243.549,56:a2:44:0e:9e:d6,F,330
22775,1,D,17433364,581.991699,1787209169825.5408,1787209169243.549,be:65:0b:2c:96:d0,E,330
26279,1,D,17433364,581.991699,1787209169825.5408,1787209169243.549,dc:4b:0a:06:03:f8,B,330
24130,1,B,3796397218,600.992676,1787209170086.1912,1787209169485.1985,18:42:de:52:4a:dd,A,330
26499,1,B,3796397218,600.992676,1787209170086.1912,1787209169485.1985,1e:33:a7:2f:8e:d8,C,330
30855,1,B,3796397218,600.992676,1787209170086.1912,1787209169485.1985,51:56:ae:12:21:ca,D,330
26527,1,B,3796397218,600.992676,1787209170086.1912,1787209169485.1985,56:a2:44:0e:9e:d6,F,330
23018,1,B,3796397218,600.992676,1787209170086.1912,1787209169485.1985,be:65:0b:2c:96:d0,E,330
26377,1,E,2832324553,617.990234,1787209172349.23,1787209171731.2397,18:42:de:52:4a:dd,A,330
33805,1,E,2832324553,617.990234,1787209172349.23,1787209171731.2397,1e:33:a7:2f:8e:d8,C,330
113779,1,E,2832324553,617.990234,1787209172349.23,1787209171731.2397,51:56:ae:12:21:ca,D,330
28716,1,E,2832324553,617.990234,1787209172349.23,1787209171731.2397,56:a2:44:0e:9e:d6,F,330
28769,1,E,2832324553,617.990234,1787209172349.23,1787209171731.2397,dc:4b:0a:06:03:f8,B,330
614,1,F,372385581,526.994141,1787209172296.4229,1787209171769.4287,18:42:de:52:4a:dd,A,330
587,1,F,372385581,526.994141,1787209172296.4229,1787209171769.4287,1e:33:a7:2f:8e:d8,C,330
33139,1,F,372385581,526.994141,1787209172296.4229,1787209171769.4287,51:56:ae:12:21:ca,D,330
25301,1,F,372385581,526.994141,1787209172296.4229,1787209171769.4287,be:65:0b:2c:96:d0,E,330
31209,1,F,372385581,526.994141,1787209172296.4229,1787209171769.4287,dc:4b:0a:06:03:f8,B,330
30485,1,A,2060705026,618.971191,1787209176513.5903,1787209175894.6191,1e:33:a7:2f:8e:d8,C,330
37265,1,A,2060705026,618.971191,1787209176513.5903,1787209175894.6191,51:56:ae:12:21:ca,D,330
715,1,A,2060705026,618.971191,1787209176513.5903,1787209175894.6191,56:a2:44:0e:9e:d6,F,330
29427,1,A,2060705026,618.971191,1787209176513.5903,1787209175894.6191,be:65:0b:2c:96:d0,E,330
37735,1,A,2060705026,618.971191,1787209176513.5903,1787209175894.6191,dc:4b:0a:06:03:f8,B,330
569,1,C,431688712,631.992188,1787209177614.7683,1787209176982.7761,18:42:de:52:4a:dd,A,340
38353,1,C,431688712,631.992188,1787209177614.7683,1787209176982.7761,51:56:ae:12:21:ca,D,340
569,1,C,431688712,631.992188,1787209177614.7683,1787209176982.7761,56:a2:44:0e:9e:d6,F,340
30514,1,C,431688712,631.992188,1787209177614.7683,1787209176982.7761,be:65:0b:2c:96:d0,E,340
31622,1,C,431688712,631.992188,1787209177614.7683,1787209176982.7761,dc:4b:0a:06:03:f8,B,340
34326,1,D,17433364,576.991699,1787209180258.3904,1787209179681.3987,18:42:de:52:4a:dd,A,340
121749,1,D,17433364,576.991699,1787209180258.3904,1787209179681.3987,1e:33:a7:2f:8e:d8,C,340
36667,1,D,17433364,576.991699,1787209180258.3904,1787209179681.3987,56:a2:44:0e:9e:d6,F,340
33213,1,D,17433364,576.991699,1787209180258.3904,1787209179681.3987,be:65:0b:2c:96:d0,E,340
36717,1,D,17433364,576.991699,1787209180258.3904,1787209179681.3987,dc:4b:0a:06:03:f8,B,340
34530,1,B,3796397218,589.992676,1787209180475.065,1787209179885.0723,18:42:de:52:4a:dd,A,340
36899,1,B,3796397218,589.992676,1787209180475.065,1787209179885.0723,1e:33:a7:2f:8e:d8,C,340
41255,1,B,3796397218,589.992676,1787209180475.065,1787209179885.0723,51:56:ae:12:21:ca,D,340
36927,1,B,3796397218,589.992676,1787209180475.065,1787209179885.0723,56:a2:44:0e:9e:d6,F,340
33418,1,B,3796397218,589.992676,1787209180475.065,1787209179885.0723,be:65:0b:2c:96:d0,E,340
36751,1,E,2832324553,624.98999,1787209182730.0657,1787209182105.0757,18:42:de:52:4a:dd,A,340
44179,1,E,2832324553,624.98999,1787209182730.0657,1787209182105.0757,1e:33:a7:2f:8e:d8,C,340
124153,1,E,2832324553,624.98999,1787209182730.0657,1787209182105.0757,51:56:ae:12:21:ca,D,340
39090,1,E,2832324553,624.98999,1787209182730.0657,1787209182105.0757,56:a2:44:0e:9e:d6,F,340
39143,1,E,2832324553,624.98999,1787209182730.0657,1787209182105.0757,dc:4b:0a:06:03:f8,B,340
991,1,F,372385581,548.993896,1787209182695.3096,1787209182146.3157,18:42:de:52:4a:dd,A,340
964,1,F,372385581,548.993896,1787209182695.3096,1787209182146.3157,1e:33:a7:2f:8e:d8,C,340
43516,1,F,372385581,548.993896,1787209182695.3096,1787209182146.3157,51:56:ae:12:21:ca,D,340
35678,1,F,372385581,548.993896,1787209182695.3096,1787209182146.3157,be:65:0b:2c:96:d0,E,340
41586,1,F,372385581,548.993896,1787209182695.3096,1787209182146.3157,dc:4b:0a:06:03:f8,B,340
40818,1,A,2060705026,594.972168,1787209186822.1104,1787209186227.1382,1e:33:a7:2f:8e:d8,C,350
47598,1,A,2060705026,594.972168,1787209186822.1104,1787209186227.1382,51:56:ae:12:21:ca,D,350
47,1,A,2060705026,594.972168,1787209186822.1104,1787209186227.1382,56:a2:44:0e:9e:d6,F,350
39760,1,A,2060705026,594.972168,1787209186822.1104,1787209186227.1382,be:65:0b:2c:96:d0,E,350
48068,1,A,2060705026,594.972168,1787209186822.1104,1787209186227.1382,dc:4b:0a:06:03:f8,B,350
66,1,C,431688712,582.992676,1787209187808.6416,1787209187225.649,18:42:de:52:4a:dd,A,350
48596,1,C,431688712,582.992676,1787209187808.6416,1787209187225.649,51:56:ae:12:21:ca,D,350
66,1,C,431688712,582.992676,1787209187808.6416,1787209187225.649,56:a2:44:0e:9e:d6,F,350
40757,1,C,431688712,582.992676,1787209187808.6416,1787209187225.649,be:65:0b:2c:96:d0,E,350
41865,1,C,431688712,582.992676,1787209187808.6416,1787209187225.649,dc:4b:0a:06:03:f8,B,350
44749,1,D,17433364,557.991943,1787209190662.2405,1787209190104.2485,18:42:de:52:4a:dd,A,350
132172,1,D,17433364,557.991943,1787209190662.2405,1787209190104.2485,1e:33:a7:2f:8e:d8,C,350
47090,1,D,17433364,557.991943,1787209190662.2405,1787209190104.2485,56:a2:44:0e:9e:d6,F,350
43636,1,D,17433364,557.991943,1787209190662.2405,1787209190104.2485,be:65:0b:2c:96:d0,E,350
47140,1,D,17433364,557.991943,1787209190662.2405,1787209190104.2485,dc:4b:0a:06:03:f8,B,350
44918,1,B,3796397218,605.992676,1787209190878.9387,1787209190272.946,18:42:de:52:4a:dd,A,350
47287,1,B,3796397218,605.992676,1787209190878.9387,1787209190272.946,1e:33:a7:2f:8e:d8,C,350
51643,1,B,3796397218,605.992676,1787209190878.9387,1787209190272.946,51:56:ae:12:21:ca,D,350
47315,1,B,3796397218,605.992676,1787209190878.9387,1787209190272.946,56:a2:44:0e:9e:d6,F,350
43806,1,B,3796397218,605.992676,1787209190878.9387,1787209190272.946,be:65:0b:2c:96:d0,E,350
47069,1,E,2832324553,653.989502,1787209193076.9019,1787209192422.9124,18:42:de:52:4a:dd,A,350
54497,1,E,2832324553,653.989502,1787209193076.9019,1787209192422.9124,1e:33:a7:2f:8e:d8,C,350
134471,1,E,2832324553,653.989502,1787209193076.9019,1787209192422.9124,51:56:ae:12:21:ca,D,350
49408,1,E,2832324553,653.989502,1787209193076.9019,1787209192422.9124,56:a2:44:0e:9e:d6,F,350
49461,1,E,2832324553,653.989502,1787209193076.9019,1787209192422.9124,dc:4b:0a:06:03:f8,B,350
305,1,F,372385581,476.994873,1787209192935.1982,1787209192458.2034,18:42:de:52:4a:dd,A,350
23,1,F,372385581,476.994873,1787209192935.1982,1787209192458.2034,1e:33:a7:2f:8e:d8,C,350
53828,1,F,372385581,476.994873,1787209192935.1982,1787209192458.2034,51:56:ae:12:21:ca,D,350
45990,1,F,372385581,476.994873,1787209192935.1982,1787209192458.2034,be:65:0b:2c:96:d0,E,350
51898,1,F,372385581,476.994873,1787209192935.1982,1787209192458.2034,dc:4b:0a:06:03:f8,B,350
51164,1,A,2060705026,546.974609,1787209197119.631,1787209196572.6565,1e:33:a7:2f:8e:d8,C,360
57944,1,A,2060705026,546.974609,1787209197119.631,1787209196572.6565,51:56:ae:12:21:ca,D,360
397,1,A,2060705026,546.974609,1787209197119.631,1787209196572.6565,56:a2:44:0e:9e:d6,F,360
50106,1,A,2060705026,546.974609,1787209197119.631,1787209196572.6565,be:65:0b:2c:96:d0,E,360
58414,1,A,2060705026,546.974609,1787209197119.631,1787209196572.6565,dc:4b:0a:06:03:f8,B,360
340,1,C,431688712,581.992676,1787209198081.5142,1787209197499.5215,18:42:de:52:4a:dd,A,360
58870,1,C,431688712,581.992676,1787209198081.5142,1787209197499.5215,51:56:ae:12:21:ca,D,360
340,1,C,431688712,581.992676,1787209198081.5142,1787209197499.5215,56:a2:44:0e:9e:d6,F,360
51031,1,C,431688712,581.992676,1787209198081.5142,1787209197499.5215,be:65:0b:2c:96:d0,E,360
52139,1,C,431688712,581.992676,1787209198081.5142,1787209197499.5215,dc:4b:0a:06:03:f8,B,360
55135,1,D,17433364,605.991211,1787209201096.09,1787209200490.0989,18:42:de:52:4a:dd,A,360
142558,1,D,17433364,605.991211,1787209201096.09,1787209200490.0989,1e:33:a7:2f:8e:d8,C,360
57476,1,D,17433364,605.991211,1787209201096.09,1787209200490.0989,56:a2:44:0e:9e:d6,F,360
54022,1,D,17433364,605.991211,1787209201096.09,1787209200490.0989,be:65:0b:2c:96:d0,E,360
57526,1,D,17433364,605.991211,1787209201096.09,1787209200490.0989,dc:4b:0a:06:03:f8,B,360
55342,1,B,3796397218,591.99292,1787209201288.8123,1787209200696.8193,18:42:de:52:4a:dd,A,360
57711,1,B,3796397218,591.99292,1787209201288.8123,1787209200696.8193,1e:33:a7:2f:8e:d8,C,360
62067,1,B,3796397218,591.99292,1787209201288.8123,1787209200696.8193,51:56:ae:12:21:ca,D,360
57739,1,B,3796397218,591.99292,1787209201288.8123,1787209200696.8193,56:a2:44:0e:9e:d6,F,360
54230,1,B,3796397218,591.99292,1787209201288.8123,1787209200696.8193,be:65:0b:2c:96:d0,E,360
57429,1,E,2832324553,617.990234,1787209203400.7385,1787209202782.7483,18:42:de:52:4a:dd,A,360
64857,1,E,2832324553,617.990234,1787209203400.7385,1787209202782.7483,1e:33:a7:2f:8e:d8,C,360
144831,1,E,2832324553,617.990234,1787209203400.7385,1787209202782.7483,51:56:ae:12:21:ca,D,360
59768,1,E,2832324553,617.990234,1787209203400.7385,1787209202782.7483,56:a2:44:0e:9e:d6,F,360
59821,1,E,2832324553,617.990234,1787209203400.7385,1787209202782.7483,dc:4b:0a:06:03:f8,B,360
654,1,F,372385581,574.993652,1787209203382.0845,1787209202807.0908,18:42:de:52:4a:dd,A,360
627,1,F,372385581,574.993652,1787209203382.0845,1787209202807.0908,1e:33:a7:2f:8e:d8,C,360
64177,1,F,372385581,574.993652,1787209203382.0845,1787209202807.0908,51:56:ae:12:21:ca,D,360
56339,1,F,372385581,574.993652,1787209203382.0845,1787209202807.0908,be:65:0b:2c:96:d0,E,360
62247,1,F,372385581,574.993652,1787209203382.0845,1787209202807.0908,dc:4b:0a:06:03:f8,B,360
61524,1,A,2060705026,666.968994,1787209207599.1433,1787209206932.1743,1e:33:a7:2f:8e:d8,C,370
68304,1,A,2060705026,666.968994,1787209207599.1433,1787209206932.1743,51:56:ae:12:21:ca,D,370
501,1,A,2060705026,666.968994,1787209207599.1433,1787209206932.1743,56:a2:44:0e:9e:d6,F,370
60466,1,A,2060705026,666.968994,1787209207599.1433,1787209206932.1743,be:65:0b:2c:96:d0,E,370
68774,1,A,2060705026,666.968994,1787209207599.1433,1787209206932.1743,dc:4b:0a:06:03:f8,B,370
628,1,C,431688712,589.992676,1787209208376.3865,1787209207786.3938,18:42:de:52:4a:dd,A,370
69157,1,C,431688712,589.992676,1787209208376.3865,1787209207786.3938,51:56:ae:12:21:ca,D,370
628,1,C,431688712,589.992676,1787209208376.3865,1787209207786.3938,56:a2:44:0e:9e:d6,F,370
61318,1,C,431688712,589.992676,1787209208376.3865,1787209207786.3938,be:65:0b:2c:96:d0,E,370
62426,1,C,431688712,589.992676,1787209208376.3865,1787209207786.3938,dc:4b:0a:06:03:f8,B,370
65586,1,D,17433364,571.991699,1787209211512.94,1787209210940.9482,18:42:de:52:4a:dd,A,370
153009,1,D,17433364,571.991699,1787209211512.94,1787209210940.9482,1e:33:a7:2f:8e:d8,C,370
67927,1,D,17433364,571.991699,1787209211512.94,1787209210940.9482,56:a2:44:0e:9e:d6,F,370
64473,1,D,17433364,571.991699,1787209211512.94,1787209210940.9482,be:65:0b:2c:96:d0,E,370
67977,1,D,17433364,571.991699,1787209211512.94,1787209210940.9482,dc:4b:0a:06:03:f8,B,370
65760,1,B,3796397218,617.992432,1787209211732.6853,1787209211114.6929,18:42:de:52:4a:dd,A,370
68129,1,B,3796397218,617.992432,1787209211732.6853,1787209211114.6929,1e:33:a7:2f:8e:d8,C,370
72485,1,B,3796397218,617.992432,1787209211732.6853,1787209211114.6929,51:56:ae:12:21:ca,D,370
68157,1,B,3796397218,617.992432,1787209211732.6853,1787209211114.6929,56:a2:44:0e:9e:d6,F,370
64648,1,B,3796397218,617.992432,1787209211732.6853,1787209211114.6929,be:65:0b:2c:96:d0,E,370
954,1,F,372385581,531.994385,1787209213637.973,1787209213105.9785,18:42:de:52:4a:dd,A,370
926,1,F,372385581,531.994385,1787209213637.973,1787209213105.9785,1e:33:a7:2f:8e:d8,C,370
74476,1,F,372385581,531.994385,1787209213637.973,1787209213105.9785,51:56:ae:12:21:ca,D,370
66638,1,F,372385581,531.994385,1787209213637.973,1787209213105.9785,be:65:0b:2c:96:d0,E,370
72546,1,F,372385581,531.994385,1787209213637.973,1787209213105.9785,dc:4b:0a:06:03:f8,B,370
67786,1,E,2832324553,607.990234,1787209213747.5747,1787209213139.5845,18:42:de:52:4a:dd,A,370
75214,1,E,2832324553,607.990234,1787209213747.5747,1787209213139.5845,1e:33:a7:2f:8e:d8,C,370
155188,1,E,2832324553,607.990234,1787209213747.5747,1787209213139.5845,51:56:ae:12:21:ca,D,370
70125,1,E,2832324553,607.990234,1787209213747.5747,1787209213139.5845,56:a2:44:0e:9e:d6,F,370
70178,1,E,2832324553,607.990234,1787209213747.5747,1787209213139.5845,dc:4b:0a:06:03:f8,B,370
71872,1,A,2060705026,603.971924,1787209217883.6646,1787209217279.6926,1e:33:a7:2f:8e:d8,C,380
78652,1,A,2060705026,603.971924,1787209217883.6646,1787209217279.6926,51:56:ae:12:21:ca,D,380
103,1,A,2060705026,603.971924,1787209217883.6646,1787209217279.6926,56:a2:44:0e:9e:d6,F,380
70814,1,A,2060705026,603.971924,1787209217883.6646,1787209217279.6926,be:65:0b:2c:96:d0,E,380
79122,1,A,2060705026,603.971924,1787209217883.6646,1787209217279.6926,dc:4b:0a:06:03:f8,B,380
912,1,C,431688712,605.992432,1787209218676.2585,1787209218070.266,18:42:de:52:4a:dd,A,380
79441,1,C,431688712,605.992432,1787209218676.2585,1787209218070.266,51:56:ae:12:21:ca,D,380
912,1,C,431688712,605.992432,1787209218676.2585,1787209218070.266,56:a2:44:0e:9e:d6,F,380
71602,1,C,431688712,605.992432,1787209218676.2585,1787209218070.266,be:65:0b:2c:96:d0,E,380
72710,1,C,431688712,605.992432,1787209218676.2585,1787209218070.266,dc:4b:0a:06:03:f8,B,380
75989,1,D,17433364,577.991699,1787209221921.79,1787209221343.7983,18:42:de:52:4a:dd,A,380
163412,1,D,17433364,577.991699,1787209221921.79,1787209221343.7983,1e:33:a7:2f:8e:d8,C,380
78330,1,D,17433364,577.991699,1787209221921.79,1787209221343.7983,56:a2:44:0e:9e:d6,F,380
74876,1,D,17433364,577.991699,1787209221921.79,1787209221343.7983,be:65:0b:2c:96:d0,E,380
78380,1,D,17433364,577.991699,1787209221921.79,1787209221343.7983,dc:4b:0a:06:03:f8,B,380
76149,1,B,3796397218,594.992676,1787209222098.5593,1787209221503.5667,18:42:de:52:4a:dd,A,380
78518,1,B,3796397218,594.992676,1787209222098.5593,1787209221503.5667,1e:33:a7:2f:8e:d8,C,380
82874,1,B,3796397218,594.992676,1787209222098.5593,1787209221503.5667,51:56:ae:12:21:ca,D,380
78546,1,B,3796397218,594.992676,1787209222098.5593,1787209221503.5667,56:a2:44:0e:9e:d6,F,380
75037,1,B,3796397218,594.992676,1787209222098.5593,1787209221503.5667,be:65:0b:2c:96:d0,E,380
242,1,F,372385581,596.993408,1787209223991.86,1787209223394.8667,18:42:de:52:4a:dd,A,380
214,1,F,372385581,596.993408,1787209223991.86,1787209223394.8667,1e:33:a7:2f:8e:d8,C,380
84765,1,F,372385581,596.993408,1787209223991.86,1787209223394.8667,51:56:ae:12:21:ca,D,380
76927,1,F,372385581,596.993408,1787209223991.86,1787209223394.8667,be:65:0b:2c:96:d0,E,380
82835,1,F,372385581,596.993408,1787209223991.86,1787209223394.8667,dc:4b:0a:06:03:f8,B,380
78169,1,E,2832324553,610.990234,1787209224133.4104,1787209223522.4202,18:42:de:52:4a:dd,A,380
85597,1,E,2832324553,610.990234,1787209224133.4104,1787209223522.4202,1e:33:a7:2f:8e:d8,C,380
165571,1,E,2832324553,610.990234,1787209224133.4104,1787209223522.4202,51:56:ae:12:21:ca,D,380
80508,1,E,2832324553,610.990234,1787209224133.4104,1787209223522.4202,56:a2:44:0e:9e:d6,F,380
80561,1,E,2832324553,610.990234,1787209224133.4104,1787209223522.4202,dc:4b:0a:06:03:f8,B,380
82219,1,A,2060705026,611.971436,1787209228238.1826,1787209227626.2112,1e:33:a7:2f:8e:d8,C,390
88999,1,A,2060705026,611.971436,1787209228238.1826,1787209227626.2112,51:56:ae:12:21:ca,D,390
450,1,A,2060705026,611.971436,1787209228238.1826,1787209227626.2112,56:a2:44:0e:9e:d6,F,390
81161,1,A,2060705026,611.971436,1787209228238.1826,1787209227626.2112,be:65:0b:2c:96:d0,E,390
89469,1,A,2060705026,611.971436,1787209228238.1826,1787209227626.2112,dc:4b:0a:06:03:f8,B,390
171,1,C,431688712,591.992676,1787209228918.1316,1787209228326.139,18:42:de:52:4a:dd,A,390
89697,1,C,431688712,591.992676,1787209228918.1316,1787209228326.139,51:56:ae:12:21:ca,D,390
171,1,C,431688712,591.992676,1787209228918.1316,1787209228326.139,56:a2:44:0e:9e:d6,F,390
81858,1,C,431688712,591.992676,1787209228918.1316,1787209228326.139,be:65:0b:2c:96:d0,E,390
82966,1,C,431688712,591.992676,1787209228918.1316,1787209228326.139,dc:4b:0a:06:03:f8,B,390
86425,1,D,17433364,563.991943,1787209232343.64,1787209231779.648,18:42:de:52:4a:dd,A,390
173848,0,D,17433364,563.991943,1787209232343.64,1787209231779.648,1e:33:a7:2f:8e:d8,C,390
88766,1,D,17433364,563.991943,1787209232343.64,1787209231779.648,56:a2:44:0e:9e:d6,F,390
85312,1,D,17433364,563.991943,1787209232343.64,1787209231779.648,be:65:0b:2c:96:d0,E,390
88816,1,D,17433364,563.991943,1787209232343.64,1787209231779.648,dc:4b:0a:06:03:f8,B,390
86565,1,B,3796397218,595.992676,1787209232515.4329,1787209231919.4402,18:42:de:52:4a:dd,A,390
88934,1,B,3796397218,595.992676,1787209232515.4329,1787209231919.4402,1e:33:a7:2f:8e:d8,C,390
93290,1,B,3796397218,595.992676,1787209232515.4329,1787209231919.4402,51:56:ae:12:21:ca,D,390
88962,1,B,3796397218,595.992676,1787209232515.4329,1787209231919.4402,56:a2:44:0e:9e:d6,F,390
85453,1,B,3796397218,595.992676,1787209232515.4329,1787209231919.4402,be:65:0b:2c:96:d0,E,390
616,1,F,372385581,526.994385,1787209234293.748,1787209233766.7537,18:42:de:52:4a:dd,A,390
588,1,F,372385581,526.994385,1787209234293.748,1787209233766.7537,1e:33:a7:2f:8e:d8,C,390
95137,1,F,372385581,526.994385,1787209234293.748,1787209233766.7537,51:56:ae:12:21:ca,D,390
87299,1,F,372385581,526.994385,1787209234293.748,1787209233766.7537,be:65:0b:2c:96:d0,E,390
93207,1,F,372385581,526.994385,1787209234293.748,1787209233766.7537,dc:4b:0a:06:03:f8,B,390
88541,1,E,2832324553,665.989502,1787209234560.2454,1787209233894.2559,18:42:de:52:4a:dd,A,390
95969,1,E,2832324553,665.989502,1787209234560.2454,1787209233894.2559,1e:33:a7:2f:8e:d8,C,390
175943,0,E,2832324553,665.989502,1787209234560.2454,1787209233894.2559,51:56:ae:12:21:ca,D,390
90880,1,E,2832324553,665.989502,1787209234560.2454,1787209233894.2559,56:a2:44:0e:9e:d6,F,390
90933,1,E,2832324553,665.989502,1787209234560.2454,1787209233894.2559,dc:4b:0a:06:03:f8,B,390
92606,1,A,2060705026,600.971924,1787209238613.6997,1787209238012.7278,1e:33:a7:2f:8e:d8,C,400
2621,1,A,2060705026,600.971924,1787209238613.6997,1787209238012.7278,51:56:ae:12:21:ca,D,400
329,1,A,2060705026,600.971924,1787209238613.6997,1787209238012.7278,56:a2:44:0e:9e:d6,F,400
91548,1,A,2060705026,600.971924,1787209238613.6997,1787209238012.7278,be:65:0b:2c:96:d0,E,400
99856,1,A,2060705026,600.971924,1787209238613.6997,1787209238012.7278,dc:4b:0a:06:03:f8,B,400
450,1,C,431688712,592.992676,1787209239200.004,1787209238607.0112,18:42:de:52:4a:dd,A,400
3215,1,C,431688712,592.992676,1787209239200.004,1787209238607.0112,51:56:ae:12:21:ca,D,400
450,1,C,431688712,592.992676,1787209239200.004,1787209238607.0112,56:a2:44:0e:9e:d6,F,400
92139,1,C,431688712,592.992676,1787209239200.004,1787209238607.0112,be:65:0b:2c:96:d0,E,400
93247,1,C,431688712,592.992676,1787209239200.004,1787209238607.0112,dc:4b:0a:06:03:f8,B,400
96823,1,D,17433364,593.991455,1787209242771.4895,1787209242177.498,18:42:de:52:4a:dd,A,400
184246,0,D,17433364,593.991455,1787209242771.4895,1787209242177.498,1e:33:a7:2f:8e:d8,C,400
99164,1,D,17433364,593.991455,1787209242771.4895,1787209242177.498,56:a2:44:0e:9e:d6,F,400
876,1,D,17433364,593.991455,1787209242771.4895,1787209242177.498,be:65:0b:2c:96:d0,E,400
99214,1,D,17433364,593.991455,1787209242771.4895,1787209242177.498,dc:4b:0a:06:03:f8,B,400
96940,1,B,3796397218,603.992676,1787209242898.3066,1787209242294.314,18:42:de:52:4a:dd,A,400
99309,1,B,3796397218,603.992676,1787209242898.3066,1787209242294.314,1e:33:a7:2f:8e:d8,C,400
6902,1,B,3796397218,603.992676,1787209242898.3066,1787209242294.314,51:56:ae:12:21:ca,D,400
99337,1,B,3796397218,603.992676,1787209242898.3066,1787209242294.314,56:a2:44:0e:9e:d6,F,400
993,1,B,3796397218,603.992676,1787209242898.3066,1787209242294.314,be:65:0b:2c:96:d0,E,400
943,1,F,372385581,504.994385,1787209244598.6357,1787209244093.6414,18:42:de:52:4a:dd,A,400
917,1,F,372385581,504.994385,1787209244598.6357,1787209244093.6414,1e:33:a7:2f:8e:d8,C,400
8702,1,F,372385581,504.994385,1787209244598.6357,1787209244093.6414,51:56:ae:12:21:ca,D,400
2792,1,F,372385581,504.994385,1787209244598.6357,1787209244093.6414,be:65:0b:2c:96:d0,E,400
103534,1,F,372385581,504.994385,1787209244598.6357,1787209244093.6414,dc:4b:0a:06:03:f8,B,400
98912,1,E,2832324553,623.990234,1787209244889.082,1787209244265.0918,18:42:de:52:4a:dd,A,400
106340,1,E,2832324553,623.990234,1787209244889.082,1787209244265.0918,1e:33:a7:2f:8e:d8,C,400
8873,1,E,2832324553,623.990234,1787209244889.082,1787209244265.0918,51:56:ae:12:21:ca,D,400
101251,1,E,2832324553,623.990234,1787209244889.082,1787209244265.0918,56:a2:44:0e:9e:d6,F,400
101304,1,E,2832324553,623.990234,1787209244889.082,1787209244265.0918,dc:4b:0a:06:03:f8,B,400
102938,1,A,2060705026,640.970215,1787209248985.217,1787209248344.2468,1e:33:a7:2f:8e:d8,C,410
12953,1,A,2060705026,640.970215,1787209248985.217,1787209248344.2468,51:56:ae:12:21:ca,D,410
171,1,A,2060705026,640.970215,1787209248985.217,1787209248344.2468,56:a2:44:0e:9e:d6,F,410
7043,1,A,2060705026,640.970215,1787209248985.217,1787209248344.2468,be:65:0b:2c:96:d0,E,410
110188,1,A,2060705026,640.970215,1787209248985.217,1787209248344.2468,dc:4b:0a:06:03:f8,B,410
724,1,C,431688712,613.992188,1787209249493.876,1787209248879.8838,18:42:de:52:4a:dd,A,410
13488,1,C,431688712,613.992188,1787209249493.876,1787209248879.8838,51:56:ae:12:21:ca,D,410
724,1,C,431688712,613.992188,1787209249493.876,1787209248879.8838,56:a2:44:0e:9e:d6,F,410
7579,1,C,431688712,613.992188,1787209249493.876,1787209248879.8838,be:65:0b:2c:96:d0,E,410
103520,1,C,431688712,613.992188,1787209249493.876,1787209248879.8838,dc:4b:0a:06:03:f8,B,410
107272,1,D,17433364,594.991211,1787209253221.3389,1787209252626.3477,18:42:de:52:4a:dd,A,410
194695,0,D,17433364,594.991211,1787209253221.3389,1787209252626.3477,1e:33:a7:2f:8e:d8,C,410
109613,1,D,17433364,594.991211,1787209253221.3389,1787209252626.3477,56:a2:44:0e:9e:d6,F,410
11325,1,D,17433364,594.991211,1787209253221.3389,1787209252626.3477,be:65:0b:2c:96:d0,E,410
109663,1,D,17433364,594.991211,1787209253221.3389,1787209252626.3477,dc:4b:0a:06:03:f8,B,410
107309,1,B,3796397218,559.993408,1787209253223.1814,1787209252663.188,18:42:de:52:4a:dd,A,410
109678,1,B,3796397218,559.993408,1787209253223.1814,1787209252663.188,1e:33:a7:2f:8e:d8,C,410
17271,1,B,3796397218,559.993408,1787209253223.1814,1787209252663.188,51:56:ae:12:21:ca,D,410
109706,1,B,3796397218,559.993408,1787209253223.1814,1787209252663.188,56:a2:44:0e:9e:d6,F,410
11362,1,B,3796397218,559.993408,1787209253223.1814,1787209252663.188,be:65:0b:2c:96:d0,E,410
215,1,F,372385581,512.994385,1787209254878.524,1787209254365.5295,18:42:de:52:4a:dd,A,410
1187,1,F,372385581,512.994385,1787209254878.524,1787209254365.5295,1e:33:a7:2f:8e:d8,C,410
18974,1,F,372385581,512.994385,1787209254878.524,1787209254365.5295,51:56:ae:12:21:ca,D,410
13064,1,F,372385581,512.994385,1787209254878.524,1787209254365.5295,be:65:0b:2c:96:d0,E,410
1738,1,F,372385581,512.994385,1787209254878.524,1787209254365.5295,dc:4b:0a:06:03:f8,B,410
109288,1,E,2832324553,658.989746,1787209255299.9172,1787209254640.9275,18:42:de:52:4a:dd,A,410
116716,1,E,2832324553,658.989746,1787209255299.9172,1787209254640.9275,1e:33:a7:2f:8e:d8,C,410
19249,1,E,2832324553,658.989746,1787209255299.9172,1787209254640.9275,51:56:ae:12:21:ca,D,410
111627,1,E,2832324553,658.989746,1787209255299.9172,1787209254640.9275,56:a2:44:0e:9e:d6,F,410
2013,1,E,2832324553,658.989746,1787209255299.9172,1787209254640.9275,dc:4b:0a:06:03:f8,B,410
113285,1,A,2060705026,658.969482,1787209259349.7346,1787209258690.7651,1e:33:a7:2f:8e:d8,C,420
23300,1,A,2060705026,658.969482,1787209259349.7346,1787209258690.7651,51:56:ae:12:21:ca,D,420
516,1,A,2060705026,658.969482,1787209259349.7346,1787209258690.7651,56:a2:44:0e:9e:d6,F,420
17390,1,A,2060705026,658.969482,1787209259349.7346,1787209258690.7651,be:65:0b:2c:96:d0,E,420
6064,1,A,2060705026,658.969482,1787209259349.7346,1787209258690.7651,dc:4b:0a:06:03:f8,B,420
997,1,C,431688712,639.992188,1787209259792.7483,1787209259152.756,18:42:de:52:4a:dd,A,420
23761,1,C,431688712,639.992188,1787209259792.7483,1787209259152.756,51:56:ae:12:21:ca,D,420
997,1,C,431688712,639.992188,1787209259792.7483,1787209259152.756,56:a2:44:0e:9e:d6,F,420
17852,1,C,431688712,639.992188,1787209259792.7483,1787209259152.756,be:65:0b:2c:96:d0,E,420
113793,1,C,431688712,639.992188,1787209259792.7483,1787209259152.756,dc:4b:0a:06:03:f8,B,420
117733,1,D,17433364,636.990967,1787209263724.1877,1787209263087.1968,18:42:de:52:4a:dd,A,420
205156,0,D,17433364,636.990967,1787209263724.1877,1787209263087.1968,1e:33:a7:2f:8e:d8,C,420
120074,1,D,17433364,636.990967,1787209263724.1877,1787209263087.1968,56:a2:44:0e:9e:d6,F,420
21786,1,D,17433364,636.990967,1787209263724.1877,1787209263087.1968,be:65:0b:2c:96:d0,E,420
120124,1,D,17433364,636.990967,1787209263724.1877,1787209263087.1968,dc:4b:0a:06:03:f8,B,420
117750,1,B,3796397218,612.992432,1787209263717.0537,1787209263104.0613,18:42:de:52:4a:dd,A,420
120119,1,B,3796397218,612.992432,1787209263717.0537,1787209263104.0613,1e:33:a7:2f:8e:d8,C,420
27712,1,B,3796397218,612.992432,1787209263717.0537,1787209263104.0613,51:56:ae:12:21:ca,D,420
120147,1,B,3796397218,612.992432,1787209263717.0537,1787209263104.0613,56:a2:44:0e:9e:d6,F,420
21803,1,B,3796397218,612.992432,1787209263717.0537,1787209263104.0613,be:65:0b:2c:96:d0,E,420
533,1,F,372385581,485.994629,1787209265169.4119,1787209264683.4172,18:42:de:52:4a:dd,A,420
507,1,F,372385581,485.994629,1787209265169.4119,1787209264683.4172,1e:33:a7:2f:8e:d8,C,420
29292,1,F,372385581,485.994629,1787209265169.4119,1787209264683.4172,51:56:ae:12:21:ca,D,420
23382,1,F,372385581,485.994629,1787209265169.4119,1787209264683.4172,be:65:0b:2c:96:d0,E,420
12056,1,F,372385581,485.994629,1787209265169.4119,1787209264683.4172,dc:4b:0a:06:03:f8,B,420
119658,1,E,2832324553,601.990479,1787209265612.754,1787209265010.7634,18:42:de:52:4a:dd,A,420
127086,1,E,2832324553,601.990479,1787209265612.754,1787209265010.7634,1e:33:a7:2f:8e:d8,C,420
29619,1,E,2832324553,601.990479,1787209265612.754,1787209265010.7634,51:56:ae:12:21:ca,D,420
121997,1,E,2832324553,601.990479,1787209265612.754,1787209265010.7634,56:a2:44:0e:9e:d6,F,420
12383,1,E,2832324553,601.990479,1787209265612.754,1787209265010.7634,dc:4b:0a:06:03:f8,B,420
123630,1,A,2060705026,644.969971,1787209269680.2537,1787209269035.2837,1e:33:a7:2f:8e:d8,C,430
33645,1,A,2060705026,644.969971,1787209269680.2537,1787209269035.2837,51:56:ae:12:21:ca,D,430
861,1,A,2060705026,644.969971,1787209269680.2537,1787209269035.2837,56:a2:44:0e:9e:d6,F,430
27735,1,A,2060705026,644.969971,1787209269680.2537,1787209269035.2837,be:65:0b:2c:96:d0,E,430
16409,1,A,2060705026,644.969971,1787209269680.2537,1787209269035.2837,dc:4b:0a:06:03:f8,B,430
258,1,C,431688712,614.992432,1787209270028.6213,1787209269413.629,18:42:de:52:4a:dd,A,430
34022,1,C,431688712,614.992432,1787209270028.6213,1787209269413.629,51:56:ae:12:21:ca,D,430
258,1,C,431688712,614.992432,1787209270028.6213,1787209269413.629,56:a2:44:0e:9e:d6,F,430
28113,1,C,431688712,614.992432,1787209270028.6213,1787209269413.629,be:65:0b:2c:96:d0,E,430
124054,1,C,431688712,614.992432,1787209270028.6213,1787209269413.629,dc:4b:0a:06:03:f8,B,430
127973,1,D,17433364,501.992676,1787209273829.042,1787209273327.0493,18:42:de:52:4a:dd,A,430
215396,0,D,17433364,501.992676,1787209273829.042,1787209273327.0493,1e:33:a7:2f:8e:d8,C,430
407,1,D,17433364,501.992676,1787209273829.042,1787209273327.0493,56:a2:44:0e:9e:d6,F,430
407,1,D,17433364,501.992676,1787209273829.042,1787209273327.0493,be:65:0b:2c:96:d0,E,430
130364,1,D,17433364,501.992676,1787209273829.042,1787209273327.0493,dc:4b:0a:06:03:f8,B,430
128103,1,B,3796397218,596.992676,1787209274053.9282,1787209273456.9355,18:42:de:52:4a:dd,A,430
130472,1,B,3796397218,596.992676,1787209274053.9282,1787209273456.9355,1e:33:a7:2f:8e:d8,C,430
38065,1,B,3796397218,596.992676,1787209274053.9282,1787209273456.9355,51:56:ae:12:21:ca,D,430
537,1,B,3796397218,596.992676,1787209274053.9282,1787209273456.9355,56:a2:44:0e:9e:d6,F,430
537,1,B,3796397218,596.992676,1787209274053.9282,1787209273456.9355,be:65:0b:2c:96:d0,E,430
5,1,F,372385581,440.995117,1787209275594.2983,1787209275153.3032,18:42:de:52:4a:dd,A,430
3976,1,F,372385581,440.995117,1787209275594.2983,1787209275153.3032,1e:33:a7:2f:8e:d8,C,430
39762,1,F,372385581,440.995117,1787209275594.2983,1787209275153.3032,51:56:ae:12:21:ca,D,430
33852,1,F,372385581,440.995117,1787209275594.2983,1787209275153.3032,be:65:0b:2c:96:d0,E,430
22526,1,F,372385581,440.995117,1787209275594.2983,1787209275153.3032,dc:4b:0a:06:03:f8,B,430
130007,1,E,2832324553,415.993408,1787209275775.593,1787209275359.5996,18:42:de:52:4a:dd,A,430
12,1,E,2832324553,415.993408,1787209275775.593,1787209275359.5996,1e:33:a7:2f:8e:d8,C,430
39968,1,E,2832324553,415.993408,1787209275775.593,1787209275359.5996,51:56:ae:12:21:ca,D,430
42,1,E,2832324553,415.993408,1787209275775.593,1787209275359.5996,56:a2:44:0e:9e:d6,F,430
22732,1,E,2832324553,415.993408,1787209275775.593,1787209275359.5996,dc:4b:0a:06:03:f8,B,430
133935,1,A,2060705026,604.971924,1787209279944.776,1787209279339.804,1e:33:a7:2f:8e:d8,C,440
43950,1,A,2060705026,604.971924,1787209279944.776,1787209279339.804,51:56:ae:12:21:ca,D,440
169,1,A,2060705026,604.971924,1787209279944.776,1787209279339.804,56:a2:44:0e:9e:d6,F,440
6420,1,A,2060705026,604.971924,1787209279944.776,1787209279339.804,be:65:0b:2c:96:d0,E,440
26714,1,A,2060705026,604.971924,1787209279944.776,1787209279339.804,dc:4b:0a:06:03:f8,B,440
541,1,C,431688712,648.991943,1787209280347.4932,1787209279698.5012,18:42:de:52:4a:dd,A,440
44307,1,C,431688712,648.991943,1787209280347.4932,1787209279698.5012,51:56:ae:12:21:ca,D,440
4377,1,C,431688712,648.991943,1787209280347.4932,1787209279698.5012,56:a2:44:0e:9e:d6,F,440
541,1,C,431688712,648.991943,1787209280347.4932,1787209279698.5012,be:65:0b:2c:96:d0,E,440
134339,1,C,431688712,648.991943,1787209280347.4932,1787209279698.5012,dc:4b:0a:06:03:f8,B,440
138387,1,D,17433364,564.991943,1787209284305.891,1787209283740.8992,18:42:de:52:4a:dd,A,440
225810,0,D,17433364,564.991943,1787209284305.891,1787209283740.8992,1e:33:a7:2f:8e:d8,C,440
8423,1,D,17433364,564.991943,1787209284305.891,1787209283740.8992,56:a2:44:0e:9e:d6,F,440
10821,1,D,17433364,564.991943,1787209284305.891,1787209283740.8992,be:65:0b:2c:96:d0,E,440
140778,1,D,17433364,564.991943,1787209284305.891,1787209283740.8992,dc:4b:0a:06:03:f8,B,440
138486,1,B,3796397218,609.992676,1787209284449.802,1787209283839.8093,18:42:de:52:4a:dd,A,440
140855,1,B,3796397218,609.992676,1787209284449.802,1787209283839.8093,1e:33:a7:2f:8e:d8,C,440
48448,1,B,3796397218,609.992676,1787209284449.802,1787209283839.8093,51:56:ae:12:21:ca,D,440
8522,1,B,3796397218,609.992676,1787209284449.802,1787209283839.8093,56:a2:44:0e:9e:d6,F,440
10920,1,B,3796397218,609.992676,1787209284449.802,1787209283839.8093,be:65:0b:2c:96:d0,E,440
143,1,F,372385581,528.994141,1787209285821.187,1787209285292.1929,18:42:de:52:4a:dd,A,440
9919,1,F,372385581,528.994141,1787209285821.187,1787209285292.1929,1e:33:a7:2f:8e:d8,C,440
49901,1,F,372385581,528.994141,1787209285821.187,1787209285292.1929,51:56:ae:12:21:ca,D,440
115,1,F,372385581,528.994141,1787209285821.187,1787209285292.1929,be:65:0b:2c:96:d0,E,440
32665,1,F,372385581,528.994141,1787209285821.187,1787209285292.1929,dc:4b:0a:06:03:f8,B,440
508,1,E,2832324553,539.991455,1787209286201.4282,1787209285661.4368,18:42:de:52:4a:dd,A,440
480,1,E,2832324553,539.991455,1787209286201.4282,1787209285661.4368,1e:33:a7:2f:8e:d8,C,440
50270,1,E,2832324553,539.991455,1787209286201.4282,1787209285661.4368,51:56:ae:12:21:ca,D,440
508,1,E,2832324553,539.991455,1787209286201.4282,1787209285661.4368,56:a2:44:0e:9e:d6,F,440
33034,1,E,2832324553,539.991455,1787209286201.4282,1787209285661.4368,dc:4b:0a:06:03:f8,B,440
144278,1,A,2060705026,627.970703,1787209290310.2935,1787209289682.3228,1e:33:a7:2f:8e:d8,C,450
54293,1,A,2060705026,627.970703,1787209290310.2935,1787209289682.3228,51:56:ae:12:21:ca,D,450
509,1,A,2060705026,627.970703,1787209290310.2935,1787209289682.3228,56:a2:44:0e:9e:d6,F,450
16763,1,A,2060705026,627.970703,1787209290310.2935,1787209289682.3228,be:65:0b:2c:96:d0,E,450
37057,1,A,2060705026,627.970703,1787209290310.2935,1787209289682.3228,dc:4b:0a:06:03:f8,B,450
811,1,C,431688712,602.992432,1787209290573.3662,1787209289970.3738,18:42:de:52:4a:dd,A,450
54579,1,C,431688712,602.992432,1787209290573.3662,1787209289970.3738,51:56:ae:12:21:ca,D,450
14649,1,C,431688712,602.992432,1787209290573.3662,1787209289970.3738,56:a2:44:0e:9e:d6,F,450
811,1,C,431688712,602.992432,1787209290573.3662,1787209289970.3738,be:65:0b:2c:96:d0,E,450
144611,1,C,431688712,602.992432,1787209290573.3662,1787209289970.3738,dc:4b:0a:06:03:f8,B,450
148779,1,D,17433364,590.991455,1787209294723.741,1787209294132.7495,18:42:de:52:4a:dd,A,450
236202,0,D,17433364,590.991455,1787209294723.741,1787209294132.7495,1e:33:a7:2f:8e:d8,C,450
18815,1,D,17433364,590.991455,1787209294723.741,1787209294132.7495,56:a2:44:0e:9e:d6,F,450
21213,1,D,17433364,590.991455,1787209294723.741,1787209294132.7495,be:65:0b:2c:96:d0,E,450
151170,1,D,17433364,590.991455,1787209294723.741,1787209294132.7495,dc:4b:0a:06:03:f8,B,450
148863,1,B,3796397218,572.99292,1787209294789.6763,1787209294216.6833,18:42:de:52:4a:dd,A,450
151232,1,B,3796397218,572.99292,1787209294789.6763,1787209294216.6833,1e:33:a7:2f:8e:d8,C,450
58825,1,B,3796397218,572.99292,1787209294789.6763,1787209294216.6833,51:56:ae:12:21:ca,D,450
18899,1,B,3796397218,572.99292,1787209294789.6763,1787209294216.6833,56:a2:44:0e:9e:d6,F,450
21297,1,B,3796397218,572.99292,1787209294789.6763,1787209294216.6833,be:65:0b:2c:96:d0,E,450
562,1,F,372385581,605.993408,1787209296318.0728,1787209295712.0793,18:42:de:52:4a:dd,A,450
20339,1,F,372385581,605.993408,1787209296318.0728,1787209295712.0793,1e:33:a7:2f:8e:d8,C,450
60321,1,F,372385581,605.993408,1787209296318.0728,1787209295712.0793,51:56:ae:12:21:ca,D,450
535,1,F,372385581,605.993408,1787209296318.0728,1787209295712.0793,be:65:0b:2c:96:d0,E,450
43085,1,F,372385581,605.993408,1787209296318.0728,1787209295712.0793,dc:4b:0a:06:03:f8,B,450
743,1,E,2832324553,519.991699,1787209296416.2664,1787209295896.2747,18:42:de:52:4a:dd,A,450
208,1,E,2832324553,519.991699,1787209296416.2664,1787209295896.2747,1e:33:a7:2f:8e:d8,C,450
60505,1,E,2832324553,519.991699,1787209296416.2664,1787209295896.2747,51:56:ae:12:21:ca,D,450
743,1,E,2832324553,519.991699,1787209296416.2664,1787209295896.2747,56:a2:44:0e:9e:d6,F,450
43269,1,E,2832324553,519.991699,1787209296416.2664,1787209295896.2747,dc:4b:0a:06:03:f8,B,450
2856,1,A,2060705026,601.971924,1787209300663.8115,1787209300061.8396,1e:33:a7:2f:8e:d8,C,460
64673,1,A,2060705026,601.971924,1787209300663.8115,1787209300061.8396,51:56:ae:12:21:ca,D,460
633,1,A,2060705026,601.971924,1787209300663.8115,1787209300061.8396,56:a2:44:0e:9e:d6,F,460
27143,1,A,2060705026,601.971924,1787209300663.8115,1787209300061.8396,be:65:0b:2c:96:d0,E,460
3093,1,A,2060705026,601.971924,1787209300663.8115,1787209300061.8396,dc:4b:0a:06:03:f8,B,460
71,1,C,431688712,606.992676,1787209300832.239,1787209300225.2463,18:42:de:52:4a:dd,A,460
3067,1,C,431688712,606.992676,1787209300832.239,1787209300225.2463,51:56:ae:12:21:ca,D,460
71,1,C,431688712,606.992676,1787209300832.239,1787209300225.2463,56:a2:44:0e:9e:d6,F,460
3064,1,C,431688712,606.992676,1787209300832.239,1787209300225.2463,be:65:0b:2c:96:d0,E,460
3070,1,C,431688712,606.992676,1787209300832.239,1787209300225.2463,dc:4b:0a:06:03:f8,B,460
7423,1,B,3796397218,588.99292,1787209305173.5503,1787209304584.5574,18:42:de:52:4a:dd,A,460
161600,1,B,3796397218,588.99292,1787209305173.5503,1787209304584.5574,1e:33:a7:2f:8e:d8,C,460
7426,1,B,3796397218,588.99292,1787209305173.5503,1787209304584.5574,51:56:ae:12:21:ca,D,460
7432,1,B,3796397218,588.99292,1787209305173.5503,1787209304584.5574,56:a2:44:0e:9e:d6,F,460
7423,1,B,3796397218,588.99292,1787209305173.5503,1787209304584.5574,be:65:0b:2c:96:d0,E,460
7425,1,D,17433364,596.991455,1787209305184.59,1787209304587.5986,18:42:de:52:4a:dd,A,460
246657,0,D,17433364,596.991455,1787209305184.59,1787209304587.5986,1e:33:a7:2f:8e:d8,C,460
7434,1,D,17433364,596.991455,1787209305184.59,1787209304587.5986,56:a2:44:0e:9e:d6,F,460
7425,1,D,17433364,596.991455,1787209305184.59,1787209304587.5986,be:65:0b:2c:96:d0,E,460
161625,1,D,17433364,596.991455,1787209305184.59,1787209304587.5986,dc:4b:0a:06:03:f8,B,460
678,1,F,372385581,537.994141,1787209306619.9607,1787209306081.9666,18:42:de:52:4a:dd,A,460
650,1,F,372385581,537.994141,1787209306619.9607,1787209306081.9666,1e:33:a7:2f:8e:d8,C,460
8923,1,F,372385581,537.994141,1787209306619.9607,1787209306081.9666,51:56:ae:12:21:ca,D,460
8920,1,F,372385581,537.994141,1787209306619.9607,1787209306081.9666,be:65:0b:2c:96:d0,E,460
8925,1,F,372385581,537.994141,1787209306619.9607,1787209306081.9666,dc:4b:0a:06:03:f8,B,460
9119,1,E,2832324553,610.990479,1787209306887.1008,1787209306276.1104,18:42:de:52:4a:dd,A,470
9587,1,E,2832324553,610.990479,1787209306887.1008,1787209306276.1104,1e:33:a7:2f:8e:d8,C,470
9119,1,E,2832324553,610.990479,1787209306887.1008,1787209306276.1104,51:56:ae:12:21:ca,D,470
9616,1,E,2832324553,610.990479,1787209306887.1008,1787209306276.1104,56:a2:44:0e:9e:d6,F,470
53649,1,E,2832324553,610.990479,1787209306887.1008,1787209306276.1104,dc:4b:0a:06:03:f8,B,470
13218,1,A,2060705026,590.972656,1787209311014.3298,1787209310423.3572,1e:33:a7:2f:8e:d8,C,470
75035,1,A,2060705026,590.972656,1787209311014.3298,1787209310423.3572,51:56:ae:12:21:ca,D,470
252,1,A,2060705026,590.972656,1787209311014.3298,1787209310423.3572,56:a2:44:0e:9e:d6,F,470
37505,1,A,2060705026,590.972656,1787209311014.3298,1787209310423.3572,be:65:0b:2c:96:d0,E,470
13455,1,A,2060705026,590.972656,1787209311014.3298,1787209310423.3572,dc:4b:0a:06:03:f8,B,470
340,1,C,431688712,574.99292,1787209311069.1118,1787209310494.119,18:42:de:52:4a:dd,A,470
13336,1,C,431688712,574.99292,1787209311069.1118,1787209310494.119,51:56:ae:12:21:ca,D,470
340,1,C,431688712,574.99292,1787209311069.1118,1787209310494.119,56:a2:44:0e:9e:d6,F,470
13333,1,C,431688712,574.99292,1787209311069.1118,1787209310494.119,be:65:0b:2c:96:d0,E,470
13339,1,C,431688712,574.99292,1787209311069.1118,1787209310494.119,dc:4b:0a:06:03:f8,B,470
17827,1,B,3796397218,614.992432,1787209315603.4236,1787209314988.4312,18:42:de:52:4a:dd,A,470
172004,0,B,3796397218,614.992432,1787209315603.4236,1787209314988.4312,1e:33:a7:2f:8e:d8,C,470
17830,1,B,3796397218,614.992432,1787209315603.4236,1787209314988.4312,51:56:ae:12:21:ca,D,470
17836,1,B,3796397218,614.992432,1787209315603.4236,1787209314988.4312,56:a2:44:0e:9e:d6,F,470
17827,1,B,3796397218,614.992432,1787209315603.4236,1787209314988.4312,be:65:0b:2c:96:d0,E,470
17826,1,D,17433364,580.991455,1787209315569.4404,1787209314988.449,18:42:de:52:4a:dd,A,470
257058,0,D,17433364,580.991455,1787209315569.4404,1787209314988.449,1e:33:a7:2f:8e:d8,C,470
17835,1,D,17433364,580.991455,1787209315569.4404,1787209314988.449,56:a2:44:0e:9e:d6,F,470
17826,1,D,17433364,580.991455,1787209315569.4404,1787209314988.449,be:65:0b:2c:96:d0,E,470
172026,0,D,17433364,580.991455,1787209315569.4404,1787209314988.449,dc:4b:0a:06:03:f8,B,470
286,1,F,372385581,594.993652,1787209317028.8474,1787209316433.8538,18:42:de:52:4a:dd,A,480
258,1,F,372385581,594.993652,1787209317028.8474,1787209316433.8538,1e:33:a7:2f:8e:d8,C,480
19275,1,F,372385581,594.993652,1787209317028.8474,1787209316433.8538,51:56:ae:12:21:ca,D,480
19272,1,F,372385581,594.993652,1787209317028.8474,1787209316433.8538,be:65:0b:2c:96:d0,E,480
19277,1,F,372385581,594.993652,1787209317028.8474,1787209316433.8538,dc:4b:0a:06:03:f8,B,480
19493,1,E,2832324553,617.990234,1787209317267.9365,1787209316649.9463,18:42:de:52:4a:dd,A,480
19961,1,E,2832324553,617.990234,1787209317267.9365,1787209316649.9463,1e:33:a7:2f:8e:d8,C,480
19493,1,E,2832324553,617.990234,1787209317267.9365,1787209316649.9463,51:56:ae:12:21:ca,D,480
19990,1,E,2832324553,617.990234,1787209317267.9365,1787209316649.9463,56:a2:44:0e:9e:d6,F,480
64023,1,E,2832324553,617.990234,1787209317267.9365,1787209316649.9463,dc:4b:0a:06:03:f8,B,480
23523,1,A,2060705026,595.972168,1787209321323.8499,1787209320727.8777,1e:33:a7:2f:8e:d8,C,480
85340,1,A,2060705026,595.972168,1787209321323.8499,1787209320727.8777,51:56:ae:12:21:ca,D,480
558,1,A,2060705026,595.972168,1787209321323.8499,1787209320727.8777,56:a2:44:0e:9e:d6,F,480
47810,1,A,2060705026,595.972168,1787209321323.8499,1787209320727.8777,be:65:0b:2c:96:d0,E,480
23760,1,A,2060705026,595.972168,1787209321323.8499,1787209320727.8777,dc:4b:0a:06:03:f8,B,480
593,1,C,431688712,588.992676,1787209321331.9844,1787209320742.9917,18:42:de:52:4a:dd,A,480
23585,1,C,431688712,588.992676,1787209321331.9844,1787209320742.9917,51:56:ae:12:21:ca,D,480
593,1,C,431688712,588.992676,1787209321331.9844,1787209320742.9917,56:a2:44:0e:9e:d6,F,480
23582,1,C,431688712,588.992676,1787209321331.9844,1787209320742.9917,be:65:0b:2c:96:d0,E,480
23588,1,C,431688712,588.992676,1787209321331.9844,1787209320742.9917,dc:4b:0a:06:03:f8,B,480
28144,1,B,3796397218,610.992676,1787209325916.2983,1787209325305.3057,18:42:de:52:4a:dd,A,480
182321,0,B,3796397218,610.992676,1787209325916.2983,1787209325305.3057,1e:33:a7:2f:8e:d8,C,480
28147,1,B,3796397218,610.992676,1787209325916.2983,1787209325305.3057,51:56:ae:12:21:ca,D,480
28153,1,B,3796397218,610.992676,1787209325916.2983,1787209325305.3057,56:a2:44:0e:9e:d6,F,480
28144,1,B,3796397218,610.992676,1787209325916.2983,1787209325305.3057,be:65:0b:2c:96:d0,E,480
28179,1,D,17433364,606.991455,1787209325948.291,1787209325341.2996,18:42:de:52:4a:dd,A,480
267411,0,D,17433364,606.991455,1787209325948.291,1787209325341.2996,1e:33:a7:2f:8e:d8,C,480
28188,1,D,17433364,606.991455,1787209325948.291,1787209325341.2996,56:a2:44:0e:9e:d6,F,480
28179,1,D,17433364,606.991455,1787209325948.291,1787209325341.2996,be:65:0b:2c:96:d0,E,480
182379,0,D,17433364,606.991455,1787209325948.291,1787209325341.2996,dc:4b:0a:06:03:f8,B,480
633,1,F,372385581,595.993652,1787209327375.7349,1787209326779.7412,18:42:de:52:4a:dd,A,490
605,1,F,372385581,595.993652,1787209327375.7349,1787209326779.7412,1e:33:a7:2f:8e:d8,C,490
29621,1,F,372385581,595.993652,1787209327375.7349,1787209326779.7412,51:56:ae:12:21:ca,D,490
29618,1,F,372385581,595.993652,1787209327375.7349,1787209326779.7412,be:65:0b:2c:96:d0,E,490
29623,1,F,372385581,595.993652,1787209327375.7349,1787209326779.7412,dc:4b:0a:06:03:f8,B,490
29885,1,E,2832324553,605.990479,1787209327647.7722,1787209327041.7817,18:42:de:52:4a:dd,A,490
30353,1,E,2832324553,605.990479,1787209327647.7722,1787209327041.7817,1e:33:a7:2f:8e:d8,C,490
29885,1,E,2832324553,605.990479,1787209327647.7722,1787209327041.7817,51:56:ae:12:21:ca,D,490
30382,1,E,2832324553,605.990479,1787209327647.7722,1787209327041.7817,56:a2:44:0e:9e:d6,F,490
74415,1,E,2832324553,605.990479,1787209327647.7722,1787209327041.7817,dc:4b:0a:06:03:f8,B,490
836,1,C,431688712,608.992432,1787209331598.857,1787209330989.8645,18:42:de:52:4a:dd,A,490
33832,1,C,431688712,608.992432,1787209331598.857,1787209330989.8645,51:56:ae:12:21:ca,D,490
836,1,C,431688712,608.992432,1787209331598.857,1787209330989.8645,56:a2:44:0e:9e:d6,F,490
33829,1,C,431688712,608.992432,1787209331598.857,1787209330989.8645,be:65:0b:2c:96:d0,E,490
33835,1,C,431688712,608.992432,1787209331598.857,1787209330989.8645,dc:4b:0a:06:03:f8,B,490
33839,1,A,2060705026,616.971191,1787209331660.3687,1787209331043.3975,1e:33:a7:2f:8e:d8,C,490
95656,1,A,2060705026,616.971191,1787209331660.3687,1787209331043.3975,51:56:ae:12:21:ca,D,490
873,1,A,2060705026,616.971191,1787209331660.3687,1787209331043.3975,56:a2:44:0e:9e:d6,F,490
58126,1,A,2060705026,616.971191,1787209331660.3687,1787209331043.3975,be:65:0b:2c:96:d0,E,490
34076,1,A,2060705026,616.971191,1787209331660.3687,1787209331043.3975,dc:4b:0a:06:03:f8,B,490
38509,1,B,3796397218,607.992676,1787209336278.1724,1787209335670.1797,18:42:de:52:4a:dd,A,490
192686,0,B,3796397218,607.992676,1787209336278.1724,1787209335670.1797,1e:33:a7:2f:8e:d8,C,490
38512,1,B,3796397218,607.992676,1787209336278.1724,1787209335670.1797,51:56:ae:12:21:ca,D,490
38518,1,B,3796397218,607.992676,1787209336278.1724,1787209335670.1797,56:a2:44:0e:9e:d6,F,490
38509,1,B,3796397218,607.992676,1787209336278.1724,1787209335670.1797,be:65:0b:2c:96:d0,E,490
38545,1,D,17433364,588.991455,1787209336296.1418,1787209335707.1504,18:42:de:52:4a:dd,A,490
277777,0,D,17433364,588.991455,1787209336296.1418,1787209335707.1504,1e:33:a7:2f:8e:d8,C,490
38554,1,D,17433364,588.991455,1787209336296.1418,1787209335707.1504,56:a2:44:0e:9e:d6,F,490
38545,1,D,17433364,588.991455,1787209336296.1418,1787209335707.1504,be:65:0b:2c:96:d0,E,490
192745,0,D,17433364,588.991455,1787209336296.1418,1787209335707.1504,dc:4b:0a:06:03:f8,B,490
61,1,F,372385581,585.993652,1787209337792.6213,1787209337206.6277,18:42:de:52:4a:dd,A,500
34,1,F,372385581,585.993652,1787209337792.6213,1787209337206.6277,1e:33:a7:2f:8e:d8,C,500
40048,1,F,372385581,585.993652,1787209337792.6213,1787209337206.6277,51:56:ae:12:21:ca,D,500
40045,1,F,372385581,585.993652,1787209337792.6213,1787209337206.6277,be:65:0b:2c:96:d0,E,500
40050,1,F,372385581,585.993652,1787209337792.6213,1787209337206.6277,dc:4b:0a:06:03:f8,B,500
40264,1,E,2832324553,621.990234,1787209338042.6077,1787209337420.6174,18:42:de:52:4a:dd,A,500
40732,1,E,2832324553,621.990234,1787209338042.6077,1787209337420.6174,1e:33:a7:2f:8e:d8,C,500
40264,1,E,2832324553,621.990234,1787209338042.6077,1787209337420.6174,51:56:ae:12:21:ca,D,500
40761,1,E,2832324553,621.990234,1787209338042.6077,1787209337420.6174,56:a2:44:0e:9e:d6,F,500
84794,1,E,2832324553,621.990234,1787209338042.6077,1787209337420.6174,dc:4b:0a:06:03:f8,B,500
66,1,C,431688712,565.993164,1787209341783.7307,1787209341217.7375,18:42:de:52:4a:dd,A,500
44060,1,C,431688712,565.993164,1787209341783.7307,1787209341217.7375,51:56:ae:12:21:ca,D,500
66,1,C,431688712,565.993164,1787209341783.7307,1787209341217.7375,56:a2:44:0e:9e:d6,F,500
44057,1,C,431688712,565.993164,1787209341783.7307,1787209341217.7375,be:65:0b:2c:96:d0,E,500
44063,1,C,431688712,565.993164,1787209341783.7307,1787209341217.7375,dc:4b:0a:06:03:f8,B,500
44150,1,A,2060705026,587.972656,1787209341941.8901,1787209341353.9175,1e:33:a7:2f:8e:d8,C,500
105967,1,A,2060705026,587.972656,1787209341941.8901,1787209341353.9175,51:56:ae:12:21:ca,D,500
929,1,A,2060705026,587.972656,1787209341941.8901,1787209341353.9175,56:a2:44:0e:9e:d6,F,500
68437,1,A,2060705026,587.972656,1787209341941.8901,1787209341353.9175,be:65:0b:2c:96:d0,E,500
44387,1,A,2060705026,587.972656,1787209341941.8901,1787209341353.9175,dc:4b:0a:06:03:f8,B,500
48900,1,D,17433364,553.992188,1787209346615.9932,1787209346062.001,18:42:de:52:4a:dd,A,500
288132,0,D,17433364,553.992188,1787209346615.9932,1787209346062.001,1e:33:a7:2f:8e:d8,C,500
48909,1,D,17433364,553.992188,1787209346615.9932,1787209346062.001,56:a2:44:0e:9e:d6,F,500
48900,1,D,17433364,553.992188,1787209346615.9932,1787209346062.001,be:65:0b:2c:96:d0,E,500
203100,0,D,17433364,553.992188,1787209346615.9932,1787209346062.001,dc:4b:0a:06:03:f8,B,500
48902,1,B,3796397218,596.99292,1787209346660.0464,1787209346063.0535,18:42:de:52:4a:dd,A,500
203079,0,B,3796397218,596.99292,1787209346660.0464,1787209346063.0535,1e:33:a7:2f:8e:d8,C,500
48905,1,B,3796397218,596.99292,1787209346660.0464,1787209346063.0535,51:56:ae:12:21:ca,D,500
48911,1,B,3796397218,596.99292,1787209346660.0464,1787209346063.0535,56:a2:44:0e:9e:d6,F,500
48902,1,B,3796397218,596.99292,1787209346660.0464,1787209346063.0535,be:65:0b:2c:96:d0,E,500
84,1,F,372385581,524.994385,1787209347786.5127,1787209347261.5183,18:42:de:52:4a:dd,A,510
13,1,F,372385581,524.994385,1787209347786.5127,1787209347261.5183,1e:33:a7:2f:8e:d8,C,510
50103,1,F,372385581,524.994385,1787209347786.5127,1787209347261.5183,51:56:ae:12:21:ca,D,510
50100,1,F,372385581,524.994385,1787209347786.5127,1787209347261.5183,be:65:0b:2c:96:d0,E,510
50105,1,F,372385581,524.994385,1787209347786.5127,1787209347261.5183,dc:4b:0a:06:03:f8,B,510
50615,1,E,2832324553,652.989746,1787209348424.4434,1787209347771.4536,18:42:de:52:4a:dd,A,510
51083,1,E,2832324553,652.989746,1787209348424.4434,1787209347771.4536,1e:33:a7:2f:8e:d8,C,510
50615,1,E,2832324553,652.989746,1787209348424.4434,1787209347771.4536,51:56:ae:12:21:ca,D,510
51112,1,E,2832324553,652.989746,1787209348424.4434,1787209347771.4536,56:a2:44:0e:9e:d6,F,510
95145,1,E,2832324553,652.989746,1787209348424.4434,1787209347771.4536,dc:4b:0a:06:03:f8,B,510
212,1,A,2060705026,524.975586,1787209351950.4243,1787209351425.4487,1e:33:a7:2f:8e:d8,C,510
116039,1,A,2060705026,524.975586,1787209351950.4243,1787209351425.4487,51:56:ae:12:21:ca,D,510
88,1,A,2060705026,524.975586,1787209351950.4243,1787209351425.4487,56:a2:44:0e:9e:d6,F,510
212,1,A,2060705026,524.975586,1787209351950.4243,1787209351425.4487,be:65:0b:2c:96:d0,E,510
54459,1,A,2060705026,524.975586,1787209351950.4243,1787209351425.4487,dc:4b:0a:06:03:f8,B,510
111,1,C,431688712,813.98999,1787209352266.6006,1787209351452.6106,18:42:de:52:4a:dd,A,510
54295,1,C,431688712,813.98999,1787209352266.6006,1787209351452.6106,51:56:ae:12:21:ca,D,510
111,1,C,431688712,813.98999,1787209352266.6006,1787209351452.6106,56:a2:44:0e:9e:d6,F,510
241,1,C,431688712,813.98999,1787209352266.6006,1787209351452.6106,be:65:0b:2c:96:d0,E,510
283,1,C,431688712,813.98999,1787209352266.6006,1787209351452.6106,dc:4b:0a:06:03:f8,B,510
504,1,B,3796397218,580.99292,1787209356846.9226,1787209356265.9297,18:42:de:52:4a:dd,A,520
5103,1,B,3796397218,580.99292,1787209356846.9226,1787209356265.9297,1e:33:a7:2f:8e:d8,C,520
59108,1,B,3796397218,580.99292,1787209356846.9226,1787209356265.9297,51:56:ae:12:21:ca,D,520
1199,1,B,3796397218,580.99292,1787209356846.9226,1787209356265.9297,56:a2:44:0e:9e:d6,F,520
504,1,B,3796397218,580.99292,1787209356846.9226,1787209356265.9297,be:65:0b:2c:96:d0,E,520
637,1,D,17433364,600.991455,1787209357000.8435,1787209356399.852,18:42:de:52:4a:dd,A,520
683,1,D,17433364,600.991455,1787209357000.8435,1787209356399.852,1e:33:a7:2f:8e:d8,C,520
4304,1,D,17433364,600.991455,1787209357000.8435,1787209356399.852,56:a2:44:0e:9e:d6,F,520
637,1,D,17433364,600.991455,1787209357000.8435,1787209356399.852,be:65:0b:2c:96:d0,E,520
639,1,D,17433364,600.991455,1787209357000.8435,1787209356399.852,dc:4b:0a:06:03:f8,B,520
15,1,F,372385581,712.992188,1787209358254.3987,1787209357541.4065,18:42:de:52:4a:dd,A,520
27,1,F,372385581,712.992188,1787209358254.3987,1787209357541.4065,1e:33:a7:2f:8e:d8,C,520
6373,1,F,372385581,712.992188,1787209358254.3987,1787209357541.4065,51:56:ae:12:21:ca,D,520
490,1,F,372385581,712.992188,1787209358254.3987,1787209357541.4065,be:65:0b:2c:96:d0,E,520
1781,1,F,372385581,712.992188,1787209358254.3987,1787209357541.4065,dc:4b:0a:06:03:f8,B,520
55,1,E,2832324553,564.990967,1787209358463.2844,1787209357898.2935,18:42:de:52:4a:dd,A,520
992,1,E,2832324553,564.990967,1787209358463.2844,1787209357898.2935,1e:33:a7:2f:8e:d8,C,520
5109,1,E,2832324553,564.990967,1787209358463.2844,1787209357898.2935,51:56:ae:12:21:ca,D,520
211,1,E,2832324553,564.990967,1787209358463.2844,1787209357898.2935,56:a2:44:0e:9e:d6,F,520
6729,1,E,2832324553,564.990967,1787209358463.2844,1787209357898.2935,dc:4b:0a:06:03:f8,B,520
47,1,C,431688712,763.990479,1787209362461.4739,1787209361697.4834,18:42:de:52:4a:dd,A,520
4780,1,C,431688712,763.990479,1787209362461.4739,1787209361697.4834,51:56:ae:12:21:ca,D,520
47,1,C,431688712,763.990479,1787209362461.4739,1787209361697.4834,56:a2:44:0e:9e:d6,F,520
887,1,C,431688712,763.990479,1787209362461.4739,1787209361697.4834,be:65:0b:2c:96:d0,E,520
5937,1,C,431688712,763.990479,1787209362461.4739,1787209361697.4834,dc:4b:0a:06:03:f8,B,520
841,1,A,2060705026,576.973145,1787209362276.9436,1787209361699.9705,1e:33:a7:2f:8e:d8,C,520
126314,1,A,2060705026,576.973145,1787209362276.9436,1787209361699.9705,51:56:ae:12:21:ca,D,520
24,1,A,2060705026,576.973145,1787209362276.9436,1787209361699.9705,56:a2:44:0e:9e:d6,F,520
5127,1,A,2060705026,576.973145,1787209362276.9436,1787209361699.9705,be:65:0b:2c:96:d0,E,520
64734,1,A,2060705026,576.973145,1787209362276.9436,1787209361699.9705,dc:4b:0a:06:03:f8,B,520
5805,1,B,3796397218,571.99292,1787209367187.7969,1787209366615.804,18:42:de:52:4a:dd,A,530
5810,1,B,3796397218,571.99292,1787209367187.7969,1787209366615.804,1e:33:a7:2f:8e:d8,C,530
69458,1,B,3796397218,571.99292,1787209367187.7969,1787209366615.804,51:56:ae:12:21:ca,D,530
5808,1,B,3796397218,571.99292,1787209367187.7969,1787209366615.804,56:a2:44:0e:9e:d6,F,530
5805,1,B,3796397218,571.99292,1787209367187.7969,1787209366615.804,be:65:0b:2c:96:d0,E,530
5942,1,D,17433364,614.991211,1787209367367.694,1787209366752.703,18:42:de:52:4a:dd,A,530
5947,1,D,17433364,614.991211,1787209367367.694,1787209366752.703,1e:33:a7:2f:8e:d8,C,530
5945,1,D,17433364,614.991211,1787209367367.694,1787209366752.703,56:a2:44:0e:9e:d6,F,530
5942,1,D,17433364,614.991211,1787209367367.694,1787209366752.703,be:65:0b:2c:96:d0,E,530
10992,1,D,17433364,614.991211,1787209367367.694,1787209366752.703,dc:4b:0a:06:03:f8,B,530
117,1,F,372385581,539.994141,1787209368369.2886,1787209367829.2944,18:42:de:52:4a:dd,A,530
58,1,F,372385581,539.994141,1787209368369.2886,1787209367829.2944,1e:33:a7:2f:8e:d8,C,530
16661,1,F,372385581,539.994141,1787209368369.2886,1787209367829.2944,51:56:ae:12:21:ca,D,530
7018,1,F,372385581,539.994141,1787209368369.2886,1787209367829.2944,be:65:0b:2c:96:d0,E,530
12069,1,F,372385581,539.994141,1787209368369.2886,1787209367829.2944,dc:4b:0a:06:03:f8,B,530
7438,1,E,2832324553,633.98999,1787209368879.1196,1787209368245.1296,18:42:de:52:4a:dd,A,530
7440,1,E,2832324553,633.98999,1787209368879.1196,1787209368245.1296,1e:33:a7:2f:8e:d8,C,530
15456,1,E,2832324553,633.98999,1787209368879.1196,1787209368245.1296,51:56:ae:12:21:ca,D,530
7438,1,E,2832324553,633.98999,1787209368879.1196,1787209368245.1296,56:a2:44:0e:9e:d6,F,530
17076,1,E,2832324553,633.98999,1787209368879.1196,1787209368245.1296,dc:4b:0a:06:03:f8,B,530
2464,1,A,2060705026,492.977051,1787209372234.4802,1787209371741.5032,1e:33:a7:2f:8e:d8,C,530
204,1,A,2060705026,492.977051,1787209372234.4802,1787209371741.5032,51:56:ae:12:21:ca,D,530
2119,1,A,2060705026,492.977051,1787209372234.4802,1787209371741.5032,56:a2:44:0e:9e:d6,F,530
15169,1,A,2060705026,492.977051,1787209372234.4802,1787209371741.5032,be:65:0b:2c:96:d0,E,530
74776,1,A,2060705026,492.977051,1787209372234.4802,1787209371741.5032,dc:4b:0a:06:03:f8,B,530
191,1,C,431688712,683.991455,1787209372636.3477,1787209371952.3562,18:42:de:52:4a:dd,A,530
191,1,C,431688712,683.991455,1787209372636.3477,1787209371952.3562,51:56:ae:12:21:ca,D,530
2167,1,C,431688712,683.991455,1787209372636.3477,1787209371952.3562,56:a2:44:0e:9e:d6,F,530
11142,1,C,431688712,683.991455,1787209372636.3477,1787209371952.3562,be:65:0b:2c:96:d0,E,530
16192,1,C,431688712,683.991455,1787209372636.3477,1787209371952.3562,dc:4b:0a:06:03:f8,B,530
227,1,D,17433364,581.991699,1787209377430.549,1787209376848.5574,18:42:de:52:4a:dd,A,540
63,1,D,17433364,581.991699,1787209377430.549,1787209376848.5574,1e:33:a7:2f:8e:d8,C,540
7224,1,D,17433364,581.991699,1787209377430.549,1787209376848.5574,56:a2:44:0e:9e:d6,F,540
16038,1,D,17433364,581.991699,1787209377430.549,1787209376848.5574,be:65:0b:2c:96:d0,E,540
21088,1,D,17433364,581.991699,1787209377430.549,1787209376848.5574,dc:4b:0a:06:03:f8,B,540
7339,1,B,3796397218,901.989014,1787209377865.6672,1787209376963.6782,18:42:de:52:4a:dd,A,540
8481,1,B,3796397218,901.989014,1787209377865.6672,1787209376963.6782,1e:33:a7:2f:8e:d8,C,540
79806,1,B,3796397218,901.989014,1787209377865.6672,1787209376963.6782,51:56:ae:12:21:ca,D,540
7339,1,B,3796397218,901.989014,1787209377865.6672,1787209376963.6782,56:a2:44:0e:9e:d6,F,540
16153,1,B,3796397218,901.989014,1787209377865.6672,1787209376963.6782,be:65:0b:2c:96:d0,E,540
8594,1,F,372385581,660.992676,1787209378883.174,1787209378222.1814,18:42:de:52:4a:dd,A,540
8412,1,F,372385581,660.992676,1787209378883.174,1787209378222.1814,1e:33:a7:2f:8e:d8,C,540
9743,1,F,372385581,660.992676,1787209378883.174,1787209378222.1814,51:56:ae:12:21:ca,D,540
17411,1,F,372385581,660.992676,1787209378883.174,1787209378222.1814,be:65:0b:2c:96:d0,E,540
9741,1,F,372385581,660.992676,1787209378883.174,1787209378222.1814,dc:4b:0a:06:03:f8,B,540
8954,1,E,2832324553,616.990234,1787209379198.9563,1787209378581.966,18:42:de:52:4a:dd,A,540
8954,1,E,2832324553,616.990234,1787209379198.9563,1787209378581.966,1e:33:a7:2f:8e:d8,C,540
25793,1,E,2832324553,616.990234,1787209379198.9563,1787209378581.966,51:56:ae:12:21:ca,D,540
8958,1,E,2832324553,616.990234,1787209379198.9563,1787209378581.966,56:a2:44:0e:9e:d6,F,540
27413,1,E,2832324553,616.990234,1787209379198.9563,1787209378581.966,dc:4b:0a:06:03:f8,B,540
2725,1,A,2060705026,461.978516,1787209382286.0122,1787209381824.0337,1e:33:a7:2f:8e:d8,C,540
2457,1,A,2060705026,461.978516,1787209382286.0122,1787209381824.0337,51:56:ae:12:21:ca,D,540
75,1,A,2060705026,461.978516,1787209382286.0122,1787209381824.0337,56:a2:44:0e:9e:d6,F,540
2130,1,A,2060705026,461.978516,1787209382286.0122,1787209381824.0337,be:65:0b:2c:96:d0,E,540
113,1,A,2060705026,461.978516,1787209382286.0122,1787209381824.0337,dc:4b:0a:06:03:f8,B,540
74,1,C,431688712,711.991211,1787209382987.2192,1787209382275.228,18:42:de:52:4a:dd,A,540
2167,1,C,431688712,711.991211,1787209382987.2192,1787209382275.228,51:56:ae:12:21:ca,D,540
74,1,C,431688712,711.991211,1787209382987.2192,1787209382275.228,56:a2:44:0e:9e:d6,F,540
21465,1,C,431688712,711.991211,1787209382987.2192,1787209382275.228,be:65:0b:2c:96:d0,E,540
2242,1,C,431688712,711.991211,1787209382987.2192,1787209382275.228,dc:4b:0a:06:03:f8,B,540
91,1,B,3796397218,439.994629,1787209387539.5498,1787209387099.5552,18:42:de:52:4a:dd,A,550
8026,1,B,3796397218,439.994629,1787209387539.5498,1787209387099.5552,1e:33:a7:2f:8e:d8,C,550
7404,1,B,3796397218,439.994629,1787209387539.5498,1787209387099.5552,51:56:ae:12:21:ca,D,550
296,1,B,3796397218,439.994629,1787209387539.5498,1787209387099.5552,56:a2:44:0e:9e:d6,F,550
298,1,B,3796397218,439.994629,1787209387539.5498,1787209387099.5552,be:65:0b:2c:96:d0,E,550
4829,1,D,17433364,568.991699,1787209387743.4004,1787209387174.4087,18:42:de:52:4a:dd,A,550
7046,1,D,17433364,568.991699,1787209387743.4004,1787209387174.4087,1e:33:a7:2f:8e:d8,C,550
3022,1,D,17433364,568.991699,1787209387743.4004,1787209387174.4087,56:a2:44:0e:9e:d6,F,550
142,1,D,17433364,568.991699,1787209387743.4004,1787209387174.4087,be:65:0b:2c:96:d0,E,550
142,1,D,17433364,568.991699,1787209387743.4004,1787209387174.4087,dc:4b:0a:06:03:f8,B,550
291,1,F,372385581,586.993408,1787209388855.0654,1787209388268.072,18:42:de:52:4a:dd,A,550
457,1,F,372385581,586.993408,1787209388855.0654,1787209388268.072,1e:33:a7:2f:8e:d8,C,550
466,1,F,372385581,586.993408,1787209388855.0654,1787209388268.072,51:56:ae:12:21:ca,D,550
291,1,F,372385581,586.993408,1787209388855.0654,1787209388268.072,be:65:0b:2c:96:d0,E,550
413,1,F,372385581,586.993408,1787209388855.0654,1787209388268.072,dc:4b:0a:06:03:f8,B,550
637,1,E,2832324553,419.993164,1787209389145.7988,1787209388725.8057,18:42:de:52:4a:dd,A,550
687,1,E,2832324553,419.993164,1787209389145.7988,1787209388725.8057,1e:33:a7:2f:8e:d8,C,550
711,1,E,2832324553,419.993164,1787209389145.7988,1787209388725.8057,51:56:ae:12:21:ca,D,550
1537,1,E,2832324553,419.993164,1787209389145.7988,1787209388725.8057,56:a2:44:0e:9e:d6,F,550
8693,1,E,2832324553,419.993164,1787209389145.7988,1787209388725.8057,dc:4b:0a:06:03:f8,B,550
3823,1,A,2060705026,396.981445,1787209392283.5469,1787209391886.5654,1e:33:a7:2f:8e:d8,C,550
12520,1,A,2060705026,396.981445,1787209392283.5469,1787209391886.5654,51:56:ae:12:21:ca,D,550
1773,1,A,2060705026,396.981445,1787209392283.5469,1787209391886.5654,56:a2:44:0e:9e:d6,F,550
6,1,A,2060705026,396.981445,1787209392283.5469,1787209391886.5654,be:65:0b:2c:96:d0,E,550
1651,1,A,2060705026,396.981445,1787209392283.5469,1787209391886.5654,dc:4b:0a:06:03:f8,B,550
99,1,C,431688712,1033.987061,1787209393601.0874,1787209392567.1003,18:42:de:52:4a:dd,A,550
942,1,C,431688712,1033.987061,1787209393601.0874,1787209392567.1003,51:56:ae:12:21:ca,D,550
235,1,C,431688712,1033.987061,1787209393601.0874,1787209392567.1003,56:a2:44:0e:9e:d6,F,550
99,1,C,431688712,1033.987061,1787209393601.0874,1787209392567.1003,be:65:0b:2c:96:d0,E,550
944,1,C,431688712,1033.987061,1787209393601.0874,1787209392567.1003,dc:4b:0a:06:03:f8,B,550
5094,1,B,3796397218,566.993164,1787209397992.4229,1787209397425.4297,18:42:de:52:4a:dd,A,560
9616,1,B,3796397218,566.993164,1787209397992.4229,1787209397425.4297,1e:33:a7:2f:8e:d8,C,560
5798,1,B,3796397218,566.993164,1787209397992.4229,1787209397425.4297,51:56:ae:12:21:ca,D,560
5094,1,B,3796397218,566.993164,1787209397992.4229,1787209397425.4297,56:a2:44:0e:9e:d6,F,560
5798,1,B,3796397218,566.993164,1787209397992.4229,1787209397425.4297,be:65:0b:2c:96:d0,E,560
5213,1,D,17433364,923.986572,1787209398466.2458,1787209397542.2593,18:42:de:52:4a:dd,A,560
7303,1,D,17433364,923.986572,1787209398466.2458,1787209397542.2593,1e:33:a7:2f:8e:d8,C,560
5213,1,D,17433364,923.986572,1787209398466.2458,1787209397542.2593,56:a2:44:0e:9e:d6,F,560
5921,1,D,17433364,923.986572,1787209398466.2458,1787209397542.2593,be:65:0b:2c:96:d0,E,560
5921,1,D,17433364,923.986572,1787209398466.2458,1787209397542.2593,dc:4b:0a:06:03:f8,B,560
6370,1,F,372385581,649.99292,1787209399302.952,1787209398652.959,18:42:de:52:4a:dd,A,560
10842,1,F,372385581,649.99292,1787209399302.952,1787209398652.959,1e:33:a7:2f:8e:d8,C,560
10851,1,F,372385581,649.99292,1787209399302.952,1787209398652.959,51:56:ae:12:21:ca,D,560
5044,1,F,372385581,649.99292,1787209399302.952,1787209398652.959,be:65:0b:2c:96:d0,E,560
6897,1,F,372385581,649.99292,1787209399302.952,1787209398652.959,dc:4b:0a:06:03:f8,B,560
190,1,E,2832324553,1457.977051,1787209400414.6206,1787209398956.6436,18:42:de:52:4a:dd,A,560
14,1,E,2832324553,1457.977051,1787209400414.6206,1787209398956.6436,1e:33:a7:2f:8e:d8,C,560
7345,1,E,2832324553,1457.977051,1787209400414.6206,1787209398956.6436,51:56:ae:12:21:ca,D,560
5456,1,E,2832324553,1457.977051,1787209400414.6206,1787209398956.6436,56:a2:44:0e:9e:d6,F,560
8722,1,E,2832324553,1457.977051,1787209400414.6206,1787209398956.6436,dc:4b:0a:06:03:f8,B,560
1830,1,A,2060705026,459.978516,1787209402422.075,1787209401962.0964,1e:33:a7:2f:8e:d8,C,560
22596,1,A,2060705026,459.978516,1787209402422.075,1787209401962.0964,51:56:ae:12:21:ca,D,560
9635,1,A,2060705026,459.978516,1787209402422.075,1787209401962.0964,56:a2:44:0e:9e:d6,F,560
95,1,A,2060705026,459.978516,1787209402422.075,1787209401962.0964,be:65:0b:2c:96:d0,E,560
11727,1,A,2060705026,459.978516,1787209402422.075,1787209401962.0964,dc:4b:0a:06:03:f8,B,560
8,1,C,431688712,744.990967,1787209403529.9644,1787209402784.9734,18:42:de:52:4a:dd,A,560
1226,1,C,431688712,744.990967,1787209403529.9644,1787209402784.9734,51:56:ae:12:21:ca,D,560
2994,1,C,431688712,744.990967,1787209403529.9644,1787209402784.9734,56:a2:44:0e:9e:d6,F,560
8,1,C,431688712,744.990967,1787209403529.9644,1787209402784.9734,be:65:0b:2c:96:d0,E,560
233,1,C,431688712,744.990967,1787209403529.9644,1787209402784.9734,dc:4b:0a:06:03:f8,B,560
3515,1,B,3796397218,900.989014,1787209408758.292,1787209407857.303,18:42:de:52:4a:dd,A,570
5303,1,B,3796397218,900.989014,1787209408758.292,1787209407857.303,1e:33:a7:2f:8e:d8,C,570
16230,1,B,3796397218,900.989014,1787209408758.292,1787209407857.303,51:56:ae:12:21:ca,D,570
8065,1,B,3796397218,900.989014,1787209408758.292,1787209407857.303,56:a2:44:0e:9e:d6,F,570
5134,1,B,3796397218,900.989014,1787209408758.292,1787209407857.303,be:65:0b:2c:96:d0,E,570
3632,1,D,17433364,895.987061,1787209408870.096,1787209407974.109,18:42:de:52:4a:dd,A,570
5420,1,D,17433364,895.987061,1787209408870.096,1787209407974.109,1e:33:a7:2f:8e:d8,C,570
8182,1,D,17433364,895.987061,1787209408870.096,1787209407974.109,56:a2:44:0e:9e:d6,F,570
5251,1,D,17433364,895.987061,1787209408870.096,1787209407974.109,be:65:0b:2c:96:d0,E,570
16353,1,D,17433364,895.987061,1787209408870.096,1787209407974.109,dc:4b:0a:06:03:f8,B,570
914,1,F,372385581,584.993652,1787209409641.8394,1787209409056.8457,18:42:de:52:4a:dd,A,570
887,1,F,372385581,584.993652,1787209409641.8394,1787209409056.8457,1e:33:a7:2f:8e:d8,C,570
21255,1,F,372385581,584.993652,1787209409641.8394,1787209409056.8457,51:56:ae:12:21:ca,D,570
6334,1,F,372385581,584.993652,1787209409641.8394,1787209409056.8457,be:65:0b:2c:96:d0,E,570
17301,1,F,372385581,584.993652,1787209409641.8394,1787209409056.8457,dc:4b:0a:06:03:f8,B,570
5008,1,E,2832324553,621.98999,1787209409972.4692,1787209409350.4792,18:42:de:52:4a:dd,A,570
6445,1,E,2832324553,621.98999,1787209409972.4692,1787209409350.4792,1e:33:a7:2f:8e:d8,C,570
7791,1,E,2832324553,621.98999,1787209409972.4692,1787209409350.4792,51:56:ae:12:21:ca,D,570
15850,1,E,2832324553,621.98999,1787209409972.4692,1787209409350.4792,56:a2:44:0e:9e:d6,F,570
6799,1,E,2832324553,621.98999,1787209409972.4692,1787209409350.4792,dc:4b:0a:06:03:f8,B,570
7851,1,A,2060705026,561.973633,1787209412811.5913,1787209412249.6177,1e:33:a7:2f:8e:d8,C,570
32884,1,A,2060705026,561.973633,1787209412811.5913,1787209412249.6177,51:56:ae:12:21:ca,D,570
83,1,A,2060705026,561.973633,1787209412811.5913,1787209412249.6177,56:a2:44:0e:9e:d6,F,570
9526,1,A,2060705026,561.973633,1787209412811.5913,1787209412249.6177,be:65:0b:2c:96:d0,E,570
22015,1,A,2060705026,561.973633,1787209412811.5913,1787209412249.6177,dc:4b:0a:06:03:f8,B,570
888,1,C,431688712,588.992676,1787209413625.8389,1787209413036.8462,18:42:de:52:4a:dd,A,570
11478,1,C,431688712,588.992676,1787209413625.8389,1787209413036.8462,51:56:ae:12:21:ca,D,570
888,1,C,431688712,588.992676,1787209413625.8389,1787209413036.8462,56:a2:44:0e:9e:d6,F,570
10153,1,C,431688712,588.992676,1787209413625.8389,1787209413036.8462,be:65:0b:2c:96:d0,E,570
10485,1,C,431688712,588.992676,1787209413625.8389,1787209413036.8462,dc:4b:0a:06:03:f8,B,570
13912,1,B,3796397218,872.989258,1787209419127.166,1787209418254.1768,18:42:de:52:4a:dd,A,580
15700,1,B,3796397218,872.989258,1787209419127.166,1787209418254.1768,1e:33:a7:2f:8e:d8,C,580
26627,1,B,3796397218,872.989258,1787209419127.166,1787209418254.1768,51:56:ae:12:21:ca,D,580
18462,1,B,3796397218,872.989258,1787209419127.166,1787209418254.1768,56:a2:44:0e:9e:d6,F,580
15531,1,B,3796397218,872.989258,1787209419127.166,1787209418254.1768,be:65:0b:2c:96:d0,E,580
14030,1,D,17433364,851.987793,1787209419223.9468,1787209418371.959,18:42:de:52:4a:dd,A,580
15818,1,D,17433364,851.987793,1787209419223.9468,1787209418371.959,1e:33:a7:2f:8e:d8,C,580
18580,1,D,17433364,851.987793,1787209419223.9468,1787209418371.959,56:a2:44:0e:9e:d6,F,580
15649,1,D,17433364,851.987793,1787209419223.9468,1787209418371.959,be:65:0b:2c:96:d0,E,580
26751,1,D,17433364,851.987793,1787209419223.9468,1787209418371.959,dc:4b:0a:06:03:f8,B,580
288,1,F,372385581,568.993896,1787209419999.7266,1787209419430.7327,18:42:de:52:4a:dd,A,580
6,1,F,372385581,568.993896,1787209419999.7266,1787209419430.7327,1e:33:a7:2f:8e:d8,C,580
31629,1,F,372385581,568.993896,1787209419999.7266,1787209419430.7327,51:56:ae:12:21:ca,D,580
16708,1,F,372385581,568.993896,1787209419999.7266,1787209419430.7327,be:65:0b:2c:96:d0,E,580
27675,1,F,372385581,568.993896,1787209419999.7266,1787209419430.7327,dc:4b:0a:06:03:f8,B,580
15369,1,E,2832324553,584.990723,1787209420296.306,1787209419711.3152,18:42:de:52:4a:dd,A,580
16806,1,E,2832324553,584.990723,1787209420296.306,1787209419711.3152,1e:33:a7:2f:8e:d8,C,580
18152,1,E,2832324553,584.990723,1787209420296.306,1787209419711.3152,51:56:ae:12:21:ca,D,580
26211,1,E,2832324553,584.990723,1787209420296.306,1787209419711.3152,56:a2:44:0e:9e:d6,F,580
17160,1,E,2832324553,584.990723,1787209420296.306,1787209419711.3152,dc:4b:0a:06:03:f8,B,580
18137,1,A,2060705026,546.974365,1787209423082.1133,1787209422535.139,1e:33:a7:2f:8e:d8,C,580
43170,1,A,2060705026,546.974365,1787209423082.1133,1787209422535.139,51:56:ae:12:21:ca,D,580
368,1,A,2060705026,546.974365,1787209423082.1133,1787209422535.139,56:a2:44:0e:9e:d6,F,580
19812,1,A,2060705026,546.974365,1787209423082.1133,1787209422535.139,be:65:0b:2c:96:d0,E,580
32301,1,A,2060705026,546.974365,1787209423082.1133,1787209422535.139,dc:4b:0a:06:03:f8,B,580
124,1,C,431688712,597.992676,1787209423868.712,1787209423270.7192,18:42:de:52:4a:dd,A,580
21712,1,C,431688712,597.992676,1787209423868.712,1787209423270.7192,51:56:ae:12:21:ca,D,580
124,1,C,431688712,597.992676,1787209423868.712,1787209423270.7192,56:a2:44:0e:9e:d6,F,580
20387,1,C,431688712,597.992676,1787209423868.712,1787209423270.7192,be:65:0b:2c:96:d0,E,580
20719,1,C,431688712,597.992676,1787209423868.712,1787209423270.7192,dc:4b:0a:06:03:f8,B,580
24311,1,B,3796397218,877.989258,1787209429531.0396,1787209428653.0503,18:42:de:52:4a:dd,A,590
26099,1,B,3796397218,877.989258,1787209429531.0396,1787209428653.0503,1e:33:a7:2f:8e:d8,C,590
37026,1,B,3796397218,877.989258,1787209429531.0396,1787209428653.0503,51:56:ae:12:21:ca,D,590
28861,1,B,3796397218,877.989258,1787209429531.0396,1787209428653.0503,56:a2:44:0e:9e:d6,F,590
25930,1,B,3796397218,877.989258,1787209429531.0396,1787209428653.0503,be:65:0b:2c:96:d0,E,590
24427,1,D,17433364,876.987549,1787209429645.7966,1787209428768.809,18:42:de:52:4a:dd,A,590
26215,1,D,17433364,876.987549,1787209429645.7966,1787209428768.809,1e:33:a7:2f:8e:d8,C,590
28977,1,D,17433364,876.987549,1787209429645.7966,1787209428768.809,56:a2:44:0e:9e:d6,F,590
26046,1,D,17433364,876.987549,1787209429645.7966,1787209428768.809,be:65:0b:2c:96:d0,E,590
37148,1,D,17433364,876.987549,1787209429645.7966,1787209428768.809,dc:4b:0a:06:03:f8,B,590
752,1,F,372385581,628.993164,1787209430522.612,1787209429893.619,18:42:de:52:4a:dd,A,590
724,1,F,372385581,628.993164,1787209430522.612,1787209429893.619,1e:33:a7:2f:8e:d8,C,590
42092,1,F,372385581,628.993164,1787209430522.612,1787209429893.619,51:56:ae:12:21:ca,D,590
27171,1,F,372385581,628.993164,1787209430522.612,1787209429893.619,be:65:0b:2c:96:d0,E,590
38138,1,F,372385581,628.993164,1787209430522.612,1787209429893.619,dc:4b:0a:06:03:f8,B,590
25756,1,E,2832324553,849.986572,1787209430948.1375,1787209430098.151,18:42:de:52:4a:dd,A,590
27193,1,E,2832324553,849.986572,1787209430948.1375,1787209430098.151,1e:33:a7:2f:8e:d8,C,590
28539,1,E,2832324553,849.986572,1787209430948.1375,1787209430098.151,51:56:ae:12:21:ca,D,590
36598,1,E,2832324553,849.986572,1787209430948.1375,1787209430098.151,56:a2:44:0e:9e:d6,F,590
27547,1,E,2832324553,849.986572,1787209430948.1375,1787209430098.151,dc:4b:0a:06:03:f8,B,590
28427,1,A,2060705026,621.970947,1787209433446.6309,1787209432824.66,1e:33:a7:2f:8e:d8,C,590
53460,1,A,2060705026,621.970947,1787209433446.6309,1787209432824.66,51:56:ae:12:21:ca,D,590
659,1,A,2060705026,621.970947,1787209433446.6309,1787209432824.66,56:a2:44:0e:9e:d6,F,590
30102,1,A,2060705026,621.970947,1787209433446.6309,1787209432824.66,be:65:0b:2c:96:d0,E,590
42591,1,A,2060705026,621.970947,1787209433446.6309,1787209432824.66,dc:4b:0a:06:03:f8,B,590
387,1,C,431688712,553.993164,1787209434088.585,1787209433534.5918,18:42:de:52:4a:dd,A,590
31976,1,C,431688712,553.993164,1787209434088.585,1787209433534.5918,51:56:ae:12:21:ca,D,590
387,1,C,431688712,553.993164,1787209434088.585,1787209433534.5918,56:a2:44:0e:9e:d6,F,590
30651,1,C,431688712,553.993164,1787209434088.585,1787209433534.5918,be:65:0b:2c:96:d0,E,590
30983,1,C,431688712,553.993164,1787209434088.585,1787209433534.5918,dc:4b:0a:06:03:f8,B,590
34730,1,B,3796397218,858.989502,1787209439930.9133,1787209439071.9238,18:42:de:52:4a:dd,A,600
36518,1,B,3796397218,858.989502,1787209439930.9133,1787209439071.9238,1e:33:a7:2f:8e:d8,C,600
47445,1,B,3796397218,858.989502,1787209439930.9133,1787209439071.9238,51:56:ae:12:21:ca,D,600
39280,1,B,3796397218,858.989502,1787209439930.9133,1787209439071.9238,56:a2:44:0e:9e:d6,F,600
36349,1,B,3796397218,858.989502,1787209439930.9133,1787209439071.9238,be:65:0b:2c:96:d0,E,600
34835,1,D,17433364,897.987061,1787209440074.6462,1787209439176.6592,18:42:de:52:4a:dd,A,600
36623,1,D,17433364,897.987061,1787209440074.6462,1787209439176.6592,1e:33:a7:2f:8e:d8,C,600
39385,1,D,17433364,897.987061,1787209440074.6462,1787209439176.6592,56:a2:44:0e:9e:d6,F,600
36454,1,D,17433364,897.987061,1787209440074.6462,1787209439176.6592,be:65:0b:2c:96:d0,E,600
47556,1,D,17433364,897.987061,1787209440074.6462,1787209439176.6592,dc:4b:0a:06:03:f8,B,600
107,1,F,372385581,940.989746,1787209441189.4958,1787209440248.506,18:42:de:52:4a:dd,A,600
81,1,F,372385581,940.989746,1787209441189.4958,1787209440248.506,1e:33:a7:2f:8e:d8,C,600
52447,1,F,372385581,940.989746,1787209441189.4958,1787209440248.506,51:56:ae:12:21:ca,D,600
37526,1,F,372385581,940.989746,1787209441189.4958,1787209440248.506,be:65:0b:2c:96:d0,E,600
48493,1,F,372385581,940.989746,1787209441189.4958,1787209440248.506,dc:4b:0a:06:03:f8,B,600
36113,1,E,2832324553,891.98584,1787209441346.9727,1787209440454.9868,18:42:de:52:4a:dd,A,600
37550,1,E,2832324553,891.98584,1787209441346.9727,1787209440454.9868,1e:33:a7:2f:8e:d8,C,600
38896,1,E,2832324553,891.98584,1787209441346.9727,1787209440454.9868,51:56:ae:12:21:ca,D,600
46955,1,E,2832324553,891.98584,1787209441346.9727,1787209440454.9868,56:a2:44:0e:9e:d6,F,600
37904,1,E,2832324553,891.98584,1787209441346.9727,1787209440454.9868,dc:4b:0a:06:03:f8,B,600
38716,1,A,2060705026,628.970703,1787209443742.1516,1787209443113.181,1e:33:a7:2f:8e:d8,C,600
63749,1,A,2060705026,628.970703,1787209443742.1516,1787209443113.181,51:56:ae:12:21:ca,D,600
948,1,A,2060705026,628.970703,1787209443742.1516,1787209443113.181,56:a2:44:0e:9e:d6,F,600
40391,1,A,2060705026,628.970703,1787209443742.1516,1787209443113.181,be:65:0b:2c:96:d0,E,600
52880,1,A,2060705026,628.970703,1787209443742.1516,1787209443113.181,dc:4b:0a:06:03:f8,B,600
644,1,C,431688712,547.993164,1787209444336.4578,1787209443788.4646,18:42:de:52:4a:dd,A,600
42230,1,C,431688712,547.993164,1787209444336.4578,1787209443788.4646,51:56:ae:12:21:ca,D,600
644,1,C,431688712,547.993164,1787209444336.4578,1787209443788.4646,56:a2:44:0e:9e:d6,F,600
40905,1,C,431688712,547.993164,1787209444336.4578,1787209443788.4646,be:65:0b:2c:96:d0,E,600
41237,1,C,431688712,547.993164,1787209444336.4578,1787209443788.4646,dc:4b:0a:06:03:f8,B,600
45090,1,B,3796397218,900.989014,1787209450332.7869,1787209449431.7979,18:42:de:52:4a:dd,A,610
46878,1,B,3796397218,900.989014,1787209450332.7869,1787209449431.7979,1e:33:a7:2f:8e:d8,C,610
57805,1,B,3796397218,900.989014,1787209450332.7869,1787209449431.7979,51:56:ae:12:21:ca,D,610
49640,1,B,3796397218,900.989014,1787209450332.7869,1787209449431.7979,56:a2:44:0e:9e:d6,F,610
46709,1,B,3796397218,900.989014,1787209450332.7869,1787209449431.7979,be:65:0b:2c:96:d0,E,610
45196,1,D,17433364,857.987549,1787209450395.4976,1787209449537.51,18:42:de:52:4a:dd,A,610
46984,1,D,17433364,857.987549,1787209450395.4976,1787209449537.51,1e:33:a7:2f:8e:d8,C,610
49746,1,D,17433364,857.987549,1787209450395.4976,1787209449537.51,56:a2:44:0e:9e:d6,F,610
46815,1,D,17433364,857.987549,1787209450395.4976,1787209449537.51,be:65:0b:2c:96:d0,E,610
57917,1,D,17433364,857.987549,1787209450395.4976,1787209449537.51,dc:4b:0a:06:03:f8,B,610
549,1,F,372385581,888.990479,1787209451579.3828,1787209450690.3923,18:42:de:52:4a:dd,A,610
520,1,F,372385581,888.990479,1787209451579.3828,1787209450690.3923,1e:33:a7:2f:8e:d8,C,610
62889,1,F,372385581,888.990479,1787209451579.3828,1787209450690.3923,51:56:ae:12:21:ca,D,610
47968,1,F,372385581,888.990479,1787209451579.3828,1787209450690.3923,be:65:0b:2c:96:d0,E,610
58935,1,F,372385581,888.990479,1787209451579.3828,1787209450690.3923,dc:4b:0a:06:03:f8,B,610
46479,1,E,2832324553,886.986084,1787209451707.8088,1787209450820.8228,18:42:de:52:4a:dd,A,610
47916,1,E,2832324553,886.986084,1787209451707.8088,1787209450820.8228,1e:33:a7:2f:8e:d8,C,610
49262,1,E,2832324553,886.986084,1787209451707.8088,1787209450820.8228,51:56:ae:12:21:ca,D,610
57321,1,E,2832324553,886.986084,1787209451707.8088,1787209450820.8228,56:a2:44:0e:9e:d6,F,610
48270,1,E,2832324553,886.986084,1787209451707.8088,1787209450820.8228,dc:4b:0a:06:03:f8,B,610
49004,1,A,2060705026,613.971436,1787209454014.6736,1787209453400.7021,1e:33:a7:2f:8e:d8,C,610
74037,1,A,2060705026,613.971436,1787209454014.6736,1787209453400.7021,51:56:ae:12:21:ca,D,610
235,1,A,2060705026,613.971436,1787209454014.6736,1787209453400.7021,56:a2:44:0e:9e:d6,F,610
50679,1,A,2060705026,613.971436,1787209454014.6736,1787209453400.7021,be:65:0b:2c:96:d0,E,610
63168,1,A,2060705026,613.971436,1787209454014.6736,1787209453400.7021,dc:4b:0a:06:03:f8,B,610
903,1,C,431688712,593.992676,1787209454645.3298,1787209454051.3372,18:42:de:52:4a:dd,A,610
52493,1,C,431688712,593.992676,1787209454645.3298,1787209454051.3372,51:56:ae:12:21:ca,D,610
903,1,C,431688712,593.992676,1787209454645.3298,1787209454051.3372,56:a2:44:0e:9e:d6,F,610
51168,1,C,431688712,593.992676,1787209454645.3298,1787209454051.3372,be:65:0b:2c:96:d0,E,610
51500,1,C,431688712,593.992676,1787209454645.3298,1787209454051.3372,dc:4b:0a:06:03:f8,B,610
55467,1,B,3796397218,912.989014,1787209460721.661,1787209459808.6719,18:42:de:52:4a:dd,A,620
57255,1,B,3796397218,912.989014,1787209460721.661,1787209459808.6719,1e:33:a7:2f:8e:d8,C,620
68182,1,B,3796397218,912.989014,1787209460721.661,1787209459808.6719,51:56:ae:12:21:ca,D,620
60017,1,B,3796397218,912.989014,1787209460721.661,1787209459808.6719,56:a2:44:0e:9e:d6,F,620
57086,1,B,3796397218,912.989014,1787209460721.661,1787209459808.6719,be:65:0b:2c:96:d0,E,620
55566,1,D,17433364,915.986816,1787209460823.3472,1787209459907.3604,18:42:de:52:4a:dd,A,620
57354,1,D,17433364,915.986816,1787209460823.3472,1787209459907.3604,1e:33:a7:2f:8e:d8,C,620
60116,1,D,17433364,915.986816,1787209460823.3472,1787209459907.3604,56:a2:44:0e:9e:d6,F,620
57185,1,D,17433364,915.986816,1787209460823.3472,1787209459907.3604,be:65:0b:2c:96:d0,E,620
68287,1,D,17433364,915.986816,1787209460823.3472,1787209459907.3604,dc:4b:0a:06:03:f8,B,620
997,1,F,372385581,863.990479,1787209462001.2693,1787209461137.2788,18:42:de:52:4a:dd,A,620
970,1,F,372385581,863.990479,1787209462001.2693,1787209461137.2788,1e:33:a7:2f:8e:d8,C,620
73336,1,F,372385581,863.990479,1787209462001.2693,1787209461137.2788,51:56:ae:12:21:ca,D,620
58415,1,F,372385581,863.990479,1787209462001.2693,1787209461137.2788,be:65:0b:2c:96:d0,E,620
69382,1,F,372385581,863.990479,1787209462001.2693,1787209461137.2788,dc:4b:0a:06:03:f8,B,620
56832,1,E,2832324553,868.986328,1787209462042.6453,1787209461173.659,18:42:de:52:4a:dd,A,620
58269,1,E,2832324553,868.986328,1787209462042.6453,1787209461173.659,1e:33:a7:2f:8e:d8,C,620
59615,1,E,2832324553,868.986328,1787209462042.6453,1787209461173.659,51:56:ae:12:21:ca,D,620
67674,1,E,2832324553,868.986328,1787209462042.6453,1787209461173.659,56:a2:44:0e:9e:d6,F,620
58623,1,E,2832324553,868.986328,1787209462042.6453,1787209461173.659,dc:4b:0a:06:03:f8,B,620
59292,1,A,2060705026,627.970703,1787209464316.194,1787209463688.2234,1e:33:a7:2f:8e:d8,C,620
84325,1,A,2060705026,627.970703,1787209464316.194,1787209463688.2234,51:56:ae:12:21:ca,D,620
523,1,A,2060705026,627.970703,1787209464316.194,1787209463688.2234,56:a2:44:0e:9e:d6,F,620
60967,1,A,2060705026,627.970703,1787209464316.194,1787209463688.2234,be:65:0b:2c:96:d0,E,620
73456,1,A,2060705026,627.970703,1787209464316.194,1787209463688.2234,dc:4b:0a:06:03:f8,B,620
160,1,C,431688712,603.992432,1787209464909.2024,1787209464305.21,18:42:de:52:4a:dd,A,620
62747,1,C,431688712,603.992432,1787209464909.2024,1787209464305.21,51:56:ae:12:21:ca,D,620
160,1,C,431688712,603.992432,1787209464909.2024,1787209464305.21,56:a2:44:0e:9e:d6,F,620
61422,1,C,431688712,603.992432,1787209464909.2024,1787209464305.21,be:65:0b:2c:96:d0,E,620
61754,1,C,431688712,603.992432,1787209464909.2024,1787209464305.21,dc:4b:0a:06:03:f8,B,620
65882,1,B,3796397218,913.98877,1787209471137.5342,1787209470223.5454,18:42:de:52:4a:dd,A,630
67670,1,B,3796397218,913.98877,1787209471137.5342,1787209470223.5454,1e:33:a7:2f:8e:d8,C,630
78597,1,B,3796397218,913.98877,1787209471137.5342,1787209470223.5454,51:56:ae:12:21:ca,D,630
70432,1,B,3796397218,913.98877,1787209471137.5342,1787209470223.5454,56:a2:44:0e:9e:d6,F,630
67501,1,B,3796397218,913.98877,1787209471137.5342,1787209470223.5454,be:65:0b:2c:96:d0,E,630
65983,1,D,17433364,871.987305,1787209471196.1978,1787209470324.2104,18:42:de:52:4a:dd,A,630
67771,1,D,17433364,871.987305,1787209471196.1978,1787209470324.2104,1e:33:a7:2f:8e:d8,C,630
70533,1,D,17433364,871.987305,1787209471196.1978,1787209470324.2104,56:a2:44:0e:9e:d6,F,630
67602,1,D,17433364,871.987305,1787209471196.1978,1787209470324.2104,be:65:0b:2c:96:d0,E,630
78704,1,D,17433364,871.987305,1787209471196.1978,1787209470324.2104,dc:4b:0a:06:03:f8,B,630
392,1,F,372385581,920.98999,1787209472453.1555,1787209471532.1655,18:42:de:52:4a:dd,A,630
364,1,F,372385581,920.98999,1787209472453.1555,1787209471532.1655,1e:33:a7:2f:8e:d8,C,630
83731,1,F,372385581,920.98999,1787209472453.1555,1787209471532.1655,51:56:ae:12:21:ca,D,630
68810,1,F,372385581,920.98999,1787209472453.1555,1787209471532.1655,be:65:0b:2c:96:d0,E,630
79777,1,F,372385581,920.98999,1787209472453.1555,1787209471532.1655,dc:4b:0a:06:03:f8,B,630
67216,1,E,2832324553,876.986084,1787209472434.4807,1787209471557.4946,18:42:de:52:4a:dd,A,630
68653,1,E,2832324553,876.986084,1787209472434.4807,1787209471557.4946,1e:33:a7:2f:8e:d8,C,630
69999,1,E,2832324553,876.986084,1787209472434.4807,1787209471557.4946,51:56:ae:12:21:ca,D,630
78058,1,E,2832324553,876.986084,1787209472434.4807,1787209471557.4946,56:a2:44:0e:9e:d6,F,630
69007,1,E,2832324553,876.986084,1787209472434.4807,1787209471557.4946,dc:4b:0a:06:03:f8,B,630
69594,1,A,2060705026,618.971191,1787209474608.715,1787209473989.744,1e:33:a7:2f:8e:d8,C,630
94627,1,A,2060705026,618.971191,1787209474608.715,1787209473989.744,51:56:ae:12:21:ca,D,630
825,1,A,2060705026,618.971191,1787209474608.715,1787209473989.744,56:a2:44:0e:9e:d6,F,630
71269,1,A,2060705026,618.971191,1787209474608.715,1787209473989.744,be:65:0b:2c:96:d0,E,630
83758,1,A,2060705026,618.971191,1787209474608.715,1787209473989.744,dc:4b:0a:06:03:f8,B,630
424,1,C,431688712,573.99292,1787209475142.0754,1787209474568.0825,18:42:de:52:4a:dd,A,630
73010,1,C,431688712,573.99292,1787209475142.0754,1787209474568.0825,51:56:ae:12:21:ca,D,630
424,1,C,431688712,573.99292,1787209475142.0754,1787209474568.0825,56:a2:44:0e:9e:d6,F,630
71685,1,C,431688712,573.99292,1787209475142.0754,1787209474568.0825,be:65:0b:2c:96:d0,E,630
72017,1,C,431688712,573.99292,1787209475142.0754,1787209474568.0825,dc:4b:0a:06:03:f8,B,630
76280,1,B,3796397218,877.989502,1787209481499.4084,1787209480621.419,18:42:de:52:4a:dd,A,640
78068,1,B,3796397218,877.989502,1787209481499.4084,1787209480621.419,1e:33:a7:2f:8e:d8,C,640
88995,1,B,3796397218,877.989502,1787209481499.4084,1787209480621.419,51:56:ae:12:21:ca,D,640
80830,1,B,3796397218,877.989502,1787209481499.4084,1787209480621.419,56:a2:44:0e:9e:d6,F,640
77899,1,B,3796397218,877.989502,1787209481499.4084,1787209480621.419,be:65:0b:2c:96:d0,E,640
76401,1,D,17433364,862.987549,1787209481605.0479,1787209480742.0603,18:42:de:52:4a:dd,A,640
78189,1,D,17433364,862.987549,1787209481605.0479,1787209480742.0603,1e:33:a7:2f:8e:d8,C,640
80951,1,D,17433364,862.987549,1787209481605.0479,1787209480742.0603,56:a2:44:0e:9e:d6,F,640
78020,1,D,17433364,862.987549,1787209481605.0479,1787209480742.0603,be:65:0b:2c:96:d0,E,640
89122,1,D,17433364,862.987549,1787209481605.0479,1787209480742.0603,dc:4b:0a:06:03:f8,B,640
77587,1,E,2832324553,861.986328,1787209482790.317,1787209481928.3306,18:42:de:52:4a:dd,A,640
79024,1,E,2832324553,861.986328,1787209482790.317,1787209481928.3306,1e:33:a7:2f:8e:d8,C,640
80370,1,E,2832324553,861.986328,1787209482790.317,1787209481928.3306,51:56:ae:12:21:ca,D,640
88429,1,E,2832324553,861.986328,1787209482790.317,1787209481928.3306,56:a2:44:0e:9e:d6,F,640
79378,1,E,2832324553,861.986328,1787209482790.317,1787209481928.3306,dc:4b:0a:06:03:f8,B,640
810,1,F,372385581,870.990479,1787209482820.0427,1787209481949.0522,18:42:de:52:4a:dd,A,640
782,1,F,372385581,870.990479,1787209482820.0427,1787209481949.0522,1e:33:a7:2f:8e:d8,C,640
94148,1,F,372385581,870.990479,1787209482820.0427,1787209481949.0522,51:56:ae:12:21:ca,D,640
79227,1,F,372385581,870.990479,1787209482820.0427,1787209481949.0522,be:65:0b:2c:96:d0,E,640
90194,1,F,372385581,870.990479,1787209482820.0427,1787209481949.0522,dc:4b:0a:06:03:f8,B,640
79858,1,A,2060705026,582.9729,1787209484836.239,1787209484253.266,1e:33:a7:2f:8e:d8,C,640
104891,1,A,2060705026,582.9729,1787209484836.239,1787209484253.266,51:56:ae:12:21:ca,D,640
90,1,A,2060705026,582.9729,1787209484836.239,1787209484253.266,56:a2:44:0e:9e:d6,F,640
81533,1,A,2060705026,582.9729,1787209484836.239,1787209484253.266,be:65:0b:2c:96:d0,E,640
94022,1,A,2060705026,582.9729,1787209484836.239,1787209484253.266,dc:4b:0a:06:03:f8,B,640
686,1,C,431688712,607.992432,1787209485438.9475,1787209484830.955,18:42:de:52:4a:dd,A,640
83273,1,C,431688712,607.992432,1787209485438.9475,1787209484830.955,51:56:ae:12:21:ca,D,640
686,1,C,431688712,607.992432,1787209485438.9475,1787209484830.955,56:a2:44:0e:9e:d6,F,640
81948,1,C,431688712,607.992432,1787209485438.9475,1787209484830.955,be:65:0b:2c:96:d0,E,640
82280,1,C,431688712,607.992432,1787209485438.9475,1787209484830.955,dc:4b:0a:06:03:f8,B,640
86681,1,B,3796397218,864.989502,1787209491887.2822,1787209491022.2927,18:42:de:52:4a:dd,A,650
88469,1,B,3796397218,864.989502,1787209491887.2822,1787209491022.2927,1e:33:a7:2f:8e:d8,C,650
1640,1,B,3796397218,864.989502,1787209491887.2822,1787209491022.2927,51:56:ae:12:21:ca,D,650
91231,1,B,3796397218,864.989502,1787209491887.2822,1787209491022.2927,56:a2:44:0e:9e:d6,F,650
88300,1,B,3796397218,864.989502,1787209491887.2822,1787209491022.2927,be:65:0b:2c:96:d0,E,650
86760,1,D,17433364,875.987305,1787209491976.8982,1787209491100.911,18:42:de:52:4a:dd,A,650
88548,1,D,17433364,875.987305,1787209491976.8982,1787209491100.911,1e:33:a7:2f:8e:d8,C,650
91310,1,D,17433364,875.987305,1787209491976.8982,1787209491100.911,56:a2:44:0e:9e:d6,F,650
88379,1,D,17433364,875.987305,1787209491976.8982,1787209491100.911,be:65:0b:2c:96:d0,E,650
99481,1,D,17433364,875.987305,1787209491976.8982,1787209491100.911,dc:4b:0a:06:03:f8,B,650
87966,1,E,2832324553,897.98584,1787209493205.152,1787209492307.1663,18:42:de:52:4a:dd,A,650
89403,1,E,2832324553,897.98584,1787209493205.152,1787209492307.1663,1e:33:a7:2f:8e:d8,C,650
2926,1,E,2832324553,897.98584,1787209493205.152,1787209492307.1663,51:56:ae:12:21:ca,D,650
98808,1,E,2832324553,897.98584,1787209493205.152,1787209492307.1663,56:a2:44:0e:9e:d6,F,650
89757,1,E,2832324553,897.98584,1787209493205.152,1787209492307.1663,dc:4b:0a:06:03:f8,B,650
172,1,F,372385581,913.98999,1787209493224.9294,1787209492310.9395,18:42:de:52:4a:dd,A,650
144,1,F,372385581,913.98999,1787209493224.9294,1787209492310.9395,1e:33:a7:2f:8e:d8,C,650
2930,1,F,372385581,913.98999,1787209493224.9294,1787209492310.9395,51:56:ae:12:21:ca,D,650
3601,1,F,372385581,913.98999,1787209493224.9294,1787209492310.9395,be:65:0b:2c:96:d0,E,650
100556,1,F,372385581,913.98999,1787209493224.9294,1787209492310.9395,dc:4b:0a:06:03:f8,B,650
90147,1,A,2060705026,603.971924,1787209495145.759,1787209494541.787,1e:33:a7:2f:8e:d8,C,650
5162,1,A,2060705026,603.971924,1787209495145.759,1787209494541.787,51:56:ae:12:21:ca,D,650
378,1,A,2060705026,603.971924,1787209495145.759,1787209494541.787,56:a2:44:0e:9e:d6,F,650
5833,1,A,2060705026,603.971924,1787209495145.759,1787209494541.787,be:65:0b:2c:96:d0,E,650
2091,1,A,2060705026,603.971924,1787209495145.759,1787209494541.787,dc:4b:0a:06:03:f8,B,650
955,1,C,431688712,597.992676,1787209495697.8203,1787209495099.8276,18:42:de:52:4a:dd,A,650
5719,1,C,431688712,597.992676,1787209495697.8203,1787209495099.8276,51:56:ae:12:21:ca,D,650
955,1,C,431688712,597.992676,1787209495697.8203,1787209495099.8276,56:a2:44:0e:9e:d6,F,650
92217,1,C,431688712,597.992676,1787209495697.8203,1787209495099.8276,be:65:0b:2c:96:d0,E,650
2647,1,C,431688712,597.992676,1787209495697.8203,1787209495099.8276,dc:4b:0a:06:03:f8,B,650
97043,1,B,3796397218,809.990234,1787209502194.157,1787209501384.1667,18:42:de:52:4a:dd,A,660
98831,1,B,3796397218,809.990234,1787209502194.157,1787209501384.1667,1e:33:a7:2f:8e:d8,C,660
12002,1,B,3796397218,809.990234,1787209502194.157,1787209501384.1667,51:56:ae:12:21:ca,D,660
101593,1,B,3796397218,809.990234,1787209502194.157,1787209501384.1667,56:a2:44:0e:9e:d6,F,660
98662,1,B,3796397218,809.990234,1787209502194.157,1787209501384.1667,be:65:0b:2c:96:d0,E,660
97128,1,D,17433364,857.987549,1787209502326.749,1787209501468.7615,18:42:de:52:4a:dd,A,660
98916,1,D,17433364,857.987549,1787209502326.749,1787209501468.7615,1e:33:a7:2f:8e:d8,C,660
101678,1,D,17433364,857.987549,1787209502326.749,1787209501468.7615,56:a2:44:0e:9e:d6,F,660
98747,1,D,17433364,857.987549,1787209502326.749,1787209501468.7615,be:65:0b:2c:96:d0,E,660
9017,1,D,17433364,857.987549,1787209502326.749,1787209501468.7615,dc:4b:0a:06:03:f8,B,660
98354,1,E,2832324553,860.986328,1787209503555.9883,1787209502695.002,18:42:de:52:4a:dd,A,660
99791,1,E,2832324553,860.986328,1787209503555.9883,1787209502695.002,1e:33:a7:2f:8e:d8,C,660
13314,1,E,2832324553,860.986328,1787209503555.9883,1787209502695.002,51:56:ae:12:21:ca,D,660
109196,1,E,2832324553,860.986328,1787209503555.9883,1787209502695.002,56:a2:44:0e:9e:d6,F,660
10243,1,E,2832324553,860.986328,1787209503555.9883,1787209502695.002,dc:4b:0a:06:03:f8,B,660
596,1,F,372385581,884.990234,1787209503619.8162,1787209502734.826,18:42:de:52:4a:dd,A,660
569,1,F,372385581,884.990234,1787209503619.8162,1787209502734.826,1e:33:a7:2f:8e:d8,C,660
13354,1,F,372385581,884.990234,1787209503619.8162,1787209502734.826,51:56:ae:12:21:ca,D,660
14025,1,F,372385581,884.990234,1787209503619.8162,1787209502734.826,be:65:0b:2c:96:d0,E,660
10283,1,F,372385581,884.990234,1787209503619.8162,1787209502734.826,dc:4b:0a:06:03:f8,B,660
100436,1,A,2060705026,576.973145,1787209505407.2815,1787209504830.3083,1e:33:a7:2f:8e:d8,C,660
15451,1,A,2060705026,576.973145,1787209505407.2815,1787209504830.3083,51:56:ae:12:21:ca,D,660
668,1,A,2060705026,576.973145,1787209505407.2815,1787209504830.3083,56:a2:44:0e:9e:d6,F,660
16122,1,A,2060705026,576.973145,1787209505407.2815,1787209504830.3083,be:65:0b:2c:96:d0,E,660
12380,1,A,2060705026,576.973145,1787209505407.2815,1787209504830.3083,dc:4b:0a:06:03:f8,B,660
218,1,C,431688712,605.992432,1787209505968.6929,1787209505362.7004,18:42:de:52:4a:dd,A,660
15982,1,C,431688712,605.992432,1787209505968.6929,1787209505362.7004,51:56:ae:12:21:ca,D,660
218,1,C,431688712,605.992432,1787209505968.6929,1787209505362.7004,56:a2:44:0e:9e:d6,F,660
102480,1,C,431688712,605.992432,1787209505968.6929,1787209505362.7004,be:65:0b:2c:96:d0,E,660
12910,1,C,431688712,605.992432,1787209505968.6929,1787209505362.7004,dc:4b:0a:06:03:f8,B,660
107443,1,B,3796397218,871.989502,1787209512656.03,1787209511784.0405,18:42:de:52:4a:dd,A,670
109231,1,B,3796397218,871.989502,1787209512656.03,1787209511784.0405,1e:33:a7:2f:8e:d8,C,670
22402,1,B,3796397218,871.989502,1787209512656.03,1787209511784.0405,51:56:ae:12:21:ca,D,670
111993,1,B,3796397218,871.989502,1787209512656.03,1787209511784.0405,56:a2:44:0e:9e:d6,F,670
109062,1,B,3796397218,871.989502,1787209512656.03,1787209511784.0405,be:65:0b:2c:96:d0,E,670
107524,1,D,17433364,889.987061,1787209512754.5989,1787209511864.6118,18:42:de:52:4a:dd,A,670
109312,1,D,17433364,889.987061,1787209512754.5989,1787209511864.6118,1e:33:a7:2f:8e:d8,C,670
112074,1,D,17433364,889.987061,1787209512754.5989,1787209511864.6118,56:a2:44:0e:9e:d6,F,670
109143,1,D,17433364,889.987061,1787209512754.5989,1787209511864.6118,be:65:0b:2c:96:d0,E,670
19413,1,D,17433364,889.987061,1787209512754.5989,1787209511864.6118,dc:4b:0a:06:03:f8,B,670
108706,1,E,2832324553,870.986084,1787209513917.8242,1787209513046.8381,18:42:de:52:4a:dd,A,670
110143,1,E,2832324553,870.986084,1787209513917.8242,1787209513046.8381,1e:33:a7:2f:8e:d8,C,670
23666,1,E,2832324553,870.986084,1787209513917.8242,1787209513046.8381,51:56:ae:12:21:ca,D,670
119548,1,E,2832324553,870.986084,1787209513917.8242,1787209513046.8381,56:a2:44:0e:9e:d6,F,670
20595,1,E,2832324553,870.986084,1787209513917.8242,1787209513046.8381,dc:4b:0a:06:03:f8,B,670
18,1,F,372385581,924.98999,1787209514081.7024,1787209513156.7124,18:42:de:52:4a:dd,A,670
992,1,F,372385581,924.98999,1787209514081.7024,1787209513156.7124,1e:33:a7:2f:8e:d8,C,670
23776,1,F,372385581,924.98999,1787209514081.7024,1787209513156.7124,51:56:ae:12:21:ca,D,670
24447,1,F,372385581,924.98999,1787209514081.7024,1787209513156.7124,be:65:0b:2c:96:d0,E,670
20705,1,F,372385581,924.98999,1787209514081.7024,1787209513156.7124,dc:4b:0a:06:03:f8,B,670
110714,1,A,2060705026,626.970947,1787209515734.8008,1787209515107.8298,1e:33:a7:2f:8e:d8,C,670
25729,1,A,2060705026,626.970947,1787209515734.8008,1787209515107.8298,51:56:ae:12:21:ca,D,670
944,1,A,2060705026,626.970947,1787209515734.8008,1787209515107.8298,56:a2:44:0e:9e:d6,F,670
26400,1,A,2060705026,626.970947,1787209515734.8008,1787209515107.8298,be:65:0b:2c:96:d0,E,670
22658,1,A,2060705026,626.970947,1787209515734.8008,1787209515107.8298,dc:4b:0a:06:03:f8,B,670
470,1,C,431688712,570.99292,1787209516182.5662,1787209515611.5732,18:42:de:52:4a:dd,A,670
26231,1,C,431688712,570.99292,1787209516182.5662,1787209515611.5732,51:56:ae:12:21:ca,D,670
470,1,C,431688712,570.99292,1787209516182.5662,1787209515611.5732,56:a2:44:0e:9e:d6,F,670
112729,1,C,431688712,570.99292,1787209516182.5662,1787209515611.5732,be:65:0b:2c:96:d0,E,670
23159,1,C,431688712,570.99292,1787209516182.5662,1787209515611.5732,dc:4b:0a:06:03:f8,B,670
117837,1,B,3796397218,858.989502,1787209523036.9038,1787209522177.9143,18:42:de:52:4a:dd,A,680
119625,1,B,3796397218,858.989502,1787209523036.9038,1787209522177.9143,1e:33:a7:2f:8e:d8,C,680
32796,1,B,3796397218,858.989502,1787209523036.9038,1787209522177.9143,51:56:ae:12:21:ca,D,680
122387,1,B,3796397218,858.989502,1787209523036.9038,1787209522177.9143,56:a2:44:0e:9e:d6,F,680
119456,1,B,3796397218,858.989502,1787209523036.9038,1787209522177.9143,be:65:0b:2c:96:d0,E,680
117900,1,D,17433364,805.988281,1787209523046.4504,1787209522240.4622,18:42:de:52:4a:dd,A,680
119688,1,D,17433364,805.988281,1787209523046.4504,1787209522240.4622,1e:33:a7:2f:8e:d8,C,680
122450,1,D,17433364,805.988281,1787209523046.4504,1787209522240.4622,56:a2:44:0e:9e:d6,F,680
119519,1,D,17433364,805.988281,1787209523046.4504,1787209522240.4622,be:65:0b:2c:96:d0,E,680
29789,1,D,17433364,805.988281,1787209523046.4504,1787209522240.4622,dc:4b:0a:06:03:f8,B,680
119069,1,E,2832324553,851.986572,1787209524261.6606,1787209523409.674,18:42:de:52:4a:dd,A,680
120506,1,E,2832324553,851.986572,1787209524261.6606,1787209523409.674,1e:33:a7:2f:8e:d8,C,680
34029,1,E,2832324553,851.986572,1787209524261.6606,1787209523409.674,51:56:ae:12:21:ca,D,680
129911,1,E,2832324553,851.986572,1787209524261.6606,1787209523409.674,56:a2:44:0e:9e:d6,F,680
30958,1,E,2832324553,851.986572,1787209524261.6606,1787209523409.674,dc:4b:0a:06:03:f8,B,680
315,1,F,372385581,825.990967,1787209524277.5913,1787209523451.6003,18:42:de:52:4a:dd,A,680
287,1,F,372385581,825.990967,1787209524277.5913,1787209523451.6003,1e:33:a7:2f:8e:d8,C,680
34071,1,F,372385581,825.990967,1787209524277.5913,1787209523451.6003,51:56:ae:12:21:ca,D,680
34742,1,F,372385581,825.990967,1787209524277.5913,1787209523451.6003,be:65:0b:2c:96:d0,E,680
31000,1,F,372385581,825.990967,1787209524277.5913,1787209523451.6003,dc:4b:0a:06:03:f8,B,680
121002,1,A,2060705026,618.971191,1787209526014.3223,1787209525395.351,1e:33:a7:2f:8e:d8,C,680
36017,1,A,2060705026,618.971191,1787209526014.3223,1787209525395.351,51:56:ae:12:21:ca,D,680
234,1,A,2060705026,618.971191,1787209526014.3223,1787209525395.351,56:a2:44:0e:9e:d6,F,680
36688,1,A,2060705026,618.971191,1787209526014.3223,1787209525395.351,be:65:0b:2c:96:d0,E,680
32946,1,A,2060705026,618.971191,1787209526014.3223,1787209525395.351,dc:4b:0a:06:03:f8,B,680
732,1,C,431688712,628.992188,1787209526503.438,1787209525874.4458,18:42:de:52:4a:dd,A,680
36494,1,C,431688712,628.992188,1787209526503.438,1787209525874.4458,51:56:ae:12:21:ca,D,680
732,1,C,431688712,628.992188,1787209526503.438,1787209525874.4458,56:a2:44:0e:9e:d6,F,680
122992,1,C,431688712,628.992188,1787209526503.438,1787209525874.4458,be:65:0b:2c:96:d0,E,680
33422,1,C,431688712,628.992188,1787209526503.438,1787209525874.4458,dc:4b:0a:06:03:f8,B,680
128198,1,B,3796397218,913.989014,1787209533452.7773,1787209532538.7883,18:42:de:52:4a:dd,A,690
129986,1,B,3796397218,913.989014,1787209533452.7773,1787209532538.7883,1e:33:a7:2f:8e:d8,C,690
43157,1,B,3796397218,913.989014,1787209533452.7773,1787209532538.7883,51:56:ae:12:21:ca,D,690
132748,1,B,3796397218,913.989014,1787209533452.7773,1787209532538.7883,56:a2:44:0e:9e:d6,F,690
129817,1,B,3796397218,913.989014,1787209533452.7773,1787209532538.7883,be:65:0b:2c:96:d0,E,690
128296,1,D,17433364,887.987305,1787209533524.2996,1787209532636.3123,18:42:de:52:4a:dd,A,690
130084,1,D,17433364,887.987305,1787209533524.2996,1787209532636.3123,1e:33:a7:2f:8e:d8,C,690
132846,1,D,17433364,887.987305,1787209533524.2996,1787209532636.3123,56:a2:44:0e:9e:d6,F,690
129915,1,D,17433364,887.987305,1787209533524.2996,1787209532636.3123,be:65:0b:2c:96:d0,E,690
40185,1,D,17433364,887.987305,1787209533524.2996,1787209532636.3123,dc:4b:0a:06:03:f8,B,690
129423,1,E,2832324553,880.986084,1787209534644.4963,1787209533763.5103,18:42:de:52:4a:dd,A,690
130860,1,E,2832324553,880.986084,1787209534644.4963,1787209533763.5103,1e:33:a7:2f:8e:d8,C,690
44383,1,E,2832324553,880.986084,1787209534644.4963,1787209533763.5103,51:56:ae:12:21:ca,D,690
140265,1,E,2832324553,880.986084,1787209534644.4963,1787209533763.5103,56:a2:44:0e:9e:d6,F,690
41312,1,E,2832324553,880.986084,1787209534644.4963,1787209533763.5103,dc:4b:0a:06:03:f8,B,690
736,1,F,372385581,867.990479,1787209534741.4775,1787209533873.487,18:42:de:52:4a:dd,A,690
707,1,F,372385581,867.990479,1787209534741.4775,1787209533873.487,1e:33:a7:2f:8e:d8,C,690
44493,1,F,372385581,867.990479,1787209534741.4775,1787209533873.487,51:56:ae:12:21:ca,D,690
45164,1,F,372385581,867.990479,1787209534741.4775,1787209533873.487,be:65:0b:2c:96:d0,E,690
41422,1,F,372385581,867.990479,1787209534741.4775,1787209533873.487,dc:4b:0a:06:03:f8,B,690
131302,1,A,2060705026,604.971924,1787209536299.8435,1787209535694.8716,1e:33:a7:2f:8e:d8,C,690
46317,1,A,2060705026,604.971924,1787209536299.8435,1787209535694.8716,51:56:ae:12:21:ca,D,690
532,1,A,2060705026,604.971924,1787209536299.8435,1787209535694.8716,56:a2:44:0e:9e:d6,F,690
46988,1,A,2060705026,604.971924,1787209536299.8435,1787209535694.8716,be:65:0b:2c:96:d0,E,690
43246,1,A,2060705026,604.971924,1787209536299.8435,1787209535694.8716,dc:4b:0a:06:03:f8,B,690
994,1,C,431688712,581.992676,1787209536719.311,1787209536137.3184,18:42:de:52:4a:dd,A,690
46757,1,C,431688712,581.992676,1787209536719.311,1787209536137.3184,51:56:ae:12:21:ca,D,690
994,1,C,431688712,581.992676,1787209536719.311,1787209536137.3184,56:a2:44:0e:9e:d6,F,690
133255,1,C,431688712,581.992676,1787209536719.311,1787209536137.3184,be:65:0b:2c:96:d0,E,690
43685,1,C,431688712,581.992676,1787209536719.311,1787209536137.3184,dc:4b:0a:06:03:f8,B,690
138594,1,B,3796397218,779.990479,1787209543714.6526,1787209542934.662,18:42:de:52:4a:dd,A,700
140382,1,B,3796397218,779.990479,1787209543714.6526,1787209542934.662,1e:33:a7:2f:8e:d8,C,700
53553,1,B,3796397218,779.990479,1787209543714.6526,1787209542934.662,51:56:ae:12:21:ca,D,700
143144,1,B,3796397218,779.990479,1787209543714.6526,1787209542934.662,56:a2:44:0e:9e:d6,F,700
140213,1,B,3796397218,779.990479,1787209543714.6526,1787209542934.662,be:65:0b:2c:96:d0,E,700
138716,1,D,17433364,876.987549,1787209543933.1497,1787209543056.162,18:42:de:52:4a:dd,A,700
140504,1,D,17433364,876.987549,1787209543933.1497,1787209543056.162,1e:33:a7:2f:8e:d8,C,700
143266,1,D,17433364,876.987549,1787209543933.1497,1787209543056.162,56:a2:44:0e:9e:d6,F,700
140335,1,D,17433364,876.987549,1787209543933.1497,1787209543056.162,be:65:0b:2c:96:d0,E,700
50605,1,D,17433364,876.987549,1787209543933.1497,1787209543056.162,dc:4b:0a:06:03:f8,B,700
139774,1,E,2832324553,848.986572,1787209544963.333,1787209544114.3464,18:42:de:52:4a:dd,A,700
141211,1,E,2832324553,848.986572,1787209544963.333,1787209544114.3464,1e:33:a7:2f:8e:d8,C,700
54734,1,E,2832324553,848.986572,1787209544963.333,1787209544114.3464,51:56:ae:12:21:ca,D,700
150616,1,E,2832324553,848.986572,1787209544963.333,1787209544114.3464,56:a2:44:0e:9e:d6,F,700
51663,1,E,2832324553,848.986572,1787209544963.333,1787209544114.3464,dc:4b:0a:06:03:f8,B,700
155,1,F,372385581,883.990479,1787209545175.364,1787209544291.3735,18:42:de:52:4a:dd,A,700
127,1,F,372385581,883.990479,1787209545175.364,1787209544291.3735,1e:33:a7:2f:8e:d8,C,700
54911,1,F,372385581,883.990479,1787209545175.364,1787209544291.3735,51:56:ae:12:21:ca,D,700
55582,1,F,372385581,883.990479,1787209545175.364,1787209544291.3735,be:65:0b:2c:96:d0,E,700
51840,1,F,372385581,883.990479,1787209545175.364,1787209544291.3735,dc:4b:0a:06:03:f8,B,700
141615,1,A,2060705026,846.960693,1787209546854.3523,1787209546007.3916,1e:33:a7:2f:8e:d8,C,700
56630,1,A,2060705026,846.960693,1787209546854.3523,1787209546007.3916,51:56:ae:12:21:ca,D,700
593,1,A,2060705026,846.960693,1787209546854.3523,1787209546007.3916,56:a2:44:0e:9e:d6,F,700
57301,1,A,2060705026,846.960693,1787209546854.3523,1787209546007.3916,be:65:0b:2c:96:d0,E,700
53559,1,A,2060705026,846.960693,1787209546854.3523,1787209546007.3916,dc:4b:0a:06:03:f8,B,700
5,1,C,431688712,603.992676,1787209547005.1836,1787209546401.191,18:42:de:52:4a:dd,A,710
57021,1,C,431688712,603.992676,1787209547005.1836,1787209546401.191,51:56:ae:12:21:ca,D,710
5,1,C,431688712,603.992676,1787209547005.1836,1787209546401.191,56:a2:44:0e:9e:d6,F,710
143519,1,C,431688712,603.992676,1787209547005.1836,1787209546401.191,be:65:0b:2c:96:d0,E,710
53949,1,C,431688712,603.992676,1787209547005.1836,1787209546401.191,dc:4b:0a:06:03:f8,B,710
148960,1,B,3796397218,896.989258,1787209554197.5254,1787209553300.5361,18:42:de:52:4a:dd,A,710
150748,1,B,3796397218,896.989258,1787209554197.5254,1787209553300.5361,1e:33:a7:2f:8e:d8,C,710
63919,1,B,3796397218,896.989258,1787209554197.5254,1787209553300.5361,51:56:ae:12:21:ca,D,710
153510,1,B,3796397218,896.989258,1787209554197.5254,1787209553300.5361,56:a2:44:0e:9e:d6,F,710
150579,1,B,3796397218,896.989258,1787209554197.5254,1787209553300.5361,be:65:0b:2c:96:d0,E,710
149078,1,D,17433364,855.987549,1787209554274.0005,1787209553418.013,18:42:de:52:4a:dd,A,710
150866,1,D,17433364,855.987549,1787209554274.0005,1787209553418.013,1e:33:a7:2f:8e:d8,C,710
153628,1,D,17433364,855.987549,1787209554274.0005,1787209553418.013,56:a2:44:0e:9e:d6,F,710
150697,1,D,17433364,855.987549,1787209554274.0005,1787209553418.013,be:65:0b:2c:96:d0,E,710
60967,1,D,17433364,855.987549,1787209554274.0005,1787209553418.013,dc:4b:0a:06:03:f8,B,710
150135,1,E,2832324553,874.986084,1787209555350.1685,1787209554475.1824,18:42:de:52:4a:dd,A,710
151572,1,E,2832324553,874.986084,1787209555350.1685,1787209554475.1824,1e:33:a7:2f:8e:d8,C,710
65095,1,E,2832324553,874.986084,1787209555350.1685,1787209554475.1824,51:56:ae:12:21:ca,D,710
160977,1,E,2832324553,874.986084,1787209555350.1685,1787209554475.1824,56:a2:44:0e:9e:d6,F,710
62024,1,E,2832324553,874.986084,1787209555350.1685,1787209554475.1824,dc:4b:0a:06:03:f8,B,710
604,1,F,372385581,919.98999,1787209555659.2498,1787209554739.2598,18:42:de:52:4a:dd,A,710
577,1,F,372385581,919.98999,1787209555659.2498,1787209554739.2598,1e:33:a7:2f:8e:d8,C,710
65359,1,F,372385581,919.98999,1787209555659.2498,1787209554739.2598,51:56:ae:12:21:ca,D,710
66030,1,F,372385581,919.98999,1787209555659.2498,1787209554739.2598,be:65:0b:2c:96:d0,E,710
62288,1,F,372385581,919.98999,1787209555659.2498,1787209554739.2598,dc:4b:0a:06:03:f8,B,710
151902,1,A,2060705026,824.96167,1787209557118.8745,1787209556293.9128,1e:33:a7:2f:8e:d8,C,720
66917,1,A,2060705026,824.96167,1787209557118.8745,1787209556293.9128,51:56:ae:12:21:ca,D,720
132,1,A,2060705026,824.96167,1787209557118.8745,1787209556293.9128,56:a2:44:0e:9e:d6,F,720
67588,1,A,2060705026,824.96167,1787209557118.8745,1787209556293.9128,be:65:0b:2c:96:d0,E,720
63846,1,A,2060705026,824.96167,1787209557118.8745,1787209556293.9128,dc:4b:0a:06:03:f8,B,720
520,1,C,431688712,612.992188,1787209557276.056,1787209556663.0637,18:42:de:52:4a:dd,A,720
67283,1,C,431688712,612.992188,1787209557276.056,1787209556663.0637,51:56:ae:12:21:ca,D,720
520,1,C,431688712,612.992188,1787209557276.056,1787209556663.0637,56:a2:44:0e:9e:d6,F,720
153781,1,C,431688712,612.992188,1787209557276.056,1787209556663.0637,be:65:0b:2c:96:d0,E,720
64211,1,C,431688712,612.992188,1787209557276.056,1787209556663.0637,dc:4b:0a:06:03:f8,B,720
159357,1,B,3796397218,876.989258,1787209564574.3992,1787209563697.41,18:42:de:52:4a:dd,A,720
161145,1,B,3796397218,876.989258,1787209564574.3992,1787209563697.41,1e:33:a7:2f:8e:d8,C,720
74316,1,B,3796397218,876.989258,1787209564574.3992,1787209563697.41,51:56:ae:12:21:ca,D,720
163907,1,B,3796397218,876.989258,1787209564574.3992,1787209563697.41,56:a2:44:0e:9e:d6,F,720
160976,0,B,3796397218,876.989258,1787209564574.3992,1787209563697.41,be:65:0b:2c:96:d0,E,720
159482,1,D,17433364,863.987549,1787209564685.8506,1787209563821.863,18:42:de:52:4a:dd,A,720
161270,1,D,17433364,863.987549,1787209564685.8506,1787209563821.863,1e:33:a7:2f:8e:d8,C,720
164032,0,D,17433364,863.987549,1787209564685.8506,1787209563821.863,56:a2:44:0e:9e:d6,F,720
161101,0,D,17433364,863.987549,1787209564685.8506,1787209563821.863,be:65:0b:2c:96:d0,E,720
71371,1,D,17433364,863.987549,1787209564685.8506,1787209563821.863,dc:4b:0a:06:03:f8,B,720
160520,1,E,2832324553,885.98584,1787209565746.004,1787209564860.018,18:42:de:52:4a:dd,A,720
161957,0,E,2832324553,885.98584,1787209565746.004,1787209564860.018,1e:33:a7:2f:8e:d8,C,720
75480,1,E,2832324553,885.98584,1787209565746.004,1787209564860.018,51:56:ae:12:21:ca,D,720
171362,0,E,2832324553,885.98584,1787209565746.004,1787209564860.018,56:a2:44:0e:9e:d6,F,720
72409,1,E,2832324553,885.98584,1787209565746.004,1787209564860.018,dc:4b:0a:06:03:f8,B,720
991,1,F,372385581,871.990479,1787209565998.1372,1787209565126.1467,18:42:de:52:4a:dd,A,720
707,1,F,372385581,871.990479,1787209565998.1372,1787209565126.1467,1e:33:a7:2f:8e:d8,C,720
75746,1,F,372385581,871.990479,1787209565998.1372,1787209565126.1467,51:56:ae:12:21:ca,D,720
76417,1,F,372385581,871.990479,1787209565998.1372,1787209565126.1467,be:65:0b:2c:96:d0,E,720
72675,1,F,372385581,871.990479,1787209565998.1372,1787209565126.1467,dc:4b:0a:06:03:f8,B,720
162190,1,A,2060705026,842.960938,1787209567424.3948,1787209566581.4338,1e:33:a7:2f:8e:d8,C,730
77205,1,A,2060705026,842.960938,1787209567424.3948,1787209566581.4338,51:56:ae:12:21:ca,D,730
421,1,A,2060705026,842.960938,1787209567424.3948,1787209566581.4338,56:a2:44:0e:9e:d6,F,730
77876,1,A,2060705026,842.960938,1787209567424.3948,1787209566581.4338,be:65:0b:2c:96:d0,E,730
74134,1,A,2060705026,842.960938,1787209567424.3948,1787209566581.4338,dc:4b:0a:06:03:f8,B,730
783,1,C,431688712,633.992188,1787209567559.9285,1787209566925.9363,18:42:de:52:4a:dd,A,730
77546,1,C,431688712,633.992188,1787209567559.9285,1787209566925.9363,51:56:ae:12:21:ca,D,730
783,1,C,431688712,633.992188,1787209567559.9285,1787209566925.9363,56:a2:44:0e:9e:d6,F,730
164044,1,C,431688712,633.992188,1787209567559.9285,1787209566925.9363,be:65:0b:2c:96:d0,E,730
74474,1,C,431688712,633.992188,1787209567559.9285,1787209566925.9363,dc:4b:0a:06:03:f8,B,730
169771,1,B,3796397218,855.989502,1787209574967.273,1787209574111.2834,18:42:de:52:4a:dd,A,730
171559,0,B,3796397218,855.989502,1787209574967.273,1787209574111.2834,1e:33:a7:2f:8e:d8,C,730
84730,1,B,3796397218,855.989502,1787209574967.273,1787209574111.2834,51:56:ae:12:21:ca,D,730
174321,0,B,3796397218,855.989502,1787209574967.273,1787209574111.2834,56:a2:44:0e:9e:d6,F,730
171390,0,B,3796397218,855.989502,1787209574967.273,1787209574111.2834,be:65:0b:2c:96:d0,E,730
169865,0,D,17433364,895.987061,1787209575100.7004,1787209574204.7134,18:42:de:52:4a:dd,A,730
171653,1,D,17433364,895.987061,1787209575100.7004,1787209574204.7134,1e:33:a7:2f:8e:d8,C,730
174415,0,D,17433364,895.987061,1787209575100.7004,1787209574204.7134,56:a2:44:0e:9e:d6,F,730
171484,0,D,17433364,895.987061,1787209575100.7004,1787209574204.7134,be:65:0b:2c:96:d0,E,730
81754,1,D,17433364,895.987061,1787209575100.7004,1787209574204.7134,dc:4b:0a:06:03:f8,B,730
170911,1,E,2832324553,917.985596,1787209576168.839,1787209575250.8535,18:42:de:52:4a:dd,A,730
172348,0,E,2832324553,917.985596,1787209576168.839,1787209575250.8535,1e:33:a7:2f:8e:d8,C,730
85871,1,E,2832324553,917.985596,1787209576168.839,1787209575250.8535,51:56:ae:12:21:ca,D,730
181753,0,E,2832324553,917.985596,1787209576168.839,1787209575250.8535,56:a2:44:0e:9e:d6,F,730
82800,1,E,2832324553,917.985596,1787209576168.839,1787209575250.8535,dc:4b:0a:06:03:f8,B,730
369,1,F,372385581,873.990479,1787209576378.0242,1787209575504.0337,18:42:de:52:4a:dd,A,730
341,1,F,372385581,873.990479,1787209576378.0242,1787209575504.0337,1e:33:a7:2f:8e:d8,C,730
86124,1,F,372385581,873.990479,1787209576378.0242,1787209575504.0337,51:56:ae:12:21:ca,D,730
86795,1,F,372385581,873.990479,1787209576378.0242,1787209575504.0337,be:65:0b:2c:96:d0,E,730
83053,1,F,372385581,873.990479,1787209576378.0242,1787209575504.0337,dc:4b:0a:06:03:f8,B,730
172510,0,A,2060705026,835.961182,1787209577736.9148,1787209576900.9536,1e:33:a7:2f:8e:d8,C,740
87525,1,A,2060705026,835.961182,1787209577736.9148,1787209576900.9536,51:56:ae:12:21:ca,D,740
487,1,A,2060705026,835.961182,1787209577736.9148,1787209576900.9536,56:a2:44:0e:9e:d6,F,740
88196,1,A,2060705026,835.961182,1787209577736.9148,1787209576900.9536,be:65:0b:2c:96:d0,E,740
84454,1,A,2060705026,835.961182,1787209577736.9148,1787209576900.9536,dc:4b:0a:06:03:f8,B,740
27,1,C,431688712,593.992676,1787209577762.8018,1787209577168.809,18:42:de:52:4a:dd,A,740
87789,1,C,431688712,593.992676,1787209577762.8018,1787209577168.809,51:56:ae:12:21:ca,D,740
27,1,C,431688712,593.992676,1787209577762.8018,1787209577168.809,56:a2:44:0e:9e:d6,F,740
174287,0,C,431688712,593.992676,1787209577762.8018,1787209577168.809,be:65:0b:2c:96:d0,E,740
84717,1,C,431688712,593.992676,1787209577762.8018,1787209577168.809,dc:4b:0a:06:03:f8,B,740
322,1,B,3796397218,887.989258,1787209585345.147,1787209584457.1577,18:42:de:52:4a:dd,A,740
296,1,B,3796397218,887.989258,1787209585345.147,1787209584457.1577,1e:33:a7:2f:8e:d8,C,740
95076,1,B,3796397218,887.989258,1787209585345.147,1787209584457.1577,51:56:ae:12:21:ca,D,740
2530,1,B,3796397218,887.989258,1787209585345.147,1787209584457.1577,56:a2:44:0e:9e:d6,F,740
2530,1,B,3796397218,887.989258,1787209585345.147,1787209584457.1577,be:65:0b:2c:96:d0,E,740
2439,1,D,17433364,886.987061,1787209585461.551,1787209584574.564,18:42:de:52:4a:dd,A,740
2667,1,D,17433364,886.987061,1787209585461.551,1787209584574.564,1e:33:a7:2f:8e:d8,C,740
2647,1,D,17433364,886.987061,1787209585461.551,1787209584574.564,56:a2:44:0e:9e:d6,F,740
2647,1,D,17433364,886.987061,1787209585461.551,1787209584574.564,be:65:0b:2c:96:d0,E,740
92124,1,D,17433364,886.987061,1787209585461.551,1787209584574.564,dc:4b:0a:06:03:f8,B,740
3455,1,E,2832324553,828.986816,1787209586424.6768,1787209585595.69,18:42:de:52:4a:dd,A,740
3688,1,E,2832324553,828.986816,1787209586424.6768,1787209585595.69,1e:33:a7:2f:8e:d8,C,740
3455,1,E,2832324553,828.986816,1787209586424.6768,1787209585595.69,51:56:ae:12:21:ca,D,740
3668,1,E,2832324553,828.986816,1787209586424.6768,1787209585595.69,56:a2:44:0e:9e:d6,F,740
93145,1,E,2832324553,828.986816,1787209586424.6768,1787209585595.69,dc:4b:0a:06:03:f8,B,740
3738,1,F,372385581,898.990234,1787209586771.9111,1787209585872.921,18:42:de:52:4a:dd,A,740
3965,1,F,372385581,898.990234,1787209586771.9111,1787209585872.921,1e:33:a7:2f:8e:d8,C,740
96493,1,F,372385581,898.990234,1787209586771.9111,1787209585872.921,51:56:ae:12:21:ca,D,740
97164,1,F,372385581,898.990234,1787209586771.9111,1787209585872.921,be:65:0b:2c:96:d0,E,740
93422,1,F,372385581,898.990234,1787209586771.9111,1787209585872.921,dc:4b:0a:06:03:f8,B,740
5004,1,A,2060705026,833.961182,1787209588028.4355,1787209587194.4744,1e:33:a7:2f:8e:d8,C,750
97819,1,A,2060705026,833.961182,1787209588028.4355,1787209587194.4744,51:56:ae:12:21:ca,D,750
5267,1,A,2060705026,833.961182,1787209588028.4355,1787209587194.4744,56:a2:44:0e:9e:d6,F,750
5267,1,A,2060705026,833.961182,1787209588028.4355,1787209587194.4744,be:65:0b:2c:96:d0,E,750
36,1,A,2060705026,833.961182,1787209588028.4355,1787209587194.4744,dc:4b:0a:06:03:f8,B,750
328,1,C,431688712,572.99292,1787209588041.674,1787209587468.6812,18:42:de:52:4a:dd,A,750
98089,1,C,431688712,572.99292,1787209588041.674,1787209587468.6812,51:56:ae:12:21:ca,D,750
5541,1,C,431688712,572.99292,1787209588041.674,1787209587468.6812,56:a2:44:0e:9e:d6,F,750
5541,1,C,431688712,572.99292,1787209588041.674,1787209587468.6812,be:65:0b:2c:96:d0,E,750
328,1,C,431688712,572.99292,1787209588041.674,1787209587468.6812,dc:4b:0a:06:03:f8,B,750
710,1,B,3796397218,862.989502,1787209595709.021,1787209594846.0315,18:42:de:52:4a:dd,A,750
679,1,B,3796397218,862.989502,1787209595709.021,1787209594846.0315,1e:33:a7:2f:8e:d8,C,750
105465,1,B,3796397218,862.989502,1787209595709.021,1787209594846.0315,51:56:ae:12:21:ca,D,750
12919,1,B,3796397218,862.989502,1787209595709.021,1787209594846.0315,56:a2:44:0e:9e:d6,F,750
12919,1,B,3796397218,862.989502,1787209595709.021,1787209594846.0315,be:65:0b:2c:96:d0,E,750
12815,1,D,17433364,907.987061,1787209595858.4014,1787209594950.4143,18:42:de:52:4a:dd,A,750
13043,1,D,17433364,907.987061,1787209595858.4014,1787209594950.4143,1e:33:a7:2f:8e:d8,C,750
13023,1,D,17433364,907.987061,1787209595858.4014,1787209594950.4143,56:a2:44:0e:9e:d6,F,750
13023,1,D,17433364,907.987061,1787209595858.4014,1787209594950.4143,be:65:0b:2c:96:d0,E,750
102500,1,D,17433364,907.987061,1787209595858.4014,1787209594950.4143,dc:4b:0a:06:03:f8,B,750
13793,1,E,2832324553,884.98584,1787209596818.5122,1787209595933.5264,18:42:de:52:4a:dd,A,750
14026,1,E,2832324553,884.98584,1787209596818.5122,1787209595933.5264,1e:33:a7:2f:8e:d8,C,750
13793,1,E,2832324553,884.98584,1787209596818.5122,1787209595933.5264,51:56:ae:12:21:ca,D,750
14006,1,E,2832324553,884.98584,1787209596818.5122,1787209595933.5264,56:a2:44:0e:9e:d6,F,750
103483,1,E,2832324553,884.98584,1787209596818.5122,1787209595933.5264,dc:4b:0a:06:03:f8,B,750
14116,1,F,372385581,862.990723,1787209597113.7986,1787209596250.8079,18:42:de:52:4a:dd,A,760
14343,1,F,372385581,862.990723,1787209597113.7986,1787209596250.8079,1e:33:a7:2f:8e:d8,C,760
106871,1,F,372385581,862.990723,1787209597113.7986,1787209596250.8079,51:56:ae:12:21:ca,D,760
107542,1,F,372385581,862.990723,1787209597113.7986,1787209596250.8079,be:65:0b:2c:96:d0,E,760
103800,1,F,372385581,862.990723,1787209597113.7986,1787209596250.8079,dc:4b:0a:06:03:f8,B,760
15285,1,A,2060705026,824.96167,1787209598299.9575,1787209597474.9958,1e:33:a7:2f:8e:d8,C,760
108100,1,A,2060705026,824.96167,1787209598299.9575,1787209597474.9958,51:56:ae:12:21:ca,D,760
15548,1,A,2060705026,824.96167,1787209598299.9575,1787209597474.9958,56:a2:44:0e:9e:d6,F,760
15548,1,A,2060705026,824.96167,1787209598299.9575,1787209597474.9958,be:65:0b:2c:96:d0,E,760
317,1,A,2060705026,824.96167,1787209598299.9575,1787209597474.9958,dc:4b:0a:06:03:f8,B,760
593,1,C,431688712,600.992432,1787209598332.5464,1787209597731.554,18:42:de:52:4a:dd,A,760
108352,1,C,431688712,600.992432,1787209598332.5464,1787209597731.554,51:56:ae:12:21:ca,D,760
15804,1,C,431688712,600.992432,1787209598332.5464,1787209597731.554,56:a2:44:0e:9e:d6,F,760
15804,1,C,431688712,600.992432,1787209598332.5464,1787209597731.554,be:65:0b:2c:96:d0,E,760
593,1,C,431688712,600.992432,1787209598332.5464,1787209597731.554,dc:4b:0a:06:03:f8,B,760
48,1,B,3796397218,946.988525,1787209606127.8945,1787209605180.906,18:42:de:52:4a:dd,A,760
18,1,B,3796397218,946.988525,1787209606127.8945,1787209605180.906,1e:33:a7:2f:8e:d8,C,760
115800,1,B,3796397218,946.988525,1787209606127.8945,1787209605180.906,51:56:ae:12:21:ca,D,760
23254,1,B,3796397218,946.988525,1787209606127.8945,1787209605180.906,56:a2:44:0e:9e:d6,F,760
23254,1,B,3796397218,946.988525,1787209606127.8945,1787209605180.906,be:65:0b:2c:96:d0,E,760
23145,1,D,17433364,855.987793,1787209606136.2532,1787209605280.2654,18:42:de:52:4a:dd,A,760
23373,1,D,17433364,855.987793,1787209606136.2532,1787209605280.2654,1e:33:a7:2f:8e:d8,C,760
23353,1,D,17433364,855.987793,1787209606136.2532,1787209605280.2654,56:a2:44:0e:9e:d6,F,760
23353,1,D,17433364,855.987793,1787209606136.2532,1787209605280.2654,be:65:0b:2c:96:d0,E,760
112830,1,D,17433364,855.987793,1787209606136.2532,1787209605280.2654,dc:4b:0a:06:03:f8,B,760
24133,1,E,2832324553,840.986816,1787209607114.3494,1787209606273.3625,18:42:de:52:4a:dd,A,770
24366,1,E,2832324553,840.986816,1787209607114.3494,1787209606273.3625,1e:33:a7:2f:8e:d8,C,770
24133,1,E,2832324553,840.986816,1787209607114.3494,1787209606273.3625,51:56:ae:12:21:ca,D,770
24346,1,E,2832324553,840.986816,1787209607114.3494,1787209606273.3625,56:a2:44:0e:9e:d6,F,770
113823,1,E,2832324553,840.986816,1787209607114.3494,1787209606273.3625,dc:4b:0a:06:03:f8,B,770
24503,1,F,372385581,867.990723,1787209607505.6855,1787209606637.6948,18:42:de:52:4a:dd,A,770
24730,1,F,372385581,867.990723,1787209607505.6855,1787209606637.6948,1e:33:a7:2f:8e:d8,C,770
117258,1,F,372385581,867.990723,1787209607505.6855,1787209606637.6948,51:56:ae:12:21:ca,D,770
117929,1,F,372385581,867.990723,1787209607505.6855,1787209606637.6948,be:65:0b:2c:96:d0,E,770
114187,1,F,372385581,867.990723,1787209607505.6855,1787209606637.6948,dc:4b:0a:06:03:f8,B,770
25542,1,A,2060705026,841.960693,1787209608573.4792,1787209607731.5186,1e:33:a7:2f:8e:d8,C,770
118357,1,A,2060705026,841.960693,1787209608573.4792,1787209607731.5186,51:56:ae:12:21:ca,D,770
25805,1,A,2060705026,841.960693,1787209608573.4792,1787209607731.5186,56:a2:44:0e:9e:d6,F,770
25805,1,A,2060705026,841.960693,1787209608573.4792,1787209607731.5186,be:65:0b:2c:96:d0,E,770
574,1,A,2060705026,841.960693,1787209608573.4792,1787209607731.5186,dc:4b:0a:06:03:f8,B,770
366,1,C,431688712,623.992188,1787209608639.4185,1787209608015.4263,18:42:de:52:4a:dd,A,770
118636,1,C,431688712,623.992188,1787209608639.4185,1787209608015.4263,51:56:ae:12:21:ca,D,770
26088,1,C,431688712,623.992188,1787209608639.4185,1787209608015.4263,56:a2:44:0e:9e:d6,F,770
26088,1,C,431688712,623.992188,1787209608639.4185,1787209608015.4263,be:65:0b:2c:96:d0,E,770
366,1,C,431688712,623.992188,1787209608639.4185,1787209608015.4263,dc:4b:0a:06:03:f8,B,770
22,1,B,3796397218,813.990234,1787209616224.772,1787209615410.7817,18:42:de:52:4a:dd,A,770
250,1,B,3796397218,813.990234,1787209616224.772,1787209615410.7817,1e:33:a7:2f:8e:d8,C,770
126030,1,B,3796397218,813.990234,1787209616224.772,1787209615410.7817,51:56:ae:12:21:ca,D,770
33484,1,B,3796397218,813.990234,1787209616224.772,1787209615410.7817,56:a2:44:0e:9e:d6,F,770
33484,1,B,3796397218,813.990234,1787209616224.772,1787209615410.7817,be:65:0b:2c:96:d0,E,770
33523,1,D,17433364,861.987549,1787209616520.1035,1787209615658.116,18:42:de:52:4a:dd,A,770
33751,1,D,17433364,861.987549,1787209616520.1035,1787209615658.116,1e:33:a7:2f:8e:d8,C,770
33731,1,D,17433364,861.987549,1787209616520.1035,1787209615658.116,56:a2:44:0e:9e:d6,F,770
33731,1,D,17433364,861.987549,1787209616520.1035,1787209615658.116,be:65:0b:2c:96:d0,E,770
123208,1,D,17433364,861.987549,1787209616520.1035,1787209615658.116,dc:4b:0a:06:03:f8,B,770
34465,1,E,2832324553,823.986816,1787209617429.186,1787209616605.1992,18:42:de:52:4a:dd,A,780
34698,1,E,2832324553,823.986816,1787209617429.186,1787209616605.1992,1e:33:a7:2f:8e:d8,C,780
34465,1,E,2832324553,823.986816,1787209617429.186,1787209616605.1992,51:56:ae:12:21:ca,D,780
34678,1,E,2832324553,823.986816,1787209617429.186,1787209616605.1992,56:a2:44:0e:9e:d6,F,780
124155,1,E,2832324553,823.986816,1787209617429.186,1787209616605.1992,dc:4b:0a:06:03:f8,B,780
34888,1,F,372385581,868.990479,1787209617891.5723,1787209617022.5818,18:42:de:52:4a:dd,A,780
35115,1,F,372385581,868.990479,1787209617891.5723,1787209617022.5818,1e:33:a7:2f:8e:d8,C,780
127643,1,F,372385581,868.990479,1787209617891.5723,1787209617022.5818,51:56:ae:12:21:ca,D,780
128314,1,F,372385581,868.990479,1787209617891.5723,1787209617022.5818,be:65:0b:2c:96:d0,E,780
124572,1,F,372385581,868.990479,1787209617891.5723,1787209617022.5818,dc:4b:0a:06:03:f8,B,780
35821,1,A,2060705026,802.962646,1787209618813.0027,1787209618010.04,1e:33:a7:2f:8e:d8,C,780
128636,1,A,2060705026,802.962646,1787209618813.0027,1787209618010.04,51:56:ae:12:21:ca,D,780
36084,1,A,2060705026,802.962646,1787209618813.0027,1787209618010.04,56:a2:44:0e:9e:d6,F,780
36084,1,A,2060705026,802.962646,1787209618813.0027,1787209618010.04,be:65:0b:2c:96:d0,E,780
852,1,A,2060705026,802.962646,1787209618813.0027,1787209618010.04,dc:4b:0a:06:03:f8,B,780
134,1,C,431688712,581.99292,1787209618856.2917,1787209618274.2988,18:42:de:52:4a:dd,A,780
128895,1,C,431688712,581.99292,1787209618856.2917,1787209618274.2988,51:56:ae:12:21:ca,D,780
36347,1,C,431688712,581.99292,1787209618856.2917,1787209618274.2988,56:a2:44:0e:9e:d6,F,780
36347,1,C,431688712,581.99292,1787209618856.2917,1787209618274.2988,be:65:0b:2c:96:d0,E,780
134,1,C,431688712,581.99292,1787209618856.2917,1787209618274.2988,dc:4b:0a:06:03:f8,B,780
694,1,B,3796397218,858.989502,1787209626685.6448,1787209625826.6553,18:42:de:52:4a:dd,A,780
667,1,B,3796397218,858.989502,1787209626685.6448,1787209625826.6553,1e:33:a7:2f:8e:d8,C,780
136446,1,B,3796397218,858.989502,1787209626685.6448,1787209625826.6553,51:56:ae:12:21:ca,D,780
43900,1,B,3796397218,858.989502,1787209626685.6448,1787209625826.6553,56:a2:44:0e:9e:d6,F,780
43900,1,B,3796397218,858.989502,1787209626685.6448,1787209625826.6553,be:65:0b:2c:96:d0,E,780
43863,1,D,17433364,892.987061,1787209626890.954,1787209625997.967,18:42:de:52:4a:dd,A,780
44091,1,D,17433364,892.987061,1787209626890.954,1787209625997.967,1e:33:a7:2f:8e:d8,C,780
44071,1,D,17433364,892.987061,1787209626890.954,1787209625997.967,56:a2:44:0e:9e:d6,F,780
44071,1,D,17433364,892.987061,1787209626890.954,1787209625997.967,be:65:0b:2c:96:d0,E,780
133548,1,D,17433364,892.987061,1787209626890.954,1787209625997.967,dc:4b:0a:06:03:f8,B,780
44809,1,E,2832324553,850.986572,1787209627800.022,1787209626949.0354,18:42:de:52:4a:dd,A,790
45042,1,E,2832324553,850.986572,1787209627800.022,1787209626949.0354,1e:33:a7:2f:8e:d8,C,790
44809,1,E,2832324553,850.986572,1787209627800.022,1787209626949.0354,51:56:ae:12:21:ca,D,790
45022,1,E,2832324553,850.986572,1787209627800.022,1787209626949.0354,56:a2:44:0e:9e:d6,F,790
134499,1,E,2832324553,850.986572,1787209627800.022,1787209626949.0354,dc:4b:0a:06:03:f8,B,790
45257,1,F,372385581,872.990479,1787209628264.4595,1787209627391.469,18:42:de:52:4a:dd,A,790
45484,1,F,372385581,872.990479,1787209628264.4595,1787209627391.469,1e:33:a7:2f:8e:d8,C,790
138012,1,F,372385581,872.990479,1787209628264.4595,1787209627391.469,51:56:ae:12:21:ca,D,790
138683,1,F,372385581,872.990479,1787209628264.4595,1787209627391.469,be:65:0b:2c:96:d0,E,790
134941,1,F,372385581,872.990479,1787209628264.4595,1787209627391.469,dc:4b:0a:06:03:f8,B,790
46076,1,A,2060705026,828.961426,1787209629093.5242,1787209628264.5627,1e:33:a7:2f:8e:d8,C,790
138891,1,A,2060705026,828.961426,1787209629093.5242,1787209628264.5627,51:56:ae:12:21:ca,D,790
46339,1,A,2060705026,828.961426,1787209629093.5242,1787209628264.5627,56:a2:44:0e:9e:d6,F,790
46339,1,A,2060705026,828.961426,1787209629093.5242,1787209628264.5627,be:65:0b:2c:96:d0,E,790
109,1,A,2060705026,828.961426,1787209629093.5242,1787209628264.5627,dc:4b:0a:06:03:f8,B,790
389,1,C,431688712,573.99292,1787209629101.1646,1787209628527.1716,18:42:de:52:4a:dd,A,790
139148,1,C,431688712,573.99292,1787209629101.1646,1787209628527.1716,51:56:ae:12:21:ca,D,790
46600,1,C,431688712,573.99292,1787209629101.1646,1787209628527.1716,56:a2:44:0e:9e:d6,F,790
46600,1,C,431688712,573.99292,1787209629101.1646,1787209628527.1716,be:65:0b:2c:96:d0,E,790
389,1,C,431688712,573.99292,1787209629101.1646,1787209628527.1716,dc:4b:0a:06:03:f8,B,790
15,1,B,3796397218,896.989258,1787209637044.519,1787209636147.5298,18:42:de:52:4a:dd,A,790
732,1,B,3796397218,896.989258,1787209637044.519,1787209636147.5298,1e:33:a7:2f:8e:d8,C,790
146767,1,B,3796397218,896.989258,1787209637044.519,1787209636147.5298,51:56:ae:12:21:ca,D,790
54221,1,B,3796397218,896.989258,1787209637044.519,1787209636147.5298,56:a2:44:0e:9e:d6,F,790
54221,1,B,3796397218,896.989258,1787209637044.519,1787209636147.5298,be:65:0b:2c:96:d0,E,790
54206,1,D,17433364,858.987549,1787209637199.8054,1787209636340.8179,18:42:de:52:4a:dd,A,800
54434,1,D,17433364,858.987549,1787209637199.8054,1787209636340.8179,1e:33:a7:2f:8e:d8,C,800
54414,1,D,17433364,858.987549,1787209637199.8054,1787209636340.8179,56:a2:44:0e:9e:d6,F,800
54414,1,D,17433364,858.987549,1787209637199.8054,1787209636340.8179,be:65:0b:2c:96:d0,E,800
143891,1,D,17433364,858.987549,1787209637199.8054,1787209636340.8179,dc:4b:0a:06:03:f8,B,800
55161,1,E,2832324553,849.986572,1787209638150.8582,1787209637300.8716,18:42:de:52:4a:dd,A,800
55394,1,E,2832324553,849.986572,1787209638150.8582,1787209637300.8716,1e:33:a7:2f:8e:d8,C,800
55161,1,E,2832324553,849.986572,1787209638150.8582,1787209637300.8716,51:56:ae:12:21:ca,D,800
55374,1,E,2832324553,849.986572,1787209638150.8582,1787209637300.8716,56:a2:44:0e:9e:d6,F,800
144851,1,E,2832324553,849.986572,1787209638150.8582,1787209637300.8716,dc:4b:0a:06:03:f8,B,800
55637,1,F,372385581,851.990723,1787209638623.3467,1787209637771.356,18:42:de:52:4a:dd,A,800
55864,1,F,372385581,851.990723,1787209638623.3467,1787209637771.356,1e:33:a7:2f:8e:d8,C,800
148392,1,F,372385581,851.990723,1787209638623.3467,1787209637771.356,51:56:ae:12:21:ca,D,800
149063,1,F,372385581,851.990723,1787209638623.3467,1787209637771.356,be:65:0b:2c:96:d0,E,800
145321,1,F,372385581,851.990723,1787209638623.3467,1787209637771.356,dc:4b:0a:06:03:f8,B,800
56357,1,A,2060705026,826.96167,1787209639372.046,1787209638545.0842,1e:33:a7:2f:8e:d8,C,800
149172,1,A,2060705026,826.96167,1787209639372.046,1787209638545.0842,51:56:ae:12:21:ca,D,800
56620,1,A,2060705026,826.96167,1787209639372.046,1787209638545.0842,56:a2:44:0e:9e:d6,F,800
56620,1,A,2060705026,826.96167,1787209639372.046,1787209638545.0842,be:65:0b:2c:96:d0,E,800
389,1,A,2060705026,826.96167,1787209639372.046,1787209638545.0842,dc:4b:0a:06:03:f8,B,800
652,1,C,431688712,567.993164,1787209639358.0374,1787209638790.0442,18:42:de:52:4a:dd,A,800
149411,1,C,431688712,567.993164,1787209639358.0374,1787209638790.0442,51:56:ae:12:21:ca,D,800
56863,1,C,431688712,567.993164,1787209639358.0374,1787209638790.0442,56:a2:44:0e:9e:d6,F,800
56863,1,C,431688712,567.993164,1787209639358.0374,1787209638790.0442,be:65:0b:2c:96:d0,E,800
652,1,C,431688712,567.993164,1787209639358.0374,1787209638790.0442,dc:4b:0a:06:03:f8,B,800
455,1,B,3796397218,854.989502,1787209647441.3926,1787209646586.403,18:42:de:52:4a:dd,A,810
428,1,B,3796397218,854.989502,1787209647441.3926,1787209646586.403,1e:33:a7:2f:8e:d8,C,810
157206,0,B,3796397218,854.989502,1787209647441.3926,1787209646586.403,51:56:ae:12:21:ca,D,810
64660,1,B,3796397218,854.989502,1787209647441.3926,1787209646586.403,56:a2:44:0e:9e:d6,F,810
64660,1,B,3796397218,854.989502,1787209647441.3926,1787209646586.403,be:65:0b:2c:96:d0,E,810
64580,1,D,17433364,856.987549,1787209647571.656,1787209646714.6685,18:42:de:52:4a:dd,A,810
64808,1,D,17433364,856.987549,1787209647571.656,1787209646714.6685,1e:33:a7:2f:8e:d8,C,810
64788,1,D,17433364,856.987549,1787209647571.656,1787209646714.6685,56:a2:44:0e:9e:d6,F,810
64788,1,D,17433364,856.987549,1787209647571.656,1787209646714.6685,be:65:0b:2c:96:d0,E,810
154265,1,D,17433364,856.987549,1787209647571.656,1787209646714.6685,dc:4b:0a:06:03:f8,B,810
65495,1,E,2832324553,850.986572,1787209648485.6946,1787209647634.708,18:42:de:52:4a:dd,A,810
65728,1,E,2832324553,850.986572,1787209648485.6946,1787209647634.708,1e:33:a7:2f:8e:d8,C,810
65495,1,E,2832324553,850.986572,1787209648485.6946,1787209647634.708,51:56:ae:12:21:ca,D,810
65708,1,E,2832324553,850.986572,1787209648485.6946,1787209647634.708,56:a2:44:0e:9e:d6,F,810
155185,1,E,2832324553,850.986572,1787209648485.6946,1787209647634.708,dc:4b:0a:06:03:f8,B,810
66006,1,F,372385581,877.990479,1787209649018.2336,1787209648140.2432,18:42:de:52:4a:dd,A,810
66233,1,F,372385581,877.990479,1787209649018.2336,1787209648140.2432,1e:33:a7:2f:8e:d8,C,810
158761,1,F,372385581,877.990479,1787209649018.2336,1787209648140.2432,51:56:ae:12:21:ca,D,810
159432,1,F,372385581,877.990479,1787209649018.2336,1787209648140.2432,be:65:0b:2c:96:d0,E,810
155690,1,F,372385581,877.990479,1787209649018.2336,1787209648140.2432,dc:4b:0a:06:03:f8,B,810
66634,1,A,2060705026,828.961426,1787209649650.5674,1787209648821.606,1e:33:a7:2f:8e:d8,C,810
159449,1,A,2060705026,828.961426,1787209649650.5674,1787209648821.606,51:56:ae:12:21:ca,D,810
66897,1,A,2060705026,828.961426,1787209649650.5674,1787209648821.606,56:a2:44:0e:9e:d6,F,810
66897,1,A,2060705026,828.961426,1787209649650.5674,1787209648821.606,be:65:0b:2c:96:d0,E,810
664,1,A,2060705026,828.961426,1787209649650.5674,1787209648821.606,dc:4b:0a:06:03:f8,B,810
904,1,C,431688712,593.992676,1787209649636.9097,1787209649042.917,18:42:de:52:4a:dd,A,810
159664,1,C,431688712,593.992676,1787209649636.9097,1787209649042.917,51:56:ae:12:21:ca,D,810
67116,1,C,431688712,593.992676,1787209649636.9097,1787209649042.917,56:a2:44:0e:9e:d6,F,810
67116,1,C,431688712,593.992676,1787209649636.9097,1787209649042.917,be:65:0b:2c:96:d0,E,810
904,1,C,431688712,593.992676,1787209649636.9097,1787209649042.917,dc:4b:0a:06:03:f8,B,810
846,1,B,3796397218,886.989258,1787209657864.266,1787209656977.2769,18:42:de:52:4a:dd,A,820
819,1,B,3796397218,886.989258,1787209657864.266,1787209656977.2769,1e:33:a7:2f:8e:d8,C,820
167597,0,B,3796397218,886.989258,1787209657864.266,1787209656977.2769,51:56:ae:12:21:ca,D,820
75051,1,B,3796397218,886.989258,1787209657864.266,1787209656977.2769,56:a2:44:0e:9e:d6,F,820
75051,1,B,3796397218,886.989258,1787209657864.266,1787209656977.2769,be:65:0b:2c:96:d0,E,820
74966,1,D,17433364,920.986572,1787209658021.5054,1787209657100.5188,18:42:de:52:4a:dd,A,820
75194,1,D,17433364,920.986572,1787209658021.5054,1787209657100.5188,1e:33:a7:2f:8e:d8,C,820
75174,1,D,17433364,920.986572,1787209658021.5054,1787209657100.5188,56:a2:44:0e:9e:d6,F,820
75174,1,D,17433364,920.986572,1787209658021.5054,1787209657100.5188,be:65:0b:2c:96:d0,E,820
164651,1,D,17433364,920.986572,1787209658021.5054,1787209657100.5188,dc:4b:0a:06:03:f8,B,820
75831,1,E,2832324553,823.987061,1787209658794.5315,1787209657970.5444,18:42:de:52:4a:dd,A,820
76064,1,E,2832324553,823.987061,1787209658794.5315,1787209657970.5444,1e:33:a7:2f:8e:d8,C,820
75831,1,E,2832324553,823.987061,1787209658794.5315,1787209657970.5444,51:56:ae:12:21:ca,D,820
76044,1,E,2832324553,823.987061,1787209658794.5315,1787209657970.5444,56:a2:44:0e:9e:d6,F,820
165521,0,E,2832324553,823.987061,1787209658794.5315,1787209657970.5444,dc:4b:0a:06:03:f8,B,820
76326,1,F,372385581,940.989746,1787209659401.1206,1787209658460.1309,18:42:de:52:4a:dd,A,820
76553,1,F,372385581,940.989746,1787209659401.1206,1787209658460.1309,1e:33:a7:2f:8e:d8,C,820
169081,0,F,372385581,940.989746,1787209659401.1206,1787209658460.1309,51:56:ae:12:21:ca,D,820
169752,0,F,372385581,940.989746,1787209659401.1206,1787209658460.1309,be:65:0b:2c:96:d0,E,820
166010,0,F,372385581,940.989746,1787209659401.1206,1787209658460.1309,dc:4b:0a:06:03:f8,B,820
76913,1,A,2060705026,834.961182,1787209659935.0886,1787209659100.1274,1e:33:a7:2f:8e:d8,C,820
169728,1,A,2060705026,834.961182,1787209659935.0886,1787209659100.1274,51:56:ae:12:21:ca,D,820
77176,1,A,2060705026,834.961182,1787209659935.0886,1787209659100.1274,56:a2:44:0e:9e:d6,F,820
77176,1,A,2060705026,834.961182,1787209659935.0886,1787209659100.1274,be:65:0b:2c:96:d0,E,820
945,1,A,2060705026,834.961182,1787209659935.0886,1787209659100.1274,dc:4b:0a:06:03:f8,B,820
146,1,C,431688712,593.992432,1787209659876.7825,1787209659282.79,18:42:de:52:4a:dd,A,820
169904,0,C,431688712,593.992432,1787209659876.7825,1787209659282.79,51:56:ae:12:21:ca,D,820
77356,1,C,431688712,593.992432,1787209659876.7825,1787209659282.79,56:a2:44:0e:9e:d6,F,820
77356,1,C,431688712,593.992432,1787209659876.7825,1787209659282.79,be:65:0b:2c:96:d0,E,820
146,1,C,431688712,593.992432,1787209659876.7825,1787209659282.79,dc:4b:0a:06:03:f8,B,820
1200,1,B,3796397218,892.989014,1787209668225.1401,1787209667332.1511,18:42:de:52:4a:dd,A,830
1172,1,B,3796397218,892.989014,1787209668225.1401,1787209667332.1511,1e:33:a7:2f:8e:d8,C,830
177952,0,B,3796397218,892.989014,1787209668225.1401,1787209667332.1511,51:56:ae:12:21:ca,D,830
85406,1,B,3796397218,892.989014,1787209668225.1401,1787209667332.1511,56:a2:44:0e:9e:d6,F,830
85406,1,B,3796397218,892.989014,1787209668225.1401,1787209667332.1511,be:65:0b:2c:96:d0,E,830
85304,1,D,17433364,909.987061,1787209668348.3567,1787209667438.3696,18:42:de:52:4a:dd,A,830
85532,1,D,17433364,909.987061,1787209668348.3567,1787209667438.3696,1e:33:a7:2f:8e:d8,C,830
85512,1,D,17433364,909.987061,1787209668348.3567,1787209667438.3696,56:a2:44:0e:9e:d6,F,830
85512,1,D,17433364,909.987061,1787209668348.3567,1787209667438.3696,be:65:0b:2c:96:d0,E,830
174989,0,D,17433364,909.987061,1787209668348.3567,1787209667438.3696,dc:4b:0a:06:03:f8,B,830
86163,1,E,2832324553,820.987061,1787209669123.368,1787209668302.3809,18:42:de:52:4a:dd,A,830
86396,1,E,2832324553,820.987061,1787209669123.368,1787209668302.3809,1e:33:a7:2f:8e:d8,C,830
86163,1,E,2832324553,820.987061,1787209669123.368,1787209668302.3809,51:56:ae:12:21:ca,D,830
86376,1,E,2832324553,820.987061,1787209669123.368,1787209668302.3809,56:a2:44:0e:9e:d6,F,830
175853,0,E,2832324553,820.987061,1787209669123.368,1787209668302.3809,dc:4b:0a:06:03:f8,B,830
86711,1,F,372385581,877.990234,1787209669723.008,1787209668845.0178,18:42:de:52:4a:dd,A,830
86938,1,F,372385581,877.990234,1787209669723.008,1787209668845.0178,1e:33:a7:2f:8e:d8,C,830
179466,0,F,372385581,877.990234,1787209669723.008,1787209668845.0178,51:56:ae:12:21:ca,D,830
180137,0,F,372385581,877.990234,1787209669723.008,1787209668845.0178,be:65:0b:2c:96:d0,E,830
176395,0,F,372385581,877.990234,1787209669723.008,1787209668845.0178,dc:4b:0a:06:03:f8,B,830
87170,1,A,2060705026,839.960938,1787209670196.611,1787209669356.6501,1e:33:a7:2f:8e:d8,C,830
179985,0,A,2060705026,839.960938,1787209670196.611,1787209669356.6501,51:56:ae:12:21:ca,D,830
87433,1,A,2060705026,839.960938,1787209670196.611,1787209669356.6501,56:a2:44:0e:9e:d6,F,830
87433,1,A,2060705026,839.960938,1787209670196.611,1787209669356.6501,be:65:0b:2c:96:d0,E,830
203,1,A,2060705026,839.960938,1787209670196.611,1787209669356.6501,dc:4b:0a:06:03:f8,B,830
411,1,C,431688712,551.993164,1787209670099.6558,1787209669547.6626,18:42:de:52:4a:dd,A,830
180169,0,C,431688712,551.993164,1787209670099.6558,1787209669547.6626,51:56:ae:12:21:ca,D,830
87621,1,C,431688712,551.993164,1787209670099.6558,1787209669547.6626,56:a2:44:0e:9e:d6,F,830
87621,1,C,431688712,551.993164,1787209670099.6558,1787209669547.6626,be:65:0b:2c:96:d0,E,830
411,1,C,431688712,551.993164,1787209670099.6558,1787209669547.6626,dc:4b:0a:06:03:f8,B,830
534,1,B,3796397218,888.989014,1787209678555.0146,1787209677666.0256,18:42:de:52:4a:dd,A,840
506,1,B,3796397218,888.989014,1787209678555.0146,1787209677666.0256,1e:33:a7:2f:8e:d8,C,840
188286,0,B,3796397218,888.989014,1787209678555.0146,1787209677666.0256,51:56:ae:12:21:ca,D,840
95740,1,B,3796397218,888.989014,1787209678555.0146,1787209677666.0256,56:a2:44:0e:9e:d6,F,840
95740,1,B,3796397218,888.989014,1787209678555.0146,1787209677666.0256,be:65:0b:2c:96:d0,E,840
95677,1,D,17433364,855.987793,1787209678667.208,1787209677811.2202,18:42:de:52:4a:dd,A,840
95905,1,D,17433364,855.987793,1787209678667.208,1787209677811.2202,1e:33:a7:2f:8e:d8,C,840
95885,1,D,17433364,855.987793,1787209678667.208,1787209677811.2202,56:a2:44:0e:9e:d6,F,840
95885,1,D,17433364,855.987793,1787209678667.208,1787209677811.2202,be:65:0b:2c:96:d0,E,840
185362,0,D,17433364,855.987793,1787209678667.208,1787209677811.2202,dc:4b:0a:06:03:f8,B,840
96517,1,E,2832324553,839.986816,1787209679496.2039,1787209678656.217,18:42:de:52:4a:dd,A,840
96750,1,E,2832324553,839.986816,1787209679496.2039,1787209678656.217,1e:33:a7:2f:8e:d8,C,840
96517,1,E,2832324553,839.986816,1787209679496.2039,1787209678656.217,51:56:ae:12:21:ca,D,840
96730,1,E,2832324553,839.986816,1787209679496.2039,1787209678656.217,56:a2:44:0e:9e:d6,F,840
186207,0,E,2832324553,839.986816,1787209679496.2039,1787209678656.217,dc:4b:0a:06:03:f8,B,840
97083,1,F,372385581,862.990723,1787209680079.8955,1787209679216.9048,18:42:de:52:4a:dd,A,840
97310,1,F,372385581,862.990723,1787209680079.8955,1787209679216.9048,1e:33:a7:2f:8e:d8,C,840
189838,0,F,372385581,862.990723,1787209680079.8955,1787209679216.9048,51:56:ae:12:21:ca,D,840
190509,0,F,372385581,862.990723,1787209680079.8955,1787209679216.9048,be:65:0b:2c:96:d0,E,840
186767,0,F,372385581,862.990723,1787209680079.8955,1787209679216.9048,dc:4b:0a:06:03:f8,B,840
97438,1,A,2060705026,851.960449,1787209680476.1326,1787209679624.172,1e:33:a7:2f:8e:d8,C,840
190253,0,A,2060705026,851.960449,1787209680476.1326,1787209679624.172,51:56:ae:12:21:ca,D,840
97701,1,A,2060705026,851.960449,1787209680476.1326,1787209679624.172,56:a2:44:0e:9e:d6,F,840
97701,1,A,2060705026,851.960449,1787209680476.1326,1787209679624.172,be:65:0b:2c:96:d0,E,840
470,1,A,2060705026,851.960449,1787209680476.1326,1787209679624.172,dc:4b:0a:06:03:f8,B,840
677,1,C,431688712,862.989258,1787209680674.5244,1787209679811.5352,18:42:de:52:4a:dd,A,840
190433,0,C,431688712,862.989258,1787209680674.5244,1787209679811.5352,51:56:ae:12:21:ca,D,840
97885,1,C,431688712,862.989258,1787209680674.5244,1787209679811.5352,56:a2:44:0e:9e:d6,F,840
97885,1,C,431688712,862.989258,1787209680674.5244,1787209679811.5352,be:65:0b:2c:96:d0,E,840
677,1,C,431688712,862.989258,1787209680674.5244,1787209679811.5352,dc:4b:0a:06:03:f8,B,840
13,1,B,3796397218,896.989258,1787209689039.8875,1787209688142.8982,18:42:de:52:4a:dd,A,850
983,1,B,3796397218,896.989258,1787209689039.8875,1787209688142.8982,1e:33:a7:2f:8e:d8,C,850
198763,0,B,3796397218,896.989258,1787209689039.8875,1787209688142.8982,51:56:ae:12:21:ca,D,850
106217,1,B,3796397218,896.989258,1787209689039.8875,1787209688142.8982,56:a2:44:0e:9e:d6,F,850
106217,1,B,3796397218,896.989258,1787209689039.8875,1787209688142.8982,be:65:0b:2c:96:d0,E,850
106036,1,D,17433364,863.987549,1787209689034.0586,1787209688170.071,18:42:de:52:4a:dd,A,850
106264,1,D,17433364,863.987549,1787209689034.0586,1787209688170.071,1e:33:a7:2f:8e:d8,C,850
106244,1,D,17433364,863.987549,1787209689034.0586,1787209688170.071,56:a2:44:0e:9e:d6,F,850
106244,1,D,17433364,863.987549,1787209689034.0586,1787209688170.071,be:65:0b:2c:96:d0,E,850
195721,0,D,17433364,863.987549,1787209689034.0586,1787209688170.071,dc:4b:0a:06:03:f8,B,850
106865,1,E,2832324553,851.986572,1787209689856.0398,1787209689004.0532,18:42:de:52:4a:dd,A,850
107098,1,E,2832324553,851.986572,1787209689856.0398,1787209689004.0532,1e:33:a7:2f:8e:d8,C,850
106865,1,E,2832324553,851.986572,1787209689856.0398,1787209689004.0532,51:56:ae:12:21:ca,D,850
107078,1,E,2832324553,851.986572,1787209689856.0398,1787209689004.0532,56:a2:44:0e:9e:d6,F,850
196555,0,E,2832324553,851.986572,1787209689856.0398,1787209689004.0532,dc:4b:0a:06:03:f8,B,850
107435,1,F,372385581,877.990234,1787209690446.7825,1787209689568.7922,18:42:de:52:4a:dd,A,850
107662,1,F,372385581,877.990234,1787209690446.7825,1787209689568.7922,1e:33:a7:2f:8e:d8,C,850
200190,0,F,372385581,877.990234,1787209690446.7825,1787209689568.7922,51:56:ae:12:21:ca,D,850
200861,0,F,372385581,877.990234,1787209690446.7825,1787209689568.7922,be:65:0b:2c:96:d0,E,850
197119,0,F,372385581,877.990234,1787209690446.7825,1787209689568.7922,dc:4b:0a:06:03:f8,B,850
107705,1,A,2060705026,847.960449,1787209690738.6548,1787209689890.6943,1e:33:a7:2f:8e:d8,C,850
200520,0,A,2060705026,847.960449,1787209690738.6548,1787209689890.6943,51:56:ae:12:21:ca,D,850
107968,1,A,2060705026,847.960449,1787209690738.6548,1787209689890.6943,56:a2:44:0e:9e:d6,F,850
107968,1,A,2060705026,847.960449,1787209690738.6548,1787209689890.6943,be:65:0b:2c:96:d0,E,850
738,1,A,2060705026,847.960449,1787209690738.6548,1787209689890.6943,dc:4b:0a:06:03:f8,B,850
928,1,C,431688712,807.98999,1787209690871.398,1787209690063.408,18:42:de:52:4a:dd,A,850
200685,0,C,431688712,807.98999,1787209690871.398,1787209690063.408,51:56:ae:12:21:ca,D,850
108137,1,C,431688712,807.98999,1787209690871.398,1787209690063.408,56:a2:44:0e:9e:d6,F,850
108137,1,C,431688712,807.98999,1787209690871.398,1787209690063.408,be:65:0b:2c:96:d0,E,850
928,1,C,431688712,807.98999,1787209690871.398,1787209690063.408,dc:4b:0a:06:03:f8,B,850
347,1,B,3796397218,834.98999,1787209699312.7627,1787209698477.7727,18:42:de:52:4a:dd,A,860
321,1,B,3796397218,834.98999,1787209699312.7627,1787209698477.7727,1e:33:a7:2f:8e:d8,C,860
3174,1,B,3796397218,834.98999,1787209699312.7627,1787209698477.7727,51:56:ae:12:21:ca,D,860
116552,1,B,3796397218,834.98999,1787209699312.7627,1787209698477.7727,56:a2:44:0e:9e:d6,F,860
116552,1,B,3796397218,834.98999,1787209699312.7627,1787209698477.7727,be:65:0b:2c:96:d0,E,860
116419,1,D,17433364,882.987305,1787209699435.9087,1787209698552.9214,18:42:de:52:4a:dd,A,860
116647,1,D,17433364,882.987305,1787209699435.9087,1787209698552.9214,1e:33:a7:2f:8e:d8,C,860
116627,1,D,17433364,882.987305,1787209699435.9087,1787209698552.9214,56:a2:44:0e:9e:d6,F,860
116627,1,D,17433364,882.987305,1787209699435.9087,1787209698552.9214,be:65:0b:2c:96:d0,E,860
206104,0,D,17433364,882.987305,1787209699435.9087,1787209698552.9214,dc:4b:0a:06:03:f8,B,860
117202,1,E,2832324553,849.986572,1787209700190.8762,1787209699340.8896,18:42:de:52:4a:dd,A,860
117435,1,E,2832324553,849.986572,1787209700190.8762,1787209699340.8896,1e:33:a7:2f:8e:d8,C,860
117202,1,E,2832324553,849.986572,1787209700190.8762,1787209699340.8896,51:56:ae:12:21:ca,D,860
117415,1,E,2832324553,849.986572,1787209700190.8762,1787209699340.8896,56:a2:44:0e:9e:d6,F,860
206892,0,E,2832324553,849.986572,1787209700190.8762,1787209699340.8896,dc:4b:0a:06:03:f8,B,860
117819,1,F,372385581,857.990479,1787209700810.6697,1787209699952.6792,18:42:de:52:4a:dd,A,860
118046,1,F,372385581,857.990479,1787209700810.6697,1787209699952.6792,1e:33:a7:2f:8e:d8,C,860
4649,1,F,372385581,857.990479,1787209700810.6697,1787209699952.6792,51:56:ae:12:21:ca,D,860
4650,1,F,372385581,857.990479,1787209700810.6697,1787209699952.6792,be:65:0b:2c:96:d0,E,860
207503,0,F,372385581,857.990479,1787209700810.6697,1787209699952.6792,dc:4b:0a:06:03:f8,B,860
117998,1,A,2060705026,840.960693,1787209701024.176,1787209700183.2153,1e:33:a7:2f:8e:d8,C,860
210813,0,A,2060705026,840.960693,1787209701024.176,1787209700183.2153,51:56:ae:12:21:ca,D,860
118261,1,A,2060705026,840.960693,1787209701024.176,1787209700183.2153,56:a2:44:0e:9e:d6,F,860
4880,1,A,2060705026,840.960693,1787209701024.176,1787209700183.2153,be:65:0b:2c:96:d0,E,860
29,1,A,2060705026,840.960693,1787209701024.176,1787209700183.2153,dc:4b:0a:06:03:f8,B,860
183,1,C,431688712,895.989014,1787209701214.2695,1787209700318.2805,18:42:de:52:4a:dd,A,860
210940,0,C,431688712,895.989014,1787209701214.2695,1787209700318.2805,51:56:ae:12:21:ca,D,860
118392,1,C,431688712,895.989014,1787209701214.2695,1787209700318.2805,56:a2:44:0e:9e:d6,F,860
118392,1,C,431688712,895.989014,1787209701214.2695,1787209700318.2805,be:65:0b:2c:96:d0,E,860
183,1,C,431688712,895.989014,1787209701214.2695,1787209700318.2805,dc:4b:0a:06:03:f8,B,860
778,1,B,3796397218,797.990234,1787209709705.6362,1787209708907.646,18:42:de:52:4a:dd,A,870
750,1,B,3796397218,797.990234,1787209709705.6362,1787209708907.646,1e:33:a7:2f:8e:d8,C,870
13604,1,B,3796397218,797.990234,1787209709705.6362,1787209708907.646,51:56:ae:12:21:ca,D,870
126982,1,B,3796397218,797.990234,1787209709705.6362,1787209708907.646,56:a2:44:0e:9e:d6,F,870
126982,1,B,3796397218,797.990234,1787209709705.6362,1787209708907.646,be:65:0b:2c:96:d0,E,870
126774,1,D,17433364,856.987549,1787209709764.7598,1787209708907.7722,18:42:de:52:4a:dd,A,870
127002,1,D,17433364,856.987549,1787209709764.7598,1787209708907.7722,1e:33:a7:2f:8e:d8,C,870
126982,1,D,17433364,856.987549,1787209709764.7598,1787209708907.7722,56:a2:44:0e:9e:d6,F,870
126982,1,D,17433364,856.987549,1787209709764.7598,1787209708907.7722,be:65:0b:2c:96:d0,E,870
7007,1,D,17433364,856.987549,1787209709764.7598,1787209708907.7722,dc:4b:0a:06:03:f8,B,870
127537,1,E,2832324553,838.986816,1787209710514.713,1787209709675.726,18:42:de:52:4a:dd,A,870
127770,1,E,2832324553,838.986816,1787209710514.713,1787209709675.726,1e:33:a7:2f:8e:d8,C,870
127537,1,E,2832324553,838.986816,1787209710514.713,1787209709675.726,51:56:ae:12:21:ca,D,870
127750,1,E,2832324553,838.986816,1787209710514.713,1787209709675.726,56:a2:44:0e:9e:d6,F,870
7775,1,E,2832324553,838.986816,1787209710514.713,1787209709675.726,dc:4b:0a:06:03:f8,B,870
128166,1,F,372385581,883.990479,1787209711183.557,1787209710299.5664,18:42:de:52:4a:dd,A,870
128393,1,F,372385581,883.990479,1787209711183.557,1787209710299.5664,1e:33:a7:2f:8e:d8,C,870
14996,1,F,372385581,883.990479,1787209711183.557,1787209710299.5664,51:56:ae:12:21:ca,D,870
14997,1,F,372385581,883.990479,1787209711183.557,1787209710299.5664,be:65:0b:2c:96:d0,E,870
8399,1,F,372385581,883.990479,1787209711183.557,1787209710299.5664,dc:4b:0a:06:03:f8,B,870
128267,1,A,2060705026,836.960938,1787209711288.6982,1787209710451.7373,1e:33:a7:2f:8e:d8,C,870
221082,0,A,2060705026,836.960938,1787209711288.6982,1787209710451.7373,51:56:ae:12:21:ca,D,870
128530,1,A,2060705026,836.960938,1787209711288.6982,1787209710451.7373,56:a2:44:0e:9e:d6,F,870
15149,1,A,2060705026,836.960938,1787209711288.6982,1787209710451.7373,be:65:0b:2c:96:d0,E,870
298,1,A,2060705026,836.960938,1787209711288.6982,1787209710451.7373,dc:4b:0a:06:03:f8,B,870
447,1,C,431688712,835.989502,1787209711417.1428,1787209710581.1533,18:42:de:52:4a:dd,A,870
221203,0,C,431688712,835.989502,1787209711417.1428,1787209710581.1533,51:56:ae:12:21:ca,D,870
128655,1,C,431688712,835.989502,1787209711417.1428,1787209710581.1533,56:a2:44:0e:9e:d6,F,870
128655,1,C,431688712,835.989502,1787209711417.1428,1787209710581.1533,be:65:0b:2c:96:d0,E,870
447,1,C,431688712,835.989502,1787209711417.1428,1787209710581.1533,dc:4b:0a:06:03:f8,B,870
118,1,B,3796397218,875.989258,1787209720123.5098,1787209719247.5205,18:42:de:52:4a:dd,A,880
91,1,B,3796397218,875.989258,1787209720123.5098,1787209719247.5205,1e:33:a7:2f:8e:d8,C,880
23944,1,B,3796397218,875.989258,1787209720123.5098,1787209719247.5205,51:56:ae:12:21:ca,D,880
137322,1,B,3796397218,875.989258,1787209720123.5098,1787209719247.5205,56:a2:44:0e:9e:d6,F,880
137322,1,B,3796397218,875.989258,1787209720123.5098,1787209719247.5205,be:65:0b:2c:96:d0,E,880
137142,1,D,17433364,887.987061,1787209720163.6099,1787209719275.6228,18:42:de:52:4a:dd,A,880
137370,1,D,17433364,887.987061,1787209720163.6099,1787209719275.6228,1e:33:a7:2f:8e:d8,C,880
137350,1,D,17433364,887.987061,1787209720163.6099,1787209719275.6228,56:a2:44:0e:9e:d6,F,880
137350,1,D,17433364,887.987061,1787209720163.6099,1787209719275.6228,be:65:0b:2c:96:d0,E,880
17375,1,D,17433364,887.987061,1787209720163.6099,1787209719275.6228,dc:4b:0a:06:03:f8,B,880
137886,1,E,2832324553,880.986084,1787209720905.5483,1787209720024.5623,18:42:de:52:4a:dd,A,880
138119,1,E,2832324553,880.986084,1787209720905.5483,1787209720024.5623,1e:33:a7:2f:8e:d8,C,880
137886,1,E,2832324553,880.986084,1787209720905.5483,1787209720024.5623,51:56:ae:12:21:ca,D,880
138099,1,E,2832324553,880.986084,1787209720905.5483,1787209720024.5623,56:a2:44:0e:9e:d6,F,880
18124,1,E,2832324553,880.986084,1787209720905.5483,1787209720024.5623,dc:4b:0a:06:03:f8,B,880
138537,1,F,372385581,866.990479,1787209721537.444,1787209720670.4536,18:42:de:52:4a:dd,A,880
138764,1,F,372385581,866.990479,1787209721537.444,1787209720670.4536,1e:33:a7:2f:8e:d8,C,880
25367,1,F,372385581,866.990479,1787209721537.444,1787209720670.4536,51:56:ae:12:21:ca,D,880
25368,1,F,372385581,866.990479,1787209721537.444,1787209720670.4536,be:65:0b:2c:96:d0,E,880
18770,1,F,372385581,866.990479,1787209721537.444,1787209720670.4536,dc:4b:0a:06:03:f8,B,880
138545,1,A,2060705026,835.961182,1787209721565.22,1787209720729.2588,1e:33:a7:2f:8e:d8,C,880
231360,0,A,2060705026,835.961182,1787209721565.22,1787209720729.2588,51:56:ae:12:21:ca,D,880
138808,1,A,2060705026,835.961182,1787209721565.22,1787209720729.2588,56:a2:44:0e:9e:d6,F,880
25427,1,A,2060705026,835.961182,1787209721565.22,1787209720729.2588,be:65:0b:2c:96:d0,E,880
576,1,A,2060705026,835.961182,1787209721565.22,1787209720729.2588,dc:4b:0a:06:03:f8,B,880
466,1,C,431688712,805.98999,1787209721660.0156,1787209720854.0256,18:42:de:52:4a:dd,A,880
231476,0,C,431688712,805.98999,1787209721660.0156,1787209720854.0256,51:56:ae:12:21:ca,D,880
138928,1,C,431688712,805.98999,1787209721660.0156,1787209720854.0256,56:a2:44:0e:9e:d6,F,880
138928,1,C,431688712,805.98999,1787209721660.0156,1787209720854.0256,be:65:0b:2c:96:d0,E,880
466,1,C,431688712,805.98999,1787209721660.0156,1787209720854.0256,dc:4b:0a:06:03:f8,B,880
180,1,B,3796397218,849.989746,1787209730414.3848,1787209729564.395,18:42:de:52:4a:dd,A,890
407,1,B,3796397218,849.989746,1787209730414.3848,1787209729564.395,1e:33:a7:2f:8e:d8,C,890
34261,1,B,3796397218,849.989746,1787209730414.3848,1787209729564.395,51:56:ae:12:21:ca,D,890
147639,1,B,3796397218,849.989746,1787209730414.3848,1787209729564.395,56:a2:44:0e:9e:d6,F,890
147639,1,B,3796397218,849.989746,1787209730414.3848,1787209729564.395,be:65:0b:2c:96:d0,E,890
147517,1,D,17433364,865.987549,1787209730516.4607,1787209729650.4731,18:42:de:52:4a:dd,A,890
147745,1,D,17433364,865.987549,1787209730516.4607,1787209729650.4731,1e:33:a7:2f:8e:d8,C,890
147725,1,D,17433364,865.987549,1787209730516.4607,1787209729650.4731,56:a2:44:0e:9e:d6,F,890
147725,1,D,17433364,865.987549,1787209730516.4607,1787209729650.4731,be:65:0b:2c:96:d0,E,890
27750,1,D,17433364,865.987549,1787209730516.4607,1787209729650.4731,dc:4b:0a:06:03:f8,B,890
148244,1,E,2832324553,839.986816,1787209731222.3853,1787209730382.3984,18:42:de:52:4a:dd,A,890
148477,1,E,2832324553,839.986816,1787209731222.3853,1787209730382.3984,1e:33:a7:2f:8e:d8,C,890
148244,1,E,2832324553,839.986816,1787209731222.3853,1787209730382.3984,51:56:ae:12:21:ca,D,890
148457,1,E,2832324553,839.986816,1787209731222.3853,1787209730382.3984,56:a2:44:0e:9e:d6,F,890
28482,1,E,2832324553,839.986816,1787209731222.3853,1787209730382.3984,dc:4b:0a:06:03:f8,B,890
148824,1,A,2060705026,818.961914,1787209731826.7424,1787209731007.7805,1e:33:a7:2f:8e:d8,C,890
241639,0,A,2060705026,818.961914,1787209731826.7424,1787209731007.7805,51:56:ae:12:21:ca,D,890
149087,1,A,2060705026,818.961914,1787209731826.7424,1787209731007.7805,56:a2:44:0e:9e:d6,F,890
35706,1,A,2060705026,818.961914,1787209731826.7424,1787209731007.7805,be:65:0b:2c:96:d0,E,890
857,1,A,2060705026,818.961914,1787209731826.7424,1787209731007.7805,dc:4b:0a:06:03:f8,B,890
148922,1,F,372385581,869.990479,1787209731925.331,1787209731055.3406,18:42:de:52:4a:dd,A,890
149149,1,F,372385581,869.990479,1787209731925.331,1787209731055.3406,1e:33:a7:2f:8e:d8,C,890
35752,1,F,372385581,869.990479,1787209731925.331,1787209731055.3406,51:56:ae:12:21:ca,D,890
35753,1,F,372385581,869.990479,1787209731925.331,1787209731055.3406,be:65:0b:2c:96:d0,E,890
29155,1,F,372385581,869.990479,1787209731925.331,1787209731055.3406,dc:4b:0a:06:03:f8,B,890
738,1,C,431688712,807.98999,1787209731932.8882,1787209731124.8982,18:42:de:52:4a:dd,A,890
241747,0,C,431688712,807.98999,1787209731932.8882,1787209731124.8982,51:56:ae:12:21:ca,D,890
149199,1,C,431688712,807.98999,1787209731932.8882,1787209731124.8982,56:a2:44:0e:9e:d6,F,890
149199,1,C,431688712,807.98999,1787209731932.8882,1787209731124.8982,be:65:0b:2c:96:d0,E,890
738,1,C,431688712,807.98999,1787209731932.8882,1787209731124.8982,dc:4b:0a:06:03:f8,B,890
786,1,B,3796397218,829.98999,1787209740744.2593,1787209739914.2693,18:42:de:52:4a:dd,A,900
759,1,B,3796397218,829.98999,1787209740744.2593,1787209739914.2693,1e:33:a7:2f:8e:d8,C,900
44611,1,B,3796397218,829.98999,1787209740744.2593,1787209739914.2693,51:56:ae:12:21:ca,D,900
157989,1,B,3796397218,829.98999,1787209740744.2593,1787209739914.2693,56:a2:44:0e:9e:d6,F,900
157989,0,B,3796397218,829.98999,1787209740744.2593,1787209739914.2693,be:65:0b:2c:96:d0,E,900
157859,1,D,17433364,853.987549,1787209740846.3118,1787209739992.3242,18:42:de:52:4a:dd,A,900
158087,0,D,17433364,853.987549,1787209740846.3118,1787209739992.3242,1e:33:a7:2f:8e:d8,C,900
158067,1,D,17433364,853.987549,1787209740846.3118,1787209739992.3242,56:a2:44:0e:9e:d6,F,900
158067,0,D,17433364,853.987549,1787209740846.3118,1787209739992.3242,be:65:0b:2c:96:d0,E,900
38092,1,D,17433364,853.987549,1787209740846.3118,1787209739992.3242,dc:4b:0a:06:03:f8,B,900
158593,0,E,2832324553,871.986328,1787209741603.221,1787209740731.2346,18:42:de:52:4a:dd,A,900
158826,1,E,2832324553,871.986328,1787209741603.221,1787209740731.2346,1e:33:a7:2f:8e:d8,C,900
158593,0,E,2832324553,871.986328,1787209741603.221,1787209740731.2346,51:56:ae:12:21:ca,D,900
158806,1,E,2832324553,871.986328,1787209741603.221,1787209740731.2346,56:a2:44:0e:9e:d6,F,900
38831,1,E,2832324553,871.986328,1787209741603.221,1787209740731.2346,dc:4b:0a:06:03:f8,B,900
159109,0,A,2060705026,871.959473,1787209742164.2612,1787209741292.3018,1e:33:a7:2f:8e:d8,C,900
251924,0,A,2060705026,871.959473,1787209742164.2612,1787209741292.3018,51:56:ae:12:21:ca,D,900
159372,0,A,2060705026,871.959473,1787209742164.2612,1787209741292.3018,56:a2:44:0e:9e:d6,F,900
45991,1,A,2060705026,871.959473,1787209742164.2612,1787209741292.3018,be:65:0b:2c:96:d0,E,900
142,1,A,2060705026,871.959473,1787209742164.2612,1787209741292.3018,dc:4b:0a:06:03:f8,B,900
241,1,C,431688712,841.989746,1787209742213.7607,1787209741371.771,18:42:de:52:4a:dd,A,900
251994,0,C,431688712,841.989746,1787209742213.7607,1787209741371.771,51:56:ae:12:21:ca,D,900
159446,1,C,431688712,841.989746,1787209742213.7607,1787209741371.771,56:a2:44:0e:9e:d6,F,900
159446,0,C,431688712,841.989746,1787209742213.7607,1787209741371.771,be:65:0b:2c:96:d0,E,900
241,1,C,431688712,841.989746,1787209742213.7607,1787209741371.771,dc:4b:0a:06:03:f8,B,900
159274,1,F,372385581,889.990479,1787209742297.2183,1787209741407.2278,18:42:de:52:4a:dd,A,900
159501,0,F,372385581,889.990479,1787209742297.2183,1787209741407.2278,1e:33:a7:2f:8e:d8,C,900
46104,1,F,372385581,889.990479,1787209742297.2183,1787209741407.2278,51:56:ae:12:21:ca,D,900
46105,1,F,372385581,889.990479,1787209742297.2183,1787209741407.2278,be:65:0b:2c:96:d0,E,900
39507,1,F,372385581,889.990479,1787209742297.2183,1787209741407.2278,dc:4b:0a:06:03:f8,B,900
137,1,B,3796397218,804.990234,1787209751071.1338,1787209750266.1436,18:42:de:52:4a:dd,A,910
1111,1,B,3796397218,804.990234,1787209751071.1338,1787209750266.1436,1e:33:a7:2f:8e:d8,C,910
54963,1,B,3796397218,804.990234,1787209751071.1338,1787209750266.1436,51:56:ae:12:21:ca,D,910
168341,1,B,3796397218,804.990234,1787209751071.1338,1787209750266.1436,56:a2:44:0e:9e:d6,F,910
168341,0,B,3796397218,804.990234,1787209751071.1338,1787209750266.1436,be:65:0b:2c:96:d0,E,910
168183,1,D,17433364,862.987549,1787209751179.1628,1787209750316.1753,18:42:de:52:4a:dd,A,910
168411,0,D,17433364,862.987549,1787209751179.1628,1787209750316.1753,1e:33:a7:2f:8e:d8,C,910
168391,0,D,17433364,862.987549,1787209751179.1628,1787209750316.1753,56:a2:44:0e:9e:d6,F,910
168391,0,D,17433364,862.987549,1787209751179.1628,1787209750316.1753,be:65:0b:2c:96:d0,E,910
48416,1,D,17433364,862.987549,1787209751179.1628,1787209750316.1753,dc:4b:0a:06:03:f8,B,910
168943,0,E,2832324553,870.986328,1787209751952.0571,1787209751081.0708,18:42:de:52:4a:dd,A,910
169176,1,E,2832324553,870.986328,1787209751952.0571,1787209751081.0708,1e:33:a7:2f:8e:d8,C,910
168943,0,E,2832324553,870.986328,1787209751952.0571,1787209751081.0708,51:56:ae:12:21:ca,D,910
169156,1,E,2832324553,870.986328,1787209751952.0571,1787209751081.0708,56:a2:44:0e:9e:d6,F,910
49181,1,E,2832324553,870.986328,1787209751952.0571,1787209751081.0708,dc:4b:0a:06:03:f8,B,910
169374,0,A,2060705026,853.960205,1787209752410.7842,1787209751556.824,1e:33:a7:2f:8e:d8,C,910
262189,0,A,2060705026,853.960205,1787209752410.7842,1787209751556.824,51:56:ae:12:21:ca,D,910
169637,0,A,2060705026,853.960205,1787209752410.7842,1787209751556.824,56:a2:44:0e:9e:d6,F,910
56256,1,A,2060705026,853.960205,1787209752410.7842,1787209751556.824,be:65:0b:2c:96:d0,E,910
152,1,A,2060705026,853.960205,1787209752410.7842,1787209751556.824,dc:4b:0a:06:03:f8,B,910
229,1,C,431688712,805.98999,1787209752420.634,1787209751614.644,18:42:de:52:4a:dd,A,910
262237,0,C,431688712,805.98999,1787209752420.634,1787209751614.644,51:56:ae:12:21:ca,D,910
169689,0,C,431688712,805.98999,1787209752420.634,1787209751614.644,56:a2:44:0e:9e:d6,F,910
169689,0,C,431688712,805.98999,1787209752420.634,1787209751614.644,be:65:0b:2c:96:d0,E,910
229,1,C,431688712,805.98999,1787209752420.634,1787209751614.644,dc:4b:0a:06:03:f8,B,910
169605,0,F,372385581,836.990723,1787209752575.1062,1787209751738.1155,18:42:de:52:4a:dd,A,910
169832,0,F,372385581,836.990723,1787209752575.1062,1787209751738.1155,1e:33:a7:2f:8e:d8,C,910
56435,1,F,372385581,836.990723,1787209752575.1062,1787209751738.1155,51:56:ae:12:21:ca,D,910
56436,1,F,372385581,836.990723,1787209752575.1062,1787209751738.1155,be:65:0b:2c:96:d0,E,910
49838,1,F,372385581,836.990723,1787209752575.1062,1787209751738.1155,dc:4b:0a:06:03:f8,B,910
178494,0,D,17433364,842.987793,1787209761470.0146,1787209760627.0269,18:42:de:52:4a:dd,A,920
178722,0,D,17433364,842.987793,1787209761470.0146,1787209760627.0269,1e:33:a7:2f:8e:d8,C,920
178702,0,D,17433364,842.987793,1787209761470.0146,1787209760627.0269,56:a2:44:0e:9e:d6,F,920
178702,0,D,17433364,842.987793,1787209761470.0146,1787209760627.0269,be:65:0b:2c:96:d0,E,920
58727,1,D,17433364,842.987793,1787209761470.0146,1787209760627.0269,dc:4b:0a:06:03:f8,B,920
537,1,B,3796397218,903.989014,1787209761567.0063,1787209760663.0173,18:42:de:52:4a:dd,A,920
510,1,B,3796397218,903.989014,1787209761567.0063,1787209760663.0173,1e:33:a7:2f:8e:d8,C,920
65360,1,B,3796397218,903.989014,1787209761567.0063,1787209760663.0173,51:56:ae:12:21:ca,D,920
178738,0,B,3796397218,903.989014,1787209761567.0063,1787209760663.0173,56:a2:44:0e:9e:d6,F,920
178738,0,B,3796397218,903.989014,1787209761567.0063,1787209760663.0173,be:65:0b:2c:96:d0,E,920
179258,0,E,2832324553,812.987061,1787209762208.8948,1787209761395.9077,18:42:de:52:4a:dd,A,920
179491,0,E,2832324553,812.987061,1787209762208.8948,1787209761395.9077,1e:33:a7:2f:8e:d8,C,920
179258,0,E,2832324553,812.987061,1787209762208.8948,1787209761395.9077,51:56:ae:12:21:ca,D,920
179471,0,E,2832324553,812.987061,1787209762208.8948,1787209761395.9077,56:a2:44:0e:9e:d6,F,920
59496,1,E,2832324553,812.987061,1787209762208.8948,1787209761395.9077,dc:4b:0a:06:03:f8,B,920
179644,0,A,2060705026,841.960938,1787209762668.307,1787209761826.346,1e:33:a7:2f:8e:d8,C,920
272459,0,A,2060705026,841.960938,1787209762668.307,1787209761826.346,51:56:ae:12:21:ca,D,920
179907,0,A,2060705026,841.960938,1787209762668.307,1787209761826.346,56:a2:44:0e:9e:d6,F,920
66526,1,A,2060705026,841.960938,1787209762668.307,1787209761826.346,be:65:0b:2c:96:d0,E,920
675,1,A,2060705026,841.960938,1787209762668.307,1787209761826.346,dc:4b:0a:06:03:f8,B,920
716,1,C,431688712,763.990479,1787209762613.5073,1787209761849.5168,18:42:de:52:4a:dd,A,920
272472,0,C,431688712,763.990479,1787209762613.5073,1787209761849.5168,51:56:ae:12:21:ca,D,920
179924,0,C,431688712,763.990479,1787209762613.5073,1787209761849.5168,56:a2:44:0e:9e:d6,F,920
179924,0,C,431688712,763.990479,1787209762613.5073,1787209761849.5168,be:65:0b:2c:96:d0,E,920
716,1,C,431688712,763.990479,1787209762613.5073,1787209761849.5168,dc:4b:0a:06:03:f8,B,920
179929,0,F,372385581,858.990723,1787209762920.9937,1787209762062.003,18:42:de:52:4a:dd,A,920
180156,0,F,372385581,858.990723,1787209762920.9937,1787209762062.003,1e:33:a7:2f:8e:d8,C,920
66759,1,F,372385581,858.990723,1787209762920.9937,1787209762062.003,51:56:ae:12:21:ca,D,920
66760,1,F,372385581,858.990723,1787209762920.9937,1787209762062.003,be:65:0b:2c:96:d0,E,920
60162,1,F,372385581,858.990723,1787209762920.9937,1787209762062.003,dc:4b:0a:06:03:f8,B,920
188805,0,D,17433364,822.988281,1787209771760.8665,1787209770937.8782,18:42:de:52:4a:dd,A,930
189033,0,D,17433364,822.988281,1787209771760.8665,1787209770937.8782,1e:33:a7:2f:8e:d8,C,930
189013,0,D,17433364,822.988281,1787209771760.8665,1787209770937.8782,56:a2:44:0e:9e:d6,F,930
189013,0,D,17433364,822.988281,1787209771760.8665,1787209770937.8782,be:65:0b:2c:96:d0,E,930
69038,1,D,17433364,822.988281,1787209771760.8665,1787209770937.8782,dc:4b:0a:06:03:f8,B,930
904,1,B,3796397218,876.989502,1787209771906.8809,1787209771029.8914,18:42:de:52:4a:dd,A,930
875,1,B,3796397218,876.989502,1787209771906.8809,1787209771029.8914,1e:33:a7:2f:8e:d8,C,930
75727,1,B,3796397218,876.989502,1787209771906.8809,1787209771029.8914,51:56:ae:12:21:ca,D,930
189105,0,B,3796397218,876.989502,1787209771906.8809,1787209771029.8914,56:a2:44:0e:9e:d6,F,930
189105,0,B,3796397218,876.989502,1787209771906.8809,1787209771029.8914,be:65:0b:2c:96:d0,E,930
189563,0,E,2832324553,831.986816,1787209772532.7314,1787209771700.7446,18:42:de:52:4a:dd,A,930
189796,0,E,2832324553,831.986816,1787209772532.7314,1787209771700.7446,1e:33:a7:2f:8e:d8,C,930
189563,0,E,2832324553,831.986816,1787209772532.7314,1787209771700.7446,51:56:ae:12:21:ca,D,930
189776,0,E,2832324553,831.986816,1787209772532.7314,1787209771700.7446,56:a2:44:0e:9e:d6,F,930
69801,1,E,2832324553,831.986816,1787209772532.7314,1787209771700.7446,dc:4b:0a:06:03:f8,B,930
954,1,C,431688712,731.990967,1787209772815.3809,1787209772083.39,18:42:de:52:4a:dd,A,930
282706,0,C,431688712,731.990967,1787209772815.3809,1787209772083.39,51:56:ae:12:21:ca,D,930
190158,0,C,431688712,731.990967,1787209772815.3809,1787209772083.39,56:a2:44:0e:9e:d6,F,930
190158,0,C,431688712,731.990967,1787209772815.3809,1787209772083.39,be:65:0b:2c:96:d0,E,930
954,1,C,431688712,731.990967,1787209772815.3809,1787209772083.39,dc:4b:0a:06:03:f8,B,930
189925,0,A,2060705026,793.963135,1787209772900.8306,1787209772106.8674,1e:33:a7:2f:8e:d8,C,930
282740,0,A,2060705026,793.963135,1787209772900.8306,1787209772106.8674,51:56:ae:12:21:ca,D,930
190188,0,A,2060705026,793.963135,1787209772900.8306,1787209772106.8674,56:a2:44:0e:9e:d6,F,930
76807,1,A,2060705026,793.963135,1787209772900.8306,1787209772106.8674,be:65:0b:2c:96:d0,E,930
958,1,A,2060705026,793.963135,1787209772900.8306,1787209772106.8674,dc:4b:0a:06:03:f8,B,930
190232,0,F,372385581,846.990723,1787209773211.8816,1787209772364.8909,18:42:de:52:4a:dd,A,930
190459,0,F,372385581,846.990723,1787209773211.8816,1787209772364.8909,1e:33:a7:2f:8e:d8,C,930
77062,1,F,372385581,846.990723,1787209773211.8816,1787209772364.8909,51:56:ae:12:21:ca,D,930
77063,1,F,372385581,846.990723,1787209773211.8816,1787209772364.8909,be:65:0b:2c:96:d0,E,930
70465,1,F,372385581,846.990723,1787209773211.8816,1787209772364.8909,dc:4b:0a:06:03:f8,B,930
199135,0,D,17433364,770.989014,1787209782038.7183,1787209781267.7292,18:42:de:52:4a:dd,A,940
199363,0,D,17433364,770.989014,1787209782038.7183,1787209781267.7292,1e:33:a7:2f:8e:d8,C,940
199343,0,D,17433364,770.989014,1787209782038.7183,1787209781267.7292,56:a2:44:0e:9e:d6,F,940
199343,0,D,17433364,770.989014,1787209782038.7183,1787209781267.7292,be:65:0b:2c:96:d0,E,940
79368,1,D,17433364,770.989014,1787209782038.7183,1787209781267.7292,dc:4b:0a:06:03:f8,B,940
266,1,B,3796397218,837.989746,1787209782229.7554,1787209781391.7656,18:42:de:52:4a:dd,A,940
239,1,B,3796397218,837.989746,1787209782229.7554,1787209781391.7656,1e:33:a7:2f:8e:d8,C,940
86089,1,B,3796397218,837.989746,1787209782229.7554,1787209781391.7656,51:56:ae:12:21:ca,D,940
199467,0,B,3796397218,837.989746,1787209782229.7554,1787209781391.7656,56:a2:44:0e:9e:d6,F,940
199467,0,B,3796397218,837.989746,1787209782229.7554,1787209781391.7656,be:65:0b:2c:96:d0,E,940
199882,0,E,2832324553,844.986572,1787209782864.5679,1787209782019.5813,18:42:de:52:4a:dd,A,940
200115,0,E,2832324553,844.986572,1787209782864.5679,1787209782019.5813,1e:33:a7:2f:8e:d8,C,940
199882,0,E,2832324553,844.986572,1787209782864.5679,1787209782019.5813,51:56:ae:12:21:ca,D,940
200095,0,E,2832324553,844.986572,1787209782864.5679,1787209782019.5813,56:a2:44:0e:9e:d6,F,940
80120,1,E,2832324553,844.986572,1787209782864.5679,1787209782019.5813,dc:4b:0a:06:03:f8,B,940
165,1,C,431688712,771.990479,1787209783067.2537,1787209782295.2632,18:42:de:52:4a:dd,A,940
292918,0,C,431688712,771.990479,1787209783067.2537,1787209782295.2632,51:56:ae:12:21:ca,D,940
200370,0,C,431688712,771.990479,1787209783067.2537,1787209782295.2632,56:a2:44:0e:9e:d6,F,940
200370,0,C,431688712,771.990479,1787209783067.2537,1787209782295.2632,be:65:0b:2c:96:d0,E,940
165,1,C,431688712,771.990479,1787209783067.2537,1787209782295.2632,dc:4b:0a:06:03:f8,B,940
200196,0,A,2060705026,853.960205,1787209783231.3496,1787209782377.3894,1e:33:a7:2f:8e:d8,C,940
293011,0,A,2060705026,853.960205,1787209783231.3496,1787209782377.3894,51:56:ae:12:21:ca,D,940
200459,0,A,2060705026,853.960205,1787209783231.3496,1787209782377.3894,56:a2:44:0e:9e:d6,F,940
87078,1,A,2060705026,853.960205,1787209783231.3496,1787209782377.3894,be:65:0b:2c:96:d0,E,940
230,1,A,2060705026,853.960205,1787209783231.3496,1787209782377.3894,dc:4b:0a:06:03:f8,B,940
200551,0,F,372385581,856.990723,1787209783540.7693,1787209782683.7786,18:42:de:52:4a:dd,A,940
200778,0,F,372385581,856.990723,1787209783540.7693,1787209782683.7786,1e:33:a7:2f:8e:d8,C,940
87381,1,F,372385581,856.990723,1787209783540.7693,1787209782683.7786,51:56:ae:12:21:ca,D,940
87382,1,F,372385581,856.990723,1787209783540.7693,1787209782683.7786,be:65:0b:2c:96:d0,E,940
80784,1,F,372385581,856.990723,1787209783540.7693,1787209782683.7786,dc:4b:0a:06:03:f8,B,940
209448,0,D,17433364,818.988037,1787209792399.5688,1787209791580.5808,18:42:de:52:4a:dd,A,950
209676,0,D,17433364,818.988037,1787209792399.5688,1787209791580.5808,1e:33:a7:2f:8e:d8,C,950
209656,0,D,17433364,818.988037,1787209792399.5688,1787209791580.5808,56:a2:44:0e:9e:d6,F,950
209656,0,D,17433364,818.988037,1787209792399.5688,1787209791580.5808,be:65:0b:2c:96:d0,E,950
89681,1,D,17433364,818.988037,1787209792399.5688,1787209791580.5808,dc:4b:0a:06:03:f8,B,950
705,1,B,3796397218,882.989258,1787209792713.628,1787209791830.6387,18:42:de:52:4a:dd,A,950
424,1,B,3796397218,882.989258,1787209792713.628,1787209791830.6387,1e:33:a7:2f:8e:d8,C,950
96528,1,B,3796397218,882.989258,1787209792713.628,1787209791830.6387,51:56:ae:12:21:ca,D,950
209906,0,B,3796397218,882.989258,1787209792713.628,1787209791830.6387,56:a2:44:0e:9e:d6,F,950
209906,0,B,3796397218,882.989258,1787209792713.628,1787209791830.6387,be:65:0b:2c:96:d0,E,950
210202,0,E,2832324553,880.986084,1787209793220.404,1787209792339.418,18:42:de:52:4a:dd,A,950
210435,0,E,2832324553,880.986084,1787209793220.404,1787209792339.418,1e:33:a7:2f:8e:d8,C,950
210202,0,E,2832324553,880.986084,1787209793220.404,1787209792339.418,51:56:ae:12:21:ca,D,950
210415,0,E,2832324553,880.986084,1787209793220.404,1787209792339.418,56:a2:44:0e:9e:d6,F,950
90440,1,E,2832324553,880.986084,1787209793220.404,1787209792339.418,dc:4b:0a:06:03:f8,B,950
160,1,C,431688712,804.98999,1787209793349.126,1787209792544.136,18:42:de:52:4a:dd,A,950
303167,0,C,431688712,804.98999,1787209793349.126,1787209792544.136,51:56:ae:12:21:ca,D,950
210619,0,C,431688712,804.98999,1787209793349.126,1787209792544.136,56:a2:44:0e:9e:d6,F,950
210619,0,C,431688712,804.98999,1787209793349.126,1787209792544.136,be:65:0b:2c:96:d0,E,950
160,1,C,431688712,804.98999,1787209793349.126,1787209792544.136,dc:4b:0a:06:03:f8,B,950
210451,0,A,2060705026,844.960693,1787209793476.8728,1787209792631.912,1e:33:a7:2f:8e:d8,C,950
303266,0,A,2060705026,844.960693,1787209793476.8728,1787209792631.912,51:56:ae:12:21:ca,D,950
210714,0,A,2060705026,844.960693,1787209793476.8728,1787209792631.912,56:a2:44:0e:9e:d6,F,950
97333,1,A,2060705026,844.960693,1787209793476.8728,1787209792631.912,be:65:0b:2c:96:d0,E,950
483,1,A,2060705026,844.960693,1787209793476.8728,1787209792631.912,dc:4b:0a:06:03:f8,B,950
210871,0,F,372385581,835.990967,1787209793839.6572,1787209793003.6663,18:42:de:52:4a:dd,A,950
211098,0,F,372385581,835.990967,1787209793839.6572,1787209793003.6663,1e:33:a7:2f:8e:d8,C,950
97701,1,F,372385581,835.990967,1787209793839.6572,1787209793003.6663,51:56:ae:12:21:ca,D,950
97702,1,F,372385581,835.990967,1787209793839.6572,1787209793003.6663,be:65:0b:2c:96:d0,E,950
91104,1,F,372385581,835.990967,1787209793839.6572,1787209793003.6663,dc:4b:0a:06:03:f8,B,950
1538,1,B,3796397218,533.993408,1787209802408.5103,1787209801874.5168,18:42:de:52:4a:dd,A,960
78,1,B,3796397218,533.993408,1787209802408.5103,1787209801874.5168,1e:33:a7:2f:8e:d8,C,960
106572,1,B,3796397218,533.993408,1787209802408.5103,1787209801874.5168,51:56:ae:12:21:ca,D,960
219950,0,B,3796397218,533.993408,1787209802408.5103,1787209801874.5168,56:a2:44:0e:9e:d6,F,960
219950,0,B,3796397218,533.993408,1787209802408.5103,1787209801874.5168,be:65:0b:2c:96:d0,E,960
219787,0,D,17433364,885.987305,1787209802805.419,1787209801919.4316,18:42:de:52:4a:dd,A,960
220015,0,D,17433364,885.987305,1787209802805.419,1787209801919.4316,1e:33:a7:2f:8e:d8,C,960
219995,0,D,17433364,885.987305,1787209802805.419,1787209801919.4316,56:a2:44:0e:9e:d6,F,960
219995,0,D,17433364,885.987305,1787209802805.419,1787209801919.4316,be:65:0b:2c:96:d0,E,960
1956,1,D,17433364,885.987305,1787209802805.419,1787209801919.4316,dc:4b:0a:06:03:f8,B,960
220505,0,E,2832324553,819.987061,1787209803462.242,1787209802642.255,18:42:de:52:4a:dd,A,960
220738,0,E,2832324553,819.987061,1787209803462.242,1787209802642.255,1e:33:a7:2f:8e:d8,C,960
220505,0,E,2832324553,819.987061,1787209803462.242,1787209802642.255,51:56:ae:12:21:ca,D,960
220718,0,E,2832324553,819.987061,1787209803462.242,1787209802642.255,56:a2:44:0e:9e:d6,F,960
274,1,E,2832324553,819.987061,1787209803462.242,1787209802642.255,dc:4b:0a:06:03:f8,B,960
220509,0,A,2060705026,569.973633,1787209803259.4175,1787209802689.4438,1e:33:a7:2f:8e:d8,C,960
313324,0,A,2060705026,569.973633,1787209803259.4175,1787209802689.4438,51:56:ae:12:21:ca,D,960
220772,0,A,2060705026,569.973633,1787209803259.4175,1787209802689.4438,56:a2:44:0e:9e:d6,F,960
107391,1,A,2060705026,569.973633,1787209803259.4175,1787209802689.4438,be:65:0b:2c:96:d0,E,960
34,1,A,2060705026,569.973633,1787209803259.4175,1787209802689.4438,dc:4b:0a:06:03:f8,B,960
29,1,C,431688712,855.989258,1787209803684.9976,1787209802829.0083,18:42:de:52:4a:dd,A,960
313452,0,C,431688712,855.989258,1787209803684.9976,1787209802829.0083,51:56:ae:12:21:ca,D,960
29,1,C,431688712,855.989258,1787209803684.9976,1787209802829.0083,56:a2:44:0e:9e:d6,F,960
220904,0,C,431688712,855.989258,1787209803684.9976,1787209802829.0083,be:65:0b:2c:96:d0,E,960
772,1,C,431688712,855.989258,1787209803684.9976,1787209802829.0083,dc:4b:0a:06:03:f8,B,960
128,1,F,372385581,542.994141,1787209803589.551,1787209803046.557,18:42:de:52:4a:dd,A,960
100,1,F,372385581,542.994141,1787209803589.551,1787209803046.557,1e:33:a7:2f:8e:d8,C,960
107744,1,F,372385581,542.994141,1787209803589.551,1787209803046.557,51:56:ae:12:21:ca,D,960
107745,1,F,372385581,542.994141,1787209803589.551,1787209803046.557,be:65:0b:2c:96:d0,E,960
128,1,F,372385581,542.994141,1787209803589.551,1787209803046.557,dc:4b:0a:06:03:f8,B,960
2736,1,B,3796397218,918.98877,1787209813081.3806,1787209812162.3918,18:42:de:52:4a:dd,A,970
9740,1,B,3796397218,918.98877,1787209813081.3806,1787209812162.3918,1e:33:a7:2f:8e:d8,C,970
5130,1,B,3796397218,918.98877,1787209813081.3806,1787209812162.3918,51:56:ae:12:21:ca,D,970
4682,1,B,3796397218,918.98877,1787209813081.3806,1787209812162.3918,56:a2:44:0e:9e:d6,F,970
5130,1,B,3796397218,918.98877,1787209813081.3806,1787209812162.3918,be:65:0b:2c:96:d0,E,970
2822,1,D,17433364,845.987793,1787209813100.2705,1787209812254.2827,18:42:de:52:4a:dd,A,970
4352,1,D,17433364,845.987793,1787209813100.2705,1787209812254.2827,1e:33:a7:2f:8e:d8,C,970
2822,1,D,17433364,845.987793,1787209813100.2705,1787209812254.2827,56:a2:44:0e:9e:d6,F,970
5221,1,D,17433364,845.987793,1787209813100.2705,1787209812254.2827,be:65:0b:2c:96:d0,E,970
6659,1,D,17433364,845.987793,1787209813100.2705,1787209812254.2827,dc:4b:0a:06:03:f8,B,970
112,1,E,2832324553,569.990967,1787209813260.087,1787209812690.096,18:42:de:52:4a:dd,A,970
84,1,E,2832324553,569.990967,1787209813260.087,1787209812690.096,1e:33:a7:2f:8e:d8,C,970
7095,1,E,2832324553,569.990967,1787209813260.087,1787209812690.096,51:56:ae:12:21:ca,D,970
5210,1,E,2832324553,569.990967,1787209813260.087,1787209812690.096,56:a2:44:0e:9e:d6,F,970
7095,1,E,2832324553,569.990967,1787209813260.087,1787209812690.096,dc:4b:0a:06:03:f8,B,970
3253,1,A,2060705026,570.973389,1787209813304.9497,1787209812733.9763,1e:33:a7:2f:8e:d8,C,970
5248,1,A,2060705026,570.973389,1787209813304.9497,1787209812733.9763,51:56:ae:12:21:ca,D,970
5248,1,A,2060705026,570.973389,1787209813304.9497,1787209812733.9763,56:a2:44:0e:9e:d6,F,970
391,1,A,2060705026,570.973389,1787209813304.9497,1787209812733.9763,be:65:0b:2c:96:d0,E,970
7140,1,A,2060705026,570.973389,1787209813304.9497,1787209812733.9763,dc:4b:0a:06:03:f8,B,970
112,1,C,431688712,916.988525,1787209813895.8708,1787209812978.8823,18:42:de:52:4a:dd,A,970
5098,1,C,431688712,916.988525,1787209813895.8708,1787209812978.8823,51:56:ae:12:21:ca,D,970
5492,1,C,431688712,916.988525,1787209813895.8708,1787209812978.8823,56:a2:44:0e:9e:d6,F,970
112,1,C,431688712,916.988525,1787209813895.8708,1787209812978.8823,be:65:0b:2c:96:d0,E,970
7384,1,C,431688712,916.988525,1787209813895.8708,1787209812978.8823,dc:4b:0a:06:03:f8,B,970
464,1,F,372385581,867.990479,1787209814283.4346,1787209813415.444,18:42:de:52:4a:dd,A,970
5879,1,F,372385581,867.990479,1787209814283.4346,1787209813415.444,1e:33:a7:2f:8e:d8,C,970
5767,1,F,372385581,867.990479,1787209814283.4346,1787209813415.444,51:56:ae:12:21:ca,D,970
118114,1,F,372385581,867.990479,1787209814283.4346,1787209813415.444,be:65:0b:2c:96:d0,E,970
7853,1,F,372385581,867.990479,1787209814283.4346,1787209813415.444,dc:4b:0a:06:03:f8,B,970
416,1,B,3796397218,665.991943,1787209823038.2598,1787209822372.2678,18:42:de:52:4a:dd,A,980
611,1,B,3796397218,665.991943,1787209823038.2598,1787209822372.2678,1e:33:a7:2f:8e:d8,C,980
611,1,B,3796397218,665.991943,1787209823038.2598,1787209822372.2678,51:56:ae:12:21:ca,D,980
7639,1,B,3796397218,665.991943,1787209823038.2598,1787209822372.2678,56:a2:44:0e:9e:d6,F,980
7637,1,B,3796397218,665.991943,1787209823038.2598,1787209822372.2678,be:65:0b:2c:96:d0,E,980
200,1,D,17433364,635.990723,1787209823051.1272,1787209822415.1365,18:42:de:52:4a:dd,A,980
172,1,D,17433364,635.990723,1787209823051.1272,1787209822415.1365,1e:33:a7:2f:8e:d8,C,980
12983,1,D,17433364,635.990723,1787209823051.1272,1787209822415.1365,56:a2:44:0e:9e:d6,F,980
698,1,D,17433364,635.990723,1787209823051.1272,1787209822415.1365,be:65:0b:2c:96:d0,E,980
200,1,D,17433364,635.990723,1787209823051.1272,1787209822415.1365,dc:4b:0a:06:03:f8,B,980
3557,1,A,2060705026,689.968018,1787209823663.4678,1787209822973.4998,1e:33:a7:2f:8e:d8,C,980
1260,1,A,2060705026,689.968018,1787209823663.4678,1787209822973.4998,51:56:ae:12:21:ca,D,980
15488,1,A,2060705026,689.968018,1787209823663.4678,1787209822973.4998,56:a2:44:0e:9e:d6,F,980
75,1,A,2060705026,689.968018,1787209823663.4678,1787209822973.4998,be:65:0b:2c:96:d0,E,980
993,1,A,2060705026,689.968018,1787209823663.4678,1787209822973.4998,dc:4b:0a:06:03:f8,B,980
13,1,C,431688712,953.988037,1787209824307.7417,1787209823353.7537,18:42:de:52:4a:dd,A,980
1134,1,C,431688712,953.988037,1787209824307.7417,1787209823353.7537,51:56:ae:12:21:ca,D,980
15867,1,C,431688712,953.988037,1787209824307.7417,1787209823353.7537,56:a2:44:0e:9e:d6,F,980
13,1,C,431688712,953.988037,1787209824307.7417,1787209823353.7537,be:65:0b:2c:96:d0,E,980
1638,1,C,431688712,953.988037,1787209824307.7417,1787209823353.7537,dc:4b:0a:06:03:f8,B,980
1802,1,F,372385581,852.990723,1787209824648.3218,1787209823795.331,18:42:de:52:4a:dd,A,980
16259,1,F,372385581,852.990723,1787209824648.3218,1787209823795.331,1e:33:a7:2f:8e:d8,C,980
16147,1,F,372385581,852.990723,1787209824648.3218,1787209823795.331,51:56:ae:12:21:ca,D,980
2080,1,F,372385581,852.990723,1787209824648.3218,1787209823795.331,be:65:0b:2c:96:d0,E,980
1802,1,F,372385581,852.990723,1787209824648.3218,1787209823795.331,dc:4b:0a:06:03:f8,B,980
22,1,E,2832324553,1376.978271,1787209825260.897,1787209823883.9187,18:42:de:52:4a:dd,A,980
187,1,E,2832324553,1376.978271,1787209825260.897,1787209823883.9187,1e:33:a7:2f:8e:d8,C,980
18289,1,E,2832324553,1376.978271,1787209825260.897,1787209823883.9187,51:56:ae:12:21:ca,D,980
2172,1,E,2832324553,1376.978271,1787209825260.897,1787209823883.9187,56:a2:44:0e:9e:d6,F,980
2172,1,E,2832324553,1376.978271,1787209825260.897,1787209823883.9187,dc:4b:0a:06:03:f8,B,980
10779,1,B,3796397218,884.989258,1787209833620.131,1787209832735.1418,18:42:de:52:4a:dd,A,990
10974,1,B,3796397218,884.989258,1787209833620.131,1787209832735.1418,1e:33:a7:2f:8e:d8,C,990
10242,1,B,3796397218,884.989258,1787209833620.131,1787209832735.1418,51:56:ae:12:21:ca,D,990
18002,1,B,3796397218,884.989258,1787209833620.131,1787209832735.1418,56:a2:44:0e:9e:d6,F,990
18000,1,B,3796397218,884.989258,1787209833620.131,1787209832735.1418,be:65:0b:2c:96:d0,E,990
10272,1,D,17433364,898.987061,1787209833639.9746,1787209832740.9875,18:42:de:52:4a:dd,A,990
10498,1,D,17433364,898.987061,1787209833639.9746,1787209832740.9875,1e:33:a7:2f:8e:d8,C,990
23309,1,D,17433364,898.987061,1787209833639.9746,1787209832740.9875,56:a2:44:0e:9e:d6,F,990
11024,1,D,17433364,898.987061,1787209833639.9746,1787209832740.9875,be:65:0b:2c:96:d0,E,990
10272,1,D,17433364,898.987061,1787209833639.9746,1787209832740.9875,dc:4b:0a:06:03:f8,B,990
13603,1,A,2060705026,538.974854,1787209833558.007,1787209833019.0322,1e:33:a7:2f:8e:d8,C,990
11306,1,A,2060705026,538.974854,1787209833558.007,1787209833019.0322,51:56:ae:12:21:ca,D,990
25534,1,A,2060705026,538.974854,1787209833558.007,1787209833019.0322,56:a2:44:0e:9e:d6,F,990
162,1,A,2060705026,538.974854,1787209833558.007,1787209833019.0322,be:65:0b:2c:96:d0,E,990
11039,1,A,2060705026,538.974854,1787209833558.007,1787209833019.0322,dc:4b:0a:06:03:f8,B,990
13,1,C,431688712,1165.985596,1787209834714.6125,1787209833548.627,18:42:de:52:4a:dd,A,990
11329,1,C,431688712,1165.985596,1787209834714.6125,1787209833548.627,51:56:ae:12:21:ca,D,990
26062,1,C,431688712,1165.985596,1787209834714.6125,1787209833548.627,56:a2:44:0e:9e:d6,F,990
13,1,C,431688712,1165.985596,1787209834714.6125,1787209833548.627,be:65:0b:2c:96:d0,E,990
11833,1,C,431688712,1165.985596,1787209834714.6125,1787209833548.627,dc:4b:0a:06:03:f8,B,990
274,1,E,2832324553,760.987793,1787209834688.7476,1787209833927.7598,18:42:de:52:4a:dd,A,990
88,1,E,2832324553,760.987793,1787209834688.7476,1787209833927.7598,1e:33:a7:2f:8e:d8,C,990
28333,1,E,2832324553,760.987793,1787209834688.7476,1787209833927.7598,51:56:ae:12:21:ca,D,990
12216,1,E,2832324553,760.987793,1787209834688.7476,1787209833927.7598,56:a2:44:0e:9e:d6,F,990
12216,1,E,2832324553,760.987793,1787209834688.7476,1787209833927.7598,dc:4b:0a:06:03:f8,B,990
12167,1,F,372385581,912.98999,1787209835073.2083,1787209834160.2183,18:42:de:52:4a:dd,A,990
26624,1,F,372385581,912.98999,1787209835073.2083,1787209834160.2183,1e:33:a7:2f:8e:d8,C,990
26512,1,F,372385581,912.98999,1787209835073.2083,1787209834160.2183,51:56:ae:12:21:ca,D,990
12445,1,F,372385581,912.98999,1787209835073.2083,1787209834160.2183,be:65:0b:2c:96:d0,E,990
12167,1,F,372385581,912.98999,1787209835073.2083,1787209834160.2183,dc:4b:0a:06:03:f8,B,990
21,1,B,3796397218,889.989258,1787209844035.0046,1787209843145.0154,18:42:de:52:4a:dd,A,1000
2255,1,B,3796397218,889.989258,1787209844035.0046,1787209843145.0154,1e:33:a7:2f:8e:d8,C,1000
20652,1,B,3796397218,889.989258,1787209844035.0046,1787209843145.0154,51:56:ae:12:21:ca,D,1000
1472,1,B,3796397218,889.989258,1787209844035.0046,1787209843145.0154,56:a2:44:0e:9e:d6,F,1000
4463,1,B,3796397218,889.989258,1787209844035.0046,1787209843145.0154,be:65:0b:2c:96:d0,E,1000
35,1,D,17433364,562.991943,1787209843720.8293,1787209843157.8374,18:42:de:52:4a:dd,A,1000
6,1,D,17433364,562.991943,1787209843720.8293,1787209843157.8374,1e:33:a7:2f:8e:d8,C,1000
2102,1,D,17433364,562.991943,1787209843720.8293,1787209843157.8374,56:a2:44:0e:9e:d6,F,1000
4476,1,D,17433364,562.991943,1787209843720.8293,1787209843157.8374,be:65:0b:2c:96:d0,E,1000
20689,1,D,17433364,562.991943,1787209843720.8293,1787209843157.8374,dc:4b:0a:06:03:f8,B,1000
90,1,A,2060705026,606.97168,1787209843873.5269,1787209843266.5552,1e:33:a7:2f:8e:d8,C,1000
90,1,A,2060705026,606.97168,1787209843873.5269,1787209843266.5552,51:56:ae:12:21:ca,D,1000
1283,1,A,2060705026,606.97168,1787209843873.5269,1787209843266.5552,56:a2:44:0e:9e:d6,F,1000
4493,1,A,2060705026,606.97168,1787209843873.5269,1787209843266.5552,be:65:0b:2c:96:d0,E,1000
1570,1,A,2060705026,606.97168,1787209843873.5269,1787209843266.5552,dc:4b:0a:06:03:f8,B,1000
85,1,C,431688712,939.988281,1787209844835.4868,1787209843895.4985,18:42:de:52:4a:dd,A,1000
85,1,C,431688712,939.988281,1787209844835.4868,1787209843895.4985,51:56:ae:12:21:ca,D,1000
1927,1,C,431688712,939.988281,1787209844835.4868,1787209843895.4985,56:a2:44:0e:9e:d6,F,1000
3008,1,C,431688712,939.988281,1787209844835.4868,1787209843895.4985,be:65:0b:2c:96:d0,E,1000
767,1,C,431688712,939.988281,1787209844835.4868,1787209843895.4985,dc:4b:0a:06:03:f8,B,1000
1153,1,E,2832324553,868.986328,1787209845145.5823,1787209844276.596,18:42:de:52:4a:dd,A,1000
3386,1,E,2832324553,868.986328,1787209845145.5823,1787209844276.596,1e:33:a7:2f:8e:d8,C,1000
6468,1,E,2832324553,868.986328,1787209845145.5823,1787209844276.596,51:56:ae:12:21:ca,D,1000
3220,1,E,2832324553,868.986328,1787209845145.5823,1787209844276.596,56:a2:44:0e:9e:d6,F,1000
22565,1,E,2832324553,868.986328,1787209845145.5823,1787209844276.596,dc:4b:0a:06:03:f8,B,1000
1427,1,F,372385581,881.990234,1787209845432.0955,1787209844550.1052,18:42:de:52:4a:dd,A,1000
2560,1,F,372385581,881.990234,1787209845432.0955,1787209844550.1052,1e:33:a7:2f:8e:d8,C,1000
36902,1,F,372385581,881.990234,1787209845432.0955,1787209844550.1052,51:56:ae:12:21:ca,D,1000
4695,1,F,372385581,881.990234,1787209845432.0955,1787209844550.1052,be:65:0b:2c:96:d0,E,1000
2855,1,F,372385581,881.990234,1787209845432.0955,1787209844550.1052,dc:4b:0a:06:03:f8,B,1000
519,1,B,3796397218,789.990234,1787209854175.8813,1787209853385.891,18:42:de:52:4a:dd,A,1010
3262,1,B,3796397218,789.990234,1787209854175.8813,1787209853385.891,1e:33:a7:2f:8e:d8,C,1010
519,1,B,3796397218,789.990234,1787209854175.8813,1787209853385.891,51:56:ae:12:21:ca,D,1010
775,1,B,3796397218,789.990234,1787209854175.8813,1787209853385.891,56:a2:44:0e:9e:d6,F,1010
6126,1,B,3796397218,789.990234,1787209854175.8813,1787209853385.891,be:65:0b:2c:96:d0,E,1010
549,1,D,17433364,811.988281,1787209854227.678,1787209853415.6897,18:42:de:52:4a:dd,A,1010
3291,1,D,17433364,811.988281,1787209854227.678,1787209853415.6897,1e:33:a7:2f:8e:d8,C,1010
805,1,D,17433364,811.988281,1787209854227.678,1787209853415.6897,56:a2:44:0e:9e:d6,F,1010
1073,1,D,17433364,811.988281,1787209854227.678,1787209853415.6897,be:65:0b:2c:96:d0,E,1010
2088,1,D,17433364,811.988281,1787209854227.678,1787209853415.6897,dc:4b:0a:06:03:f8,B,1010
2170,1,A,2060705026,844.960693,1787209854390.0374,1787209853545.0767,1e:33:a7:2f:8e:d8,C,1010
1304,1,A,2060705026,844.960693,1787209854390.0374,1787209853545.0767,51:56:ae:12:21:ca,D,1010
345,1,A,2060705026,844.960693,1787209854390.0374,1787209853545.0767,56:a2:44:0e:9e:d6,F,1010
3883,1,A,2060705026,844.960693,1787209854390.0374,1787209853545.0767,be:65:0b:2c:96:d0,E,1010
6287,1,A,2060705026,844.960693,1787209854390.0374,1787209853545.0767,dc:4b:0a:06:03:f8,B,1010
8,1,C,431688712,981.987793,1787209855135.3591,1787209854153.3713,18:42:de:52:4a:dd,A,1010
1543,1,C,431688712,981.987793,1787209855135.3591,1787209854153.3713,51:56:ae:12:21:ca,D,1010
8,1,C,431688712,981.987793,1787209855135.3591,1787209854153.3713,56:a2:44:0e:9e:d6,F,1010
1578,1,C,431688712,981.987793,1787209855135.3591,1787209854153.3713,be:65:0b:2c:96:d0,E,1010
4489,1,C,431688712,981.987793,1787209855135.3591,1787209854153.3713,dc:4b:0a:06:03:f8,B,1010
1859,1,E,2832324553,853.986328,1787209855579.417,1787209854725.4307,18:42:de:52:4a:dd,A,1010
2127,1,E,2832324553,853.986328,1787209855579.417,1787209854725.4307,1e:33:a7:2f:8e:d8,C,1010
1859,1,E,2832324553,853.986328,1787209855579.417,1787209854725.4307,51:56:ae:12:21:ca,D,1010
5061,1,E,2832324553,853.986328,1787209855579.417,1787209854725.4307,56:a2:44:0e:9e:d6,F,1010
33014,1,E,2832324553,853.986328,1787209855579.417,1787209854725.4307,dc:4b:0a:06:03:f8,B,1010
39,1,F,372385581,1421.984375,1787209856491.975,1787209855069.9907,18:42:de:52:4a:dd,A,1010
76,1,F,372385581,1421.984375,1787209856491.975,1787209855069.9907,1e:33:a7:2f:8e:d8,C,1010
2204,1,F,372385581,1421.984375,1787209856491.975,1787209855069.9907,51:56:ae:12:21:ca,D,1010
3742,1,F,372385581,1421.984375,1787209856491.975,1787209855069.9907,be:65:0b:2c:96:d0,E,1010
13375,1,F,372385581,1421.984375,1787209856491.975,1787209855069.9907,dc:4b:0a:06:03:f8,B,1010
10922,1,D,17433364,881.987305,1787209864670.5273,1787209863788.54,18:42:de:52:4a:dd,A,1020
13664,1,D,17433364,881.987305,1787209864670.5273,1787209863788.54,1e:33:a7:2f:8e:d8,C,1020
11178,1,D,17433364,881.987305,1787209864670.5273,1787209863788.54,56:a2:44:0e:9e:d6,F,1020
11446,1,D,17433364,881.987305,1787209864670.5273,1787209863788.54,be:65:0b:2c:96:d0,E,1020
12461,1,D,17433364,881.987305,1787209864670.5273,1787209863788.54,dc:4b:0a:06:03:f8,B,1020
10934,1,B,3796397218,896.989014,1787209864697.7537,1787209863800.7646,18:42:de:52:4a:dd,A,1020
13677,1,B,3796397218,896.989014,1787209864697.7537,1787209863800.7646,1e:33:a7:2f:8e:d8,C,1020
10934,1,B,3796397218,896.989014,1787209864697.7537,1787209863800.7646,51:56:ae:12:21:ca,D,1020
11190,1,B,3796397218,896.989014,1787209864697.7537,1787209863800.7646,56:a2:44:0e:9e:d6,F,1020
16541,1,B,3796397218,896.989014,1787209864697.7537,1787209863800.7646,be:65:0b:2c:96:d0,E,1020
12482,1,A,2060705026,841.960693,1787209864698.5576,1787209863856.597,1e:33:a7:2f:8e:d8,C,1020
11616,1,A,2060705026,841.960693,1787209864698.5576,1787209863856.597,51:56:ae:12:21:ca,D,1020
711,1,A,2060705026,841.960693,1787209864698.5576,1787209863856.597,56:a2:44:0e:9e:d6,F,1020
14195,1,A,2060705026,841.960693,1787209864698.5576,1787209863856.597,be:65:0b:2c:96:d0,E,1020
16599,1,A,2060705026,841.960693,1787209864698.5576,1787209863856.597,dc:4b:0a:06:03:f8,B,1020
346,1,C,431688712,815.98999,1787209865289.2332,1787209864473.2432,18:42:de:52:4a:dd,A,1020
11863,1,C,431688712,815.98999,1787209865289.2332,1787209864473.2432,51:56:ae:12:21:ca,D,1020
346,1,C,431688712,815.98999,1787209865289.2332,1787209864473.2432,56:a2:44:0e:9e:d6,F,1020
11898,1,C,431688712,815.98999,1787209865289.2332,1787209864473.2432,be:65:0b:2c:96:d0,E,1020
14809,1,C,431688712,815.98999,1787209865289.2332,1787209864473.2432,dc:4b:0a:06:03:f8,B,1020
12287,1,E,2832324553,910.985596,1787209866064.2512,1787209865153.2656,18:42:de:52:4a:dd,A,1020
12555,1,E,2832324553,910.985596,1787209866064.2512,1787209865153.2656,1e:33:a7:2f:8e:d8,C,1020
12287,1,E,2832324553,910.985596,1787209866064.2512,1787209865153.2656,51:56:ae:12:21:ca,D,1020
15489,1,E,2832324553,910.985596,1787209866064.2512,1787209865153.2656,56:a2:44:0e:9e:d6,F,1020
43442,1,E,2832324553,910.985596,1787209866064.2512,1787209865153.2656,dc:4b:0a:06:03:f8,B,1020
156,1,F,372385581,745.991943,1787209866022.8713,1787209865276.8794,18:42:de:52:4a:dd,A,1020
128,1,F,372385581,745.991943,1787209866022.8713,1787209865276.8794,1e:33:a7:2f:8e:d8,C,1020
12411,1,F,372385581,745.991943,1787209866022.8713,1787209865276.8794,51:56:ae:12:21:ca,D,1020
13949,1,F,372385581,745.991943,1787209866022.8713,1787209865276.8794,be:65:0b:2c:96:d0,E,1020
23582,1,F,372385581,745.991943,1787209866022.8713,1787209865276.8794,dc:4b:0a:06:03:f8,B,1020
21285,1,D,17433364,890.987061,1787209875042.378,1787209874151.3909,18:42:de:52:4a:dd,A,1030
24027,1,D,17433364,890.987061,1787209875042.378,1787209874151.3909,1e:33:a7:2f:8e:d8,C,1030
21541,1,D,17433364,890.987061,1787209875042.378,1787209874151.3909,56:a2:44:0e:9e:d6,F,1030
21809,1,D,17433364,890.987061,1787209875042.378,1787209874151.3909,be:65:0b:2c:96:d0,E,1030
22824,1,D,17433364,890.987061,1787209875042.378,1787209874151.3909,dc:4b:0a:06:03:f8,B,1030
22779,1,A,2060705026,830.961426,1787209874984.0789,1787209874153.1174,1e:33:a7:2f:8e:d8,C,1030
21913,1,A,2060705026,830.961426,1787209874984.0789,1787209874153.1174,51:56:ae:12:21:ca,D,1030
1008,1,A,2060705026,830.961426,1787209874984.0789,1787209874153.1174,56:a2:44:0e:9e:d6,F,1030
24492,1,A,2060705026,830.961426,1787209874984.0789,1787209874153.1174,be:65:0b:2c:96:d0,E,1030
26896,1,A,2060705026,830.961426,1787209874984.0789,1787209874153.1174,dc:4b:0a:06:03:f8,B,1030
21312,1,B,3796397218,824.98999,1787209875003.6284,1787209874178.6384,18:42:de:52:4a:dd,A,1030
24055,1,B,3796397218,824.98999,1787209875003.6284,1787209874178.6384,1e:33:a7:2f:8e:d8,C,1030
21312,1,B,3796397218,824.98999,1787209875003.6284,1787209874178.6384,51:56:ae:12:21:ca,D,1030
21568,1,B,3796397218,824.98999,1787209875003.6284,1787209874178.6384,56:a2:44:0e:9e:d6,F,1030
26919,1,B,3796397218,824.98999,1787209875003.6284,1787209874178.6384,be:65:0b:2c:96:d0,E,1030
622,1,C,431688712,852.989258,1787209875601.105,1787209874748.1157,18:42:de:52:4a:dd,A,1030
22138,1,C,431688712,852.989258,1787209875601.105,1787209874748.1157,51:56:ae:12:21:ca,D,1030
622,1,C,431688712,852.989258,1787209875601.105,1787209874748.1157,56:a2:44:0e:9e:d6,F,1030
22173,1,C,431688712,852.989258,1787209875601.105,1787209874748.1157,be:65:0b:2c:96:d0,E,1030
25084,1,C,431688712,852.989258,1787209875601.105,1787209874748.1157,dc:4b:0a:06:03:f8,B,1030
371,1,F,372385581,729.991943,1787209876223.7603,1787209875493.7683,18:42:de:52:4a:dd,A,1030
89,1,F,372385581,729.991943,1787209876223.7603,1787209875493.7683,1e:33:a7:2f:8e:d8,C,1030
22628,1,F,372385581,729.991943,1787209876223.7603,1787209875493.7683,51:56:ae:12:21:ca,D,1030
24166,1,F,372385581,729.991943,1787209876223.7603,1787209875493.7683,be:65:0b:2c:96:d0,E,1030
33799,1,F,372385581,729.991943,1787209876223.7603,1787209875493.7683,dc:4b:0a:06:03:f8,B,1030
22720,1,E,2832324553,877.986084,1787209876464.0864,1787209875586.1003,18:42:de:52:4a:dd,A,1030
22988,1,E,2832324553,877.986084,1787209876464.0864,1787209875586.1003,1e:33:a7:2f:8e:d8,C,1030
22720,1,E,2832324553,877.986084,1787209876464.0864,1787209875586.1003,51:56:ae:12:21:ca,D,1030
25922,1,E,2832324553,877.986084,1787209876464.0864,1787209875586.1003,56:a2:44:0e:9e:d6,F,1030
53875,1,E,2832324553,877.986084,1787209876464.0864,1787209875586.1003,dc:4b:0a:06:03:f8,B,1030
33104,1,A,2060705026,874.959229,1787209885352.5962,1787209884477.637,1e:33:a7:2f:8e:d8,C,1040
32238,1,A,2060705026,874.959229,1787209885352.5962,1787209884477.637,51:56:ae:12:21:ca,D,1040
333,1,A,2060705026,874.959229,1787209885352.5962,1787209884477.637,56:a2:44:0e:9e:d6,F,1040
34817,1,A,2060705026,874.959229,1787209885352.5962,1787209884477.637,be:65:0b:2c:96:d0,E,1040
37221,1,A,2060705026,874.959229,1787209885352.5962,1787209884477.637,dc:4b:0a:06:03:f8,B,1040
31663,1,D,17433364,815.988281,1787209885345.2295,1787209884529.2412,18:42:de:52:4a:dd,A,1040
34405,1,D,17433364,815.988281,1787209885345.2295,1787209884529.2412,1e:33:a7:2f:8e:d8,C,1040
31919,1,D,17433364,815.988281,1787209885345.2295,1787209884529.2412,56:a2:44:0e:9e:d6,F,1040
32187,1,D,17433364,815.988281,1787209885345.2295,1787209884529.2412,be:65:0b:2c:96:d0,E,1040
33202,1,D,17433364,815.988281,1787209885345.2295,1787209884529.2412,dc:4b:0a:06:03:f8,B,1040
31746,1,B,3796397218,912.989014,1787209885525.5007,1787209884612.5117,18:42:de:52:4a:dd,A,1040
34489,1,B,3796397218,912.989014,1787209885525.5007,1787209884612.5117,1e:33:a7:2f:8e:d8,C,1040
31746,1,B,3796397218,912.989014,1787209885525.5007,1787209884612.5117,51:56:ae:12:21:ca,D,1040
32002,1,B,3796397218,912.989014,1787209885525.5007,1787209884612.5117,56:a2:44:0e:9e:d6,F,1040
37353,1,B,3796397218,912.989014,1787209885525.5007,1787209884612.5117,be:65:0b:2c:96:d0,E,1040
905,1,C,431688712,829.989746,1787209885861.9778,1787209885031.988,18:42:de:52:4a:dd,A,1040
32422,1,C,431688712,829.989746,1787209885861.9778,1787209885031.988,51:56:ae:12:21:ca,D,1040
905,1,C,431688712,829.989746,1787209885861.9778,1787209885031.988,56:a2:44:0e:9e:d6,F,1040
32457,1,C,431688712,829.989746,1787209885861.9778,1787209885031.988,be:65:0b:2c:96:d0,E,1040
35368,1,C,431688712,829.989746,1787209885861.9778,1787209885031.988,dc:4b:0a:06:03:f8,B,1040
618,1,F,372385581,726.992188,1787209886466.649,1787209885739.6567,18:42:de:52:4a:dd,A,1040
591,1,F,372385581,726.992188,1787209886466.649,1787209885739.6567,1e:33:a7:2f:8e:d8,C,1040
32874,1,F,372385581,726.992188,1787209886466.649,1787209885739.6567,51:56:ae:12:21:ca,D,1040
34412,1,F,372385581,726.992188,1787209886466.649,1787209885739.6567,be:65:0b:2c:96:d0,E,1040
44045,1,F,372385581,726.992188,1787209886466.649,1787209885739.6567,dc:4b:0a:06:03:f8,B,1040
33177,1,E,2832324553,919.985352,1787209886962.9204,1787209886042.935,18:42:de:52:4a:dd,A,1040
33445,1,E,2832324553,919.985352,1787209886962.9204,1787209886042.935,1e:33:a7:2f:8e:d8,C,1040
33177,1,E,2832324553,919.985352,1787209886962.9204,1787209886042.935,51:56:ae:12:21:ca,D,1040
36379,1,E,2832324553,919.985352,1787209886962.9204,1787209886042.935,56:a2:44:0e:9e:d6,F,1040
64332,1,E,2832324553,919.985352,1787209886962.9204,1787209886042.935,dc:4b:0a:06:03:f8,B,1040
43420,1,A,2060705026,830.961426,1787209895624.1182,1787209894793.1567,1e:33:a7:2f:8e:d8,C,1050
42554,1,A,2060705026,830.961426,1787209895624.1182,1787209894793.1567,51:56:ae:12:21:ca,D,1050
650,1,A,2060705026,830.961426,1787209895624.1182,1787209894793.1567,56:a2:44:0e:9e:d6,F,1050
45133,1,A,2060705026,830.961426,1787209895624.1182,1787209894793.1567,be:65:0b:2c:96:d0,E,1050
47537,1,A,2060705026,830.961426,1787209895624.1182,1787209894793.1567,dc:4b:0a:06:03:f8,B,1050
42025,1,D,17433364,904.986816,1787209895796.0789,1787209894891.092,18:42:de:52:4a:dd,A,1050
44767,1,D,17433364,904.986816,1787209895796.0789,1787209894891.092,1e:33:a7:2f:8e:d8,C,1050
42281,1,D,17433364,904.986816,1787209895796.0789,1787209894891.092,56:a2:44:0e:9e:d6,F,1050
42549,1,D,17433364,904.986816,1787209895796.0789,1787209894891.092,be:65:0b:2c:96:d0,E,1050
43564,1,D,17433364,904.986816,1787209895796.0789,1787209894891.092,dc:4b:0a:06:03:f8,B,1050
42097,1,B,3796397218,922.98877,1787209895886.3748,1787209894963.386,18:42:de:52:4a:dd,A,1050
44840,1,B,3796397218,922.98877,1787209895886.3748,1787209894963.386,1e:33:a7:2f:8e:d8,C,1050
42097,1,B,3796397218,922.98877,1787209895886.3748,1787209894963.386,51:56:ae:12:21:ca,D,1050
42353,1,B,3796397218,922.98877,1787209895886.3748,1787209894963.386,56:a2:44:0e:9e:d6,F,1050
47704,1,B,3796397218,922.98877,1787209895886.3748,1787209894963.386,be:65:0b:2c:96:d0,E,1050
181,1,C,431688712,868.989014,1787209896174.8496,1787209895305.8606,18:42:de:52:4a:dd,A,1050
42696,1,C,431688712,868.989014,1787209896174.8496,1787209895305.8606,51:56:ae:12:21:ca,D,1050
181,1,C,431688712,868.989014,1787209896174.8496,1787209895305.8606,56:a2:44:0e:9e:d6,F,1050
42731,1,C,431688712,868.989014,1787209896174.8496,1787209895305.8606,be:65:0b:2c:96:d0,E,1050
45642,1,C,431688712,868.989014,1787209896174.8496,1787209895305.8606,dc:4b:0a:06:03:f8,B,1050
835,1,F,372385581,796.991211,1787209896751.5369,1787209895954.5457,18:42:de:52:4a:dd,A,1050
809,1,F,372385581,796.991211,1787209896751.5369,1787209895954.5457,1e:33:a7:2f:8e:d8,C,1050
43089,1,F,372385581,796.991211,1787209896751.5369,1787209895954.5457,51:56:ae:12:21:ca,D,1050
44627,1,F,372385581,796.991211,1787209896751.5369,1787209895954.5457,be:65:0b:2c:96:d0,E,1050
54260,1,F,372385581,796.991211,1787209896751.5369,1787209895954.5457,dc:4b:0a:06:03:f8,B,1050
43637,1,E,2832324553,876.986328,1787209897379.7556,1787209896502.7693,18:42:de:52:4a:dd,A,1060
43905,1,E,2832324553,876.986328,1787209897379.7556,1787209896502.7693,1e:33:a7:2f:8e:d8,C,1060
43637,1,E,2832324553,876.986328,1787209897379.7556,1787209896502.7693,51:56:ae:12:21:ca,D,1060
46839,1,E,2832324553,876.986328,1787209897379.7556,1787209896502.7693,56:a2:44:0e:9e:d6,F,1060
74792,1,E,2832324553,876.986328,1787209897379.7556,1787209896502.7693,dc:4b:0a:06:03:f8,B,1060
53735,1,A,2060705026,849.960449,1787209905957.6372,1787209905107.6768,1e:33:a7:2f:8e:d8,C,1060
52869,1,A,2060705026,849.960449,1787209905957.6372,1787209905107.6768,51:56:ae:12:21:ca,D,1060
963,1,A,2060705026,849.960449,1787209905957.6372,1787209905107.6768,56:a2:44:0e:9e:d6,F,1060
55448,1,A,2060705026,849.960449,1787209905957.6372,1787209905107.6768,be:65:0b:2c:96:d0,E,1060
57852,1,A,2060705026,849.960449,1787209905957.6372,1787209905107.6768,dc:4b:0a:06:03:f8,B,1060
52372,1,D,17433364,868.987305,1787209906106.9302,1787209905237.9429,18:42:de:52:4a:dd,A,1060
55114,1,D,17433364,868.987305,1787209906106.9302,1787209905237.9429,1e:33:a7:2f:8e:d8,C,1060
52628,1,D,17433364,868.987305,1787209906106.9302,1787209905237.9429,56:a2:44:0e:9e:d6,F,1060
52896,1,D,17433364,868.987305,1787209906106.9302,1787209905237.9429,be:65:0b:2c:96:d0,E,1060
53911,1,D,17433364,868.987305,1787209906106.9302,1787209905237.9429,dc:4b:0a:06:03:f8,B,1060
52429,1,B,3796397218,862.989502,1787209906158.25,1787209905295.2605,18:42:de:52:4a:dd,A,1060
55172,1,B,3796397218,862.989502,1787209906158.25,1787209905295.2605,1e:33:a7:2f:8e:d8,C,1060
52429,1,B,3796397218,862.989502,1787209906158.25,1787209905295.2605,51:56:ae:12:21:ca,D,1060
52685,1,B,3796397218,862.989502,1787209906158.25,1787209905295.2605,56:a2:44:0e:9e:d6,F,1060
58036,1,B,3796397218,862.989502,1787209906158.25,1787209905295.2605,be:65:0b:2c:96:d0,E,1060
466,1,C,431688712,808.98999,1787209906401.723,1787209905592.733,18:42:de:52:4a:dd,A,1060
52983,1,C,431688712,808.98999,1787209906401.723,1787209905592.733,51:56:ae:12:21:ca,D,1060
466,1,C,431688712,808.98999,1787209906401.723,1787209905592.733,56:a2:44:0e:9e:d6,F,1060
53018,1,C,431688712,808.98999,1787209906401.723,1787209905592.733,be:65:0b:2c:96:d0,E,1060
55929,1,C,431688712,808.98999,1787209906401.723,1787209905592.733,dc:4b:0a:06:03:f8,B,1060
65,1,F,372385581,652.99292,1787209906837.427,1787209906184.434,18:42:de:52:4a:dd,A,1060
38,1,F,372385581,652.99292,1787209906837.427,1787209906184.434,1e:33:a7:2f:8e:d8,C,1060
53319,1,F,372385581,652.99292,1787209906837.427,1787209906184.434,51:56:ae:12:21:ca,D,1060
54857,1,F,372385581,652.99292,1787209906837.427,1787209906184.434,be:65:0b:2c:96:d0,E,1060
64490,1,F,372385581,652.99292,1787209906837.427,1787209906184.434,dc:4b:0a:06:03:f8,B,1060
54089,1,E,2832324553,883.986084,1787209907838.59,1787209906954.604,18:42:de:52:4a:dd,A,1070
54357,1,E,2832324553,883.986084,1787209907838.59,1787209906954.604,1e:33:a7:2f:8e:d8,C,1070
54089,1,E,2832324553,883.986084,1787209907838.59,1787209906954.604,51:56:ae:12:21:ca,D,1070
57291,1,E,2832324553,883.986084,1787209907838.59,1787209906954.604,56:a2:44:0e:9e:d6,F,1070
85244,1,E,2832324553,883.986084,1787209907838.59,1787209906954.604,dc:4b:0a:06:03:f8,B,1070
64080,1,A,2060705026,922.957031,1787209916375.1523,1787209915452.1953,1e:33:a7:2f:8e:d8,C,1070
63214,1,A,2060705026,922.957031,1787209916375.1523,1787209915452.1953,51:56:ae:12:21:ca,D,1070
308,1,A,2060705026,922.957031,1787209916375.1523,1787209915452.1953,56:a2:44:0e:9e:d6,F,1070
65793,1,A,2060705026,922.957031,1787209916375.1523,1787209915452.1953,be:65:0b:2c:96:d0,E,1070
68197,1,A,2060705026,922.957031,1787209916375.1523,1787209915452.1953,dc:4b:0a:06:03:f8,B,1070
62764,1,D,17433364,863.987549,1787209916493.7805,1787209915629.793,18:42:de:52:4a:dd,A,1070
65506,1,D,17433364,863.987549,1787209916493.7805,1787209915629.793,1e:33:a7:2f:8e:d8,C,1070
63020,1,D,17433364,863.987549,1787209916493.7805,1787209915629.793,56:a2:44:0e:9e:d6,F,1070
63288,1,D,17433364,863.987549,1787209916493.7805,1787209915629.793,be:65:0b:2c:96:d0,E,1070
64303,1,D,17433364,863.987549,1787209916493.7805,1787209915629.793,dc:4b:0a:06:03:f8,B,1070
62863,1,B,3796397218,853.989502,1787209916583.1233,1787209915729.1338,18:42:de:52:4a:dd,A,1070
65606,1,B,3796397218,853.989502,1787209916583.1233,1787209915729.1338,1e:33:a7:2f:8e:d8,C,1070
62863,1,B,3796397218,853.989502,1787209916583.1233,1787209915729.1338,51:56:ae:12:21:ca,D,1070
63119,1,B,3796397218,853.989502,1787209916583.1233,1787209915729.1338,56:a2:44:0e:9e:d6,F,1070
68470,1,B,3796397218,853.989502,1787209916583.1233,1787209915729.1338,be:65:0b:2c:96:d0,E,1070
752,1,C,431688712,811.989746,1787209916691.595,1787209915879.6052,18:42:de:52:4a:dd,A,1070
63270,1,C,431688712,811.989746,1787209916691.595,1787209915879.6052,51:56:ae:12:21:ca,D,1070
752,1,C,431688712,811.989746,1787209916691.595,1787209915879.6052,56:a2:44:0e:9e:d6,F,1070
63305,1,C,431688712,811.989746,1787209916691.595,1787209915879.6052,be:65:0b:2c:96:d0,E,1070
66216,1,C,431688712,811.989746,1787209916691.595,1787209915879.6052,dc:4b:0a:06:03:f8,B,1070
327,1,F,372385581,714.992188,1787209917162.3147,1787209916447.3225,18:42:de:52:4a:dd,A,1080
300,1,F,372385581,714.992188,1787209917162.3147,1787209916447.3225,1e:33:a7:2f:8e:d8,C,1080
63582,1,F,372385581,714.992188,1787209917162.3147,1787209916447.3225,51:56:ae:12:21:ca,D,1080
65120,1,F,372385581,714.992188,1787209917162.3147,1787209916447.3225,be:65:0b:2c:96:d0,E,1080
74753,1,F,372385581,714.992188,1787209917162.3147,1787209916447.3225,dc:4b:0a:06:03:f8,B,1080
64492,1,E,2832324553,882.98584,1787209918240.4253,1787209917357.4395,18:42:de:52:4a:dd,A,1080
64760,1,E,2832324553,882.98584,1787209918240.4253,1787209917357.4395,1e:33:a7:2f:8e:d8,C,1080
64492,1,E,2832324553,882.98584,1787209918240.4253,1787209917357.4395,51:56:ae:12:21:ca,D,1080
67694,1,E,2832324553,882.98584,1787209918240.4253,1787209917357.4395,56:a2:44:0e:9e:d6,F,1080
95647,1,E,2832324553,882.98584,1787209918240.4253,1787209917357.4395,dc:4b:0a:06:03:f8,B,1080
74392,1,A,2060705026,866.959473,1787209926630.6748,1787209925763.7153,1e:33:a7:2f:8e:d8,C,1080
73526,1,A,2060705026,866.959473,1787209926630.6748,1787209925763.7153,51:56:ae:12:21:ca,D,1080
622,1,A,2060705026,866.959473,1787209926630.6748,1787209925763.7153,56:a2:44:0e:9e:d6,F,1080
76105,1,A,2060705026,866.959473,1787209926630.6748,1787209925763.7153,be:65:0b:2c:96:d0,E,1080
78509,1,A,2060705026,866.959473,1787209926630.6748,1787209925763.7153,dc:4b:0a:06:03:f8,B,1080
73123,1,D,17433364,911.986816,1787209926900.6306,1787209925988.6438,18:42:de:52:4a:dd,A,1080
75865,1,D,17433364,911.986816,1787209926900.6306,1787209925988.6438,1e:33:a7:2f:8e:d8,C,1080
73379,1,D,17433364,911.986816,1787209926900.6306,1787209925988.6438,56:a2:44:0e:9e:d6,F,1080
73647,1,D,17433364,911.986816,1787209926900.6306,1787209925988.6438,be:65:0b:2c:96:d0,E,1080
74662,1,D,17433364,911.986816,1787209926900.6306,1787209925988.6438,dc:4b:0a:06:03:f8,B,1080
73233,1,B,3796397218,895.989014,1787209926994.9968,1787209926099.0078,18:42:de:52:4a:dd,A,1080
75976,1,B,3796397218,895.989014,1787209926994.9968,1787209926099.0078,1e:33:a7:2f:8e:d8,C,1080
73233,1,B,3796397218,895.989014,1787209926994.9968,1787209926099.0078,51:56:ae:12:21:ca,D,1080
73489,1,B,3796397218,895.989014,1787209926994.9968,1787209926099.0078,56:a2:44:0e:9e:d6,F,1080
78840,1,B,3796397218,895.989014,1787209926994.9968,1787209926099.0078,be:65:0b:2c:96:d0,E,1080
17,1,C,431688712,833.989746,1787209926977.4675,1787209926143.4778,18:42:de:52:4a:dd,A,1080
73534,1,C,431688712,833.989746,1787209926977.4675,1787209926143.4778,51:56:ae:12:21:ca,D,1080
17,1,C,431688712,833.989746,1787209926977.4675,1787209926143.4778,56:a2:44:0e:9e:d6,F,1080
73569,1,C,431688712,833.989746,1787209926977.4675,1787209926143.4778,be:65:0b:2c:96:d0,E,1080
76480,1,C,431688712,833.989746,1787209926977.4675,1787209926143.4778,dc:4b:0a:06:03:f8,B,1080
591,1,F,372385581,701.992432,1787209927413.2031,1787209926711.2107,18:42:de:52:4a:dd,A,1090
564,1,F,372385581,701.992432,1787209927413.2031,1787209926711.2107,1e:33:a7:2f:8e:d8,C,1090
73846,1,F,372385581,701.992432,1787209927413.2031,1787209926711.2107,51:56:ae:12:21:ca,D,1090
75384,1,F,372385581,701.992432,1787209927413.2031,1787209926711.2107,be:65:0b:2c:96:d0,E,1090
85017,1,F,372385581,701.992432,1787209927413.2031,1787209926711.2107,dc:4b:0a:06:03:f8,B,1090
74945,1,E,2832324553,838.986816,1787209928649.2607,1787209927810.274,18:42:de:52:4a:dd,A,1090
75213,1,E,2832324553,838.986816,1787209928649.2607,1787209927810.274,1e:33:a7:2f:8e:d8,C,1090
74945,1,E,2832324553,838.986816,1787209928649.2607,1787209927810.274,51:56:ae:12:21:ca,D,1090
78147,1,E,2832324553,838.986816,1787209928649.2607,1787209927810.274,56:a2:44:0e:9e:d6,F,1090
106100,1,E,2832324553,838.986816,1787209928649.2607,1787209927810.274,dc:4b:0a:06:03:f8,B,1090
84691,1,A,2060705026,845.960693,1787209936908.1965,1787209936062.2358,1e:33:a7:2f:8e:d8,C,1090
83825,1,A,2060705026,845.960693,1787209936908.1965,1787209936062.2358,51:56:ae:12:21:ca,D,1090
921,1,A,2060705026,845.960693,1787209936908.1965,1787209936062.2358,56:a2:44:0e:9e:d6,F,1090
86404,1,A,2060705026,845.960693,1787209936908.1965,1787209936062.2358,be:65:0b:2c:96:d0,E,1090
88808,1,A,2060705026,845.960693,1787209936908.1965,1787209936062.2358,dc:4b:0a:06:03:f8,B,1090
83478,1,D,17433364,909.986816,1787209937253.4814,1787209936343.4946,18:42:de:52:4a:dd,A,1100
86220,1,D,17433364,909.986816,1787209937253.4814,1787209936343.4946,1e:33:a7:2f:8e:d8,C,1100
83734,1,D,17433364,909.986816,1787209937253.4814,1787209936343.4946,56:a2:44:0e:9e:d6,F,1100
84002,1,D,17433364,909.986816,1787209937253.4814,1787209936343.4946,be:65:0b:2c:96:d0,E,1100
85017,1,D,17433364,909.986816,1787209937253.4814,1787209936343.4946,dc:4b:0a:06:03:f8,B,1100
325,1,C,431688712,858.989258,1787209937306.339,1787209936447.3499,18:42:de:52:4a:dd,A,1100
83838,1,C,431688712,858.989258,1787209937306.339,1787209936447.3499,51:56:ae:12:21:ca,D,1100
325,1,C,431688712,858.989258,1787209937306.339,1787209936447.3499,56:a2:44:0e:9e:d6,F,1100
83873,1,C,431688712,858.989258,1787209937306.339,1787209936447.3499,be:65:0b:2c:96:d0,E,1100
86784,1,C,431688712,858.989258,1787209937306.339,1787209936447.3499,dc:4b:0a:06:03:f8,B,1100
83666,1,B,3796397218,849.989746,1787209937381.8708,1787209936531.881,18:42:de:52:4a:dd,A,1100
86409,1,B,3796397218,849.989746,1787209937381.8708,1787209936531.881,1e:33:a7:2f:8e:d8,C,1100
83666,1,B,3796397218,849.989746,1787209937381.8708,1787209936531.881,51:56:ae:12:21:ca,D,1100
83922,1,B,3796397218,849.989746,1787209937381.8708,1787209936531.881,56:a2:44:0e:9e:d6,F,1100
89273,1,B,3796397218,849.989746,1787209937381.8708,1787209936531.881,be:65:0b:2c:96:d0,E,1100
854,1,F,372385581,748.991699,1787209937720.0908,1787209936971.099,18:42:de:52:4a:dd,A,1100
826,1,F,372385581,748.991699,1787209937720.0908,1787209936971.099,1e:33:a7:2f:8e:d8,C,1100
84106,1,F,372385581,748.991699,1787209937720.0908,1787209936971.099,51:56:ae:12:21:ca,D,1100
85644,1,F,372385581,748.991699,1787209937720.0908,1787209936971.099,be:65:0b:2c:96:d0,E,1100
95277,1,F,372385581,748.991699,1787209937720.0908,1787209936971.099,dc:4b:0a:06:03:f8,B,1100
85299,1,E,2832324553,910.985596,1787209939075.0957,1787209938164.11,18:42:de:52:4a:dd,A,1100
85567,1,E,2832324553,910.985596,1787209939075.0957,1787209938164.11,1e:33:a7:2f:8e:d8,C,1100
85299,1,E,2832324553,910.985596,1787209939075.0957,1787209938164.11,51:56:ae:12:21:ca,D,1100
88501,1,E,2832324553,910.985596,1787209939075.0957,1787209938164.11,56:a2:44:0e:9e:d6,F,1100
116454,1,E,2832324553,910.985596,1787209939075.0957,1787209938164.11,dc:4b:0a:06:03:f8,B,1100
95005,1,A,2060705026,875.959229,1787209947251.715,1787209946375.7559,1e:33:a7:2f:8e:d8,C,1110
94139,1,A,2060705026,875.959229,1787209947251.715,1787209946375.7559,51:56:ae:12:21:ca,D,1110
233,1,A,2060705026,875.959229,1787209947251.715,1787209946375.7559,56:a2:44:0e:9e:d6,F,1110
96718,1,A,2060705026,875.959229,1787209947251.715,1787209946375.7559,be:65:0b:2c:96:d0,E,1110
99122,1,A,2060705026,875.959229,1787209947251.715,1787209946375.7559,dc:4b:0a:06:03:f8,B,1110
610,1,C,431688712,876.989258,1787209947611.2114,1787209946734.2222,18:42:de:52:4a:dd,A,1110
94125,1,C,431688712,876.989258,1787209947611.2114,1787209946734.2222,51:56:ae:12:21:ca,D,1110
610,1,C,431688712,876.989258,1787209947611.2114,1787209946734.2222,56:a2:44:0e:9e:d6,F,1110
94160,1,C,431688712,876.989258,1787209947611.2114,1787209946734.2222,be:65:0b:2c:96:d0,E,1110
97071,1,C,431688712,876.989258,1787209947611.2114,1787209946734.2222,dc:4b:0a:06:03:f8,B,1110
93869,1,D,17433364,893.987305,1787209947628.332,1787209946734.3447,18:42:de:52:4a:dd,A,1110
96611,1,D,17433364,893.987305,1787209947628.332,1787209946734.3447,1e:33:a7:2f:8e:d8,C,1110
94125,1,D,17433364,893.987305,1787209947628.332,1787209946734.3447,56:a2:44:0e:9e:d6,F,1110
94393,1,D,17433364,893.987305,1787209947628.332,1787209946734.3447,be:65:0b:2c:96:d0,E,1110
95408,1,D,17433364,893.987305,1787209947628.332,1787209946734.3447,dc:4b:0a:06:03:f8,B,1110
94059,1,B,3796397218,887.989258,1787209947812.7441,1787209946924.755,18:42:de:52:4a:dd,A,1110
96802,1,B,3796397218,887.989258,1787209947812.7441,1787209946924.755,1e:33:a7:2f:8e:d8,C,1110
94059,1,B,3796397218,887.989258,1787209947812.7441,1787209946924.755,51:56:ae:12:21:ca,D,1110
94315,1,B,3796397218,887.989258,1787209947812.7441,1787209946924.755,56:a2:44:0e:9e:d6,F,1110
99666,1,B,3796397218,887.989258,1787209947812.7441,1787209946924.755,be:65:0b:2c:96:d0,E,1110
119,1,F,372385581,754.991699,1787209947990.979,1787209947235.9873,18:42:de:52:4a:dd,A,1110
92,1,F,372385581,754.991699,1787209947990.979,1787209947235.9873,1e:33:a7:2f:8e:d8,C,1110
94371,1,F,372385581,754.991699,1787209947990.979,1787209947235.9873,51:56:ae:12:21:ca,D,1110
95909,1,F,372385581,754.991699,1787209947990.979,1787209947235.9873,be:65:0b:2c:96:d0,E,1110
105542,1,F,372385581,754.991699,1787209947990.979,1787209947235.9873,dc:4b:0a:06:03:f8,B,1110
95681,1,E,2832324553,865.986328,1787209949411.9321,1787209948545.9458,18:42:de:52:4a:dd,A,1110
95949,1,E,2832324553,865.986328,1787209949411.9321,1787209948545.9458,1e:33:a7:2f:8e:d8,C,1110
95681,1,E,2832324553,865.986328,1787209949411.9321,1787209948545.9458,51:56:ae:12:21:ca,D,1110
98883,1,E,2832324553,865.986328,1787209949411.9321,1787209948545.9458,56:a2:44:0e:9e:d6,F,1110
126836,1,E,2832324553,865.986328,1787209949411.9321,1787209948545.9458,dc:4b:0a:06:03:f8,B,1110
105339,1,A,2060705026,828.961426,1787209957538.2363,1787209956709.275,1e:33:a7:2f:8e:d8,C,1120
104473,1,A,2060705026,828.961426,1787209957538.2363,1787209956709.275,51:56:ae:12:21:ca,D,1120
312,1,A,2060705026,828.961426,1787209957538.2363,1787209956709.275,56:a2:44:0e:9e:d6,F,1120
107052,1,A,2060705026,828.961426,1787209957538.2363,1787209956709.275,be:65:0b:2c:96:d0,E,1120
109456,1,A,2060705026,828.961426,1787209957538.2363,1787209956709.275,dc:4b:0a:06:03:f8,B,1120
882,1,C,431688712,837.989502,1787209957845.0842,1787209957007.0947,18:42:de:52:4a:dd,A,1120
104398,1,C,431688712,837.989502,1787209957845.0842,1787209957007.0947,51:56:ae:12:21:ca,D,1120
882,1,C,431688712,837.989502,1787209957845.0842,1787209957007.0947,56:a2:44:0e:9e:d6,F,1120
104433,1,C,431688712,837.989502,1787209957845.0842,1787209957007.0947,be:65:0b:2c:96:d0,E,1120
107344,1,C,431688712,837.989502,1787209957845.0842,1787209957007.0947,dc:4b:0a:06:03:f8,B,1120
104227,1,D,17433364,881.987305,1787209957974.1829,1787209957092.1956,18:42:de:52:4a:dd,A,1120
106969,1,D,17433364,881.987305,1787209957974.1829,1787209957092.1956,1e:33:a7:2f:8e:d8,C,1120
104483,1,D,17433364,881.987305,1787209957974.1829,1787209957092.1956,56:a2:44:0e:9e:d6,F,1120
104751,1,D,17433364,881.987305,1787209957974.1829,1787209957092.1956,be:65:0b:2c:96:d0,E,1120
105766,1,D,17433364,881.987305,1787209957974.1829,1787209957092.1956,dc:4b:0a:06:03:f8,B,1120
104502,1,B,3796397218,921.98877,1787209958289.6167,1787209957367.628,18:42:de:52:4a:dd,A,1120
107245,1,B,3796397218,921.98877,1787209958289.6167,1787209957367.628,1e:33:a7:2f:8e:d8,C,1120
104502,1,B,3796397218,921.98877,1787209958289.6167,1787209957367.628,51:56:ae:12:21:ca,D,1120
104758,1,B,3796397218,921.98877,1787209958289.6167,1787209957367.628,56:a2:44:0e:9e:d6,F,1120
110109,1,B,3796397218,921.98877,1787209958289.6167,1787209957367.628,be:65:0b:2c:96:d0,E,1120
363,1,F,372385581,736.992188,1787209958216.868,1787209957479.8757,18:42:de:52:4a:dd,A,1120
336,1,F,372385581,736.992188,1787209958216.868,1787209957479.8757,1e:33:a7:2f:8e:d8,C,1120
104615,1,F,372385581,736.992188,1787209958216.868,1787209957479.8757,51:56:ae:12:21:ca,D,1120
106153,1,F,372385581,736.992188,1787209958216.868,1787209957479.8757,be:65:0b:2c:96:d0,E,1120
115786,1,F,372385581,736.992188,1787209958216.868,1787209957479.8757,dc:4b:0a:06:03:f8,B,1120
106127,1,E,2832324553,928.985107,1787209959920.7656,1787209958991.7805,18:42:de:52:4a:dd,A,1120
106395,1,E,2832324553,928.985107,1787209959920.7656,1787209958991.7805,1e:33:a7:2f:8e:d8,C,1120
106127,1,E,2832324553,928.985107,1787209959920.7656,1787209958991.7805,51:56:ae:12:21:ca,D,1120
109329,1,E,2832324553,928.985107,1787209959920.7656,1787209958991.7805,56:a2:44:0e:9e:d6,F,1120
137282,1,E,2832324553,928.985107,1787209959920.7656,1787209958991.7805,dc:4b:0a:06:03:f8,B,1120
115652,1,A,2060705026,859.959961,1787209967881.755,1787209967021.795,1e:33:a7:2f:8e:d8,C,1130
114786,1,A,2060705026,859.959961,1787209967881.755,1787209967021.795,51:56:ae:12:21:ca,D,1130
880,1,A,2060705026,859.959961,1787209967881.755,1787209967021.795,56:a2:44:0e:9e:d6,F,1130
117365,1,A,2060705026,859.959961,1787209967881.755,1787209967021.795,be:65:0b:2c:96:d0,E,1130
119769,1,A,2060705026,859.959961,1787209967881.755,1787209967021.795,dc:4b:0a:06:03:f8,B,1130
148,1,C,431688712,828.989746,1787209968097.957,1787209967268.9673,18:42:de:52:4a:dd,A,1130
114660,1,C,431688712,828.989746,1787209968097.957,1787209967268.9673,51:56:ae:12:21:ca,D,1130
148,1,C,431688712,828.989746,1787209968097.957,1787209967268.9673,56:a2:44:0e:9e:d6,F,1130
114695,1,C,431688712,828.989746,1787209968097.957,1787209967268.9673,be:65:0b:2c:96:d0,E,1130
117606,1,C,431688712,828.989746,1787209968097.957,1787209967268.9673,dc:4b:0a:06:03:f8,B,1130
114588,1,D,17433364,889.987305,1787209968343.0334,1787209967453.0461,18:42:de:52:4a:dd,A,1130
117330,1,D,17433364,889.987305,1787209968343.0334,1787209967453.0461,1e:33:a7:2f:8e:d8,C,1130
114844,1,D,17433364,889.987305,1787209968343.0334,1787209967453.0461,56:a2:44:0e:9e:d6,F,1130
115112,1,D,17433364,889.987305,1787209968343.0334,1787209967453.0461,be:65:0b:2c:96:d0,E,1130
116127,1,D,17433364,889.987305,1787209968343.0334,1787209967453.0461,dc:4b:0a:06:03:f8,B,1130
628,1,F,372385581,715.992188,1787209968460.7563,1787209967744.7642,18:42:de:52:4a:dd,A,1130
600,1,F,372385581,715.992188,1787209968460.7563,1787209967744.7642,1e:33:a7:2f:8e:d8,C,1130
114880,1,F,372385581,715.992188,1787209968460.7563,1787209967744.7642,51:56:ae:12:21:ca,D,1130
116418,1,F,372385581,715.992188,1787209968460.7563,1787209967744.7642,be:65:0b:2c:96:d0,E,1130
126051,1,F,372385581,715.992188,1787209968460.7563,1787209967744.7642,dc:4b:0a:06:03:f8,B,1130
114958,1,B,3796397218,817.98999,1787209968641.491,1787209967823.501,18:42:de:52:4a:dd,A,1130
117701,1,B,3796397218,817.98999,1787209968641.491,1787209967823.501,1e:33:a7:2f:8e:d8,C,1130
114958,1,B,3796397218,817.98999,1787209968641.491,1787209967823.501,51:56:ae:12:21:ca,D,1130
115214,1,B,3796397218,817.98999,1787209968641.491,1787209967823.501,56:a2:44:0e:9e:d6,F,1130
120565,1,B,3796397218,817.98999,1787209968641.491,1787209967823.501,be:65:0b:2c:96:d0,E,1130
116560,1,E,2832324553,866.986328,1787209970291.6016,1787209969424.6152,18:42:de:52:4a:dd,A,1130
116828,1,E,2832324553,866.986328,1787209970291.6016,1787209969424.6152,1e:33:a7:2f:8e:d8,C,1130
116560,1,E,2832324553,866.986328,1787209970291.6016,1787209969424.6152,51:56:ae:12:21:ca,D,1130
119762,1,E,2832324553,866.986328,1787209970291.6016,1787209969424.6152,56:a2:44:0e:9e:d6,F,1130
147715,1,E,2832324553,866.986328,1787209970291.6016,1787209969424.6152,dc:4b:0a:06:03:f8,B,1130
125941,1,A,2060705026,884.95874,1787209978195.2747,1787209977310.316,1e:33:a7:2f:8e:d8,C,1140
125075,1,A,2060705026,884.95874,1787209978195.2747,1787209977310.316,51:56:ae:12:21:ca,D,1140
170,1,A,2060705026,884.95874,1787209978195.2747,1787209977310.316,56:a2:44:0e:9e:d6,F,1140
127654,1,A,2060705026,884.95874,1787209978195.2747,1787209977310.316,be:65:0b:2c:96:d0,E,1140
130058,1,A,2060705026,884.95874,1787209978195.2747,1787209977310.316,dc:4b:0a:06:03:f8,B,1140
430,1,C,431688712,869.989258,1787209978423.8289,1787209977553.8396,18:42:de:52:4a:dd,A,1140
124945,1,C,431688712,869.989258,1787209978423.8289,1787209977553.8396,51:56:ae:12:21:ca,D,1140
430,1,C,431688712,869.989258,1787209978423.8289,1787209977553.8396,56:a2:44:0e:9e:d6,F,1140
124980,1,C,431688712,869.989258,1787209978423.8289,1787209977553.8396,be:65:0b:2c:96:d0,E,1140
127891,1,C,431688712,869.989258,1787209978423.8289,1787209977553.8396,dc:4b:0a:06:03:f8,B,1140
124932,1,D,17433364,860.987549,1787209978657.8848,1787209977796.8972,18:42:de:52:4a:dd,A,1140
127674,1,D,17433364,860.987549,1787209978657.8848,1787209977796.8972,1e:33:a7:2f:8e:d8,C,1140
125188,1,D,17433364,860.987549,1787209978657.8848,1787209977796.8972,56:a2:44:0e:9e:d6,F,1140
125456,1,D,17433364,860.987549,1787209978657.8848,1787209977796.8972,be:65:0b:2c:96:d0,E,1140
126471,1,D,17433364,860.987549,1787209978657.8848,1787209977796.8972,dc:4b:0a:06:03:f8,B,1140
819,1,F,372385581,723.992188,1787209978660.6453,1787209977936.653,18:42:de:52:4a:dd,A,1140
791,1,F,372385581,723.992188,1787209978660.6453,1787209977936.653,1e:33:a7:2f:8e:d8,C,1140
125072,1,F,372385581,723.992188,1787209978660.6453,1787209977936.653,51:56:ae:12:21:ca,D,1140
126610,1,F,372385581,723.992188,1787209978660.6453,1787209977936.653,be:65:0b:2c:96:d0,E,1140
136243,1,F,372385581,723.992188,1787209978660.6453,1787209977936.653,dc:4b:0a:06:03:f8,B,1140
125304,1,B,3796397218,811.990234,1787209978981.3655,1787209978169.3752,18:42:de:52:4a:dd,A,1140
128047,1,B,3796397218,811.990234,1787209978981.3655,1787209978169.3752,1e:33:a7:2f:8e:d8,C,1140
125304,1,B,3796397218,811.990234,1787209978981.3655,1787209978169.3752,51:56:ae:12:21:ca,D,1140
125560,1,B,3796397218,811.990234,1787209978981.3655,1787209978169.3752,56:a2:44:0e:9e:d6,F,1140
130911,1,B,3796397218,811.990234,1787209978981.3655,1787209978169.3752,be:65:0b:2c:96:d0,E,1140
126990,1,E,2832324553,842.986816,1787209980697.437,1787209979854.4502,18:42:de:52:4a:dd,A,1140
127258,1,E,2832324553,842.986816,1787209980697.437,1787209979854.4502,1e:33:a7:2f:8e:d8,C,1140
126990,1,E,2832324553,842.986816,1787209980697.437,1787209979854.4502,51:56:ae:12:21:ca,D,1140
130192,1,E,2832324553,842.986816,1787209980697.437,1787209979854.4502,56:a2:44:0e:9e:d6,F,1140
158145,1,E,2832324553,842.986816,1787209980697.437,1787209979854.4502,dc:4b:0a:06:03:f8,B,1140
136270,1,A,2060705026,829.961426,1787209988468.7966,1787209987638.8352,1e:33:a7:2f:8e:d8,C,1150
135404,1,A,2060705026,829.961426,1787209988468.7966,1787209987638.8352,51:56:ae:12:21:ca,D,1150
498,1,A,2060705026,829.961426,1787209988468.7966,1787209987638.8352,56:a2:44:0e:9e:d6,F,1150
137983,1,A,2060705026,829.961426,1787209988468.7966,1787209987638.8352,be:65:0b:2c:96:d0,E,1150
140387,1,A,2060705026,829.961426,1787209988468.7966,1787209987638.8352,dc:4b:0a:06:03:f8,B,1150
717,1,C,431688712,824.989746,1787209988664.7017,1787209987839.712,18:42:de:52:4a:dd,A,1150
135231,1,C,431688712,824.989746,1787209988664.7017,1787209987839.712,51:56:ae:12:21:ca,D,1150
717,1,C,431688712,824.989746,1787209988664.7017,1787209987839.712,56:a2:44:0e:9e:d6,F,1150
135266,1,C,431688712,824.989746,1787209988664.7017,1787209987839.712,be:65:0b:2c:96:d0,E,1150
138177,1,C,431688712,824.989746,1787209988664.7017,1787209987839.712,dc:4b:0a:06:03:f8,B,1150
135283,1,D,17433364,860.987549,1787209989008.7356,1787209988147.748,18:42:de:52:4a:dd,A,1150
138025,1,D,17433364,860.987549,1787209989008.7356,1787209988147.748,1e:33:a7:2f:8e:d8,C,1150
135539,1,D,17433364,860.987549,1787209989008.7356,1787209988147.748,56:a2:44:0e:9e:d6,F,1150
135807,1,D,17433364,860.987549,1787209989008.7356,1787209988147.748,be:65:0b:2c:96:d0,E,1150
136822,1,D,17433364,860.987549,1787209989008.7356,1787209988147.748,dc:4b:0a:06:03:f8,B,1150
36,1,F,372385581,761.991699,1787209988913.5337,1787209988151.542,18:42:de:52:4a:dd,A,1150
7,1,F,372385581,761.991699,1787209988913.5337,1787209988151.542,1e:33:a7:2f:8e:d8,C,1150
135287,1,F,372385581,761.991699,1787209988913.5337,1787209988151.542,51:56:ae:12:21:ca,D,1150
136825,1,F,372385581,761.991699,1787209988913.5337,1787209988151.542,be:65:0b:2c:96:d0,E,1150
146458,1,F,372385581,761.991699,1787209988913.5337,1787209988151.542,dc:4b:0a:06:03:f8,B,1150
135701,1,B,3796397218,868.989502,1787209989435.2385,1787209988566.249,18:42:de:52:4a:dd,A,1150
138444,1,B,3796397218,868.989502,1787209989435.2385,1787209988566.249,1e:33:a7:2f:8e:d8,C,1150
135701,1,B,3796397218,868.989502,1787209989435.2385,1787209988566.249,51:56:ae:12:21:ca,D,1150
135957,1,B,3796397218,868.989502,1787209989435.2385,1787209988566.249,56:a2:44:0e:9e:d6,F,1150
141308,1,B,3796397218,868.989502,1787209989435.2385,1787209988566.249,be:65:0b:2c:96:d0,E,1150
137347,1,E,2832324553,878.986084,1787209991090.2725,1787209990211.2864,18:42:de:52:4a:dd,A,1150
137615,1,E,2832324553,878.986084,1787209991090.2725,1787209990211.2864,1e:33:a7:2f:8e:d8,C,1150
137347,1,E,2832324553,878.986084,1787209991090.2725,1787209990211.2864,51:56:ae:12:21:ca,D,1150
140549,1,E,2832324553,878.986084,1787209991090.2725,1787209990211.2864,56:a2:44:0e:9e:d6,F,1150
168502,0,E,2832324553,878.986084,1787209991090.2725,1787209990211.2864,dc:4b:0a:06:03:f8,B,1150
146573,1,A,2060705026,824.961426,1787209998766.3171,1787209997941.3557,1e:33:a7:2f:8e:d8,C,1160
145707,1,A,2060705026,824.961426,1787209998766.3171,1787209997941.3557,51:56:ae:12:21:ca,D,1160
803,1,A,2060705026,824.961426,1787209998766.3171,1787209997941.3557,56:a2:44:0e:9e:d6,F,1160
148286,1,A,2060705026,824.961426,1787209998766.3171,1787209997941.3557,be:65:0b:2c:96:d0,E,1160
150690,1,A,2060705026,824.961426,1787209998766.3171,1787209997941.3557,dc:4b:0a:06:03:f8,B,1160
997,1,C,431688712,831.989746,1787209998948.5742,1787209998116.5845,18:42:de:52:4a:dd,A,1160
145508,1,C,431688712,831.989746,1787209998948.5742,1787209998116.5845,51:56:ae:12:21:ca,D,1160
997,1,C,431688712,831.989746,1787209998948.5742,1787209998116.5845,56:a2:44:0e:9e:d6,F,1160
145543,1,C,431688712,831.989746,1787209998948.5742,1787209998116.5845,be:65:0b:2c:96:d0,E,1160
148454,1,C,431688712,831.989746,1787209998948.5742,1787209998116.5845,dc:4b:0a:06:03:f8,B,1160
349,1,F,372385581,751.991943,1787209999216.4216,1787209998464.4297,18:42:de:52:4a:dd,A,1160
322,1,F,372385581,751.991943,1787209999216.4216,1787209998464.4297,1e:33:a7:2f:8e:d8,C,1160
145600,1,F,372385581,751.991943,1787209999216.4216,1787209998464.4297,51:56:ae:12:21:ca,D,1160
147138,1,F,372385581,751.991943,1787209999216.4216,1787209998464.4297,be:65:0b:2c:96:d0,E,1160
156771,1,F,372385581,751.991943,1787209999216.4216,1787209998464.4297,dc:4b:0a:06:03:f8,B,1160
145640,1,D,17433364,864.987305,1787209999369.5862,1787209998504.5989,18:42:de:52:4a:dd,A,1160
148382,1,D,17433364,864.987305,1787209999369.5862,1787209998504.5989,1e:33:a7:2f:8e:d8,C,1160
145896,1,D,17433364,864.987305,1787209999369.5862,1787209998504.5989,56:a2:44:0e:9e:d6,F,1160
146164,1,D,17433364,864.987305,1787209999369.5862,1787209998504.5989,be:65:0b:2c:96:d0,E,1160
147179,1,D,17433364,864.987305,1787209999369.5862,1787209998504.5989,dc:4b:0a:06:03:f8,B,1160
146025,1,B,3796397218,809.990234,1787209999700.1138,1787209998890.1235,18:42:de:52:4a:dd,A,1160
148768,1,B,3796397218,809.990234,1787209999700.1138,1787209998890.1235,1e:33:a7:2f:8e:d8,C,1160
146025,1,B,3796397218,809.990234,1787209999700.1138,1787209998890.1235,51:56:ae:12:21:ca,D,1160
146281,1,B,3796397218,809.990234,1787209999700.1138,1787209998890.1235,56:a2:44:0e:9e:d6,F,1160
151632,1,B,3796397218,809.990234,1787209999700.1138,1787209998890.1235,be:65:0b:2c:96:d0,E,1160
147749,1,E,2832324553,873.986084,1787210001487.108,1787210000613.1218,18:42:de:52:4a:dd,A,1160
148017,1,E,2832324553,873.986084,1787210001487.108,1787210000613.1218,1e:33:a7:2f:8e:d8,C,1160
147749,1,E,2832324553,873.986084,1787210001487.108,1787210000613.1218,51:56:ae:12:21:ca,D,1160
150951,0,E,2832324553,873.986084,1787210001487.108,1787210000613.1218,56:a2:44:0e:9e:d6,F,1160
178904,0,E,2832324553,873.986084,1787210001487.108,1787210000613.1218,dc:4b:0a:06:03:f8,B,1160
156854,1,A,2060705026,852.960205,1787210009074.8374,1787210008221.8772,1e:33:a7:2f:8e:d8,C,1170
155988,1,A,2060705026,852.960205,1787210009074.8374,1787210008221.8772,51:56:ae:12:21:ca,D,1170
1082,1,A,2060705026,852.960205,1787210009074.8374,1787210008221.8772,56:a2:44:0e:9e:d6,F,1170
158567,1,A,2060705026,852.960205,1787210009074.8374,1787210008221.8772,be:65:0b:2c:96:d0,E,1170
160971,0,A,2060705026,852.960205,1787210009074.8374,1787210008221.8772,dc:4b:0a:06:03:f8,B,1170
252,1,C,431688712,853.989258,1787210009226.4465,1787210008372.4573,18:42:de:52:4a:dd,A,1170
155764,1,C,431688712,853.989258,1787210009226.4465,1787210008372.4573,51:56:ae:12:21:ca,D,1170
252,1,C,431688712,853.989258,1787210009226.4465,1787210008372.4573,56:a2:44:0e:9e:d6,F,1170
155799,1,C,431688712,853.989258,1787210009226.4465,1787210008372.4573,be:65:0b:2c:96:d0,E,1170
158710,1,C,431688712,853.989258,1787210009226.4465,1787210008372.4573,dc:4b:0a:06:03:f8,B,1170
347,1,F,372385581,759.991699,1787210009477.3098,1787210008717.318,18:42:de:52:4a:dd,A,1170
576,1,F,372385581,759.991699,1787210009477.3098,1787210008717.318,1e:33:a7:2f:8e:d8,C,1170
155853,1,F,372385581,759.991699,1787210009477.3098,1787210008717.318,51:56:ae:12:21:ca,D,1170
157391,1,F,372385581,759.991699,1787210009477.3098,1787210008717.318,be:65:0b:2c:96:d0,E,1170
167024,0,F,372385581,759.991699,1787210009477.3098,1787210008717.318,dc:4b:0a:06:03:f8,B,1170
156026,1,D,17433364,899.987061,1787210009790.436,1787210008890.449,18:42:de:52:4a:dd,A,1170
158768,0,D,17433364,899.987061,1787210009790.436,1787210008890.449,1e:33:a7:2f:8e:d8,C,1170
156282,1,D,17433364,899.987061,1787210009790.436,1787210008890.449,56:a2:44:0e:9e:d6,F,1170
156550,1,D,17433364,899.987061,1787210009790.436,1787210008890.449,be:65:0b:2c:96:d0,E,1170
157565,1,D,17433364,899.987061,1787210009790.436,1787210008890.449,dc:4b:0a:06:03:f8,B,1170
156460,1,B,3796397218,913.989014,1787210010238.9858,1787210009324.9968,18:42:de:52:4a:dd,A,1170
159203,1,B,3796397218,913.989014,1787210010238.9858,1787210009324.9968,1e:33:a7:2f:8e:d8,C,1170
156460,0,B,3796397218,913.989014,1787210010238.9858,1787210009324.9968,51:56:ae:12:21:ca,D,1170
156716,1,B,3796397218,913.989014,1787210010238.9858,1787210009324.9968,56:a2:44:0e:9e:d6,F,1170
162067,0,B,3796397218,913.989014,1787210010238.9858,1787210009324.9968,be:65:0b:2c:96:d0,E,1170
158176,1,E,2832324553,940.985107,1787210011980.942,1787210011039.9568,18:42:de:52:4a:dd,A,1170
158444,0,E,2832324553,940.985107,1787210011980.942,1787210011039.9568,1e:33:a7:2f:8e:d8,C,1170
158176,1,E,2832324553,940.985107,1787210011980.942,1787210011039.9568,51:56:ae:12:21:ca,D,1170
161378,0,E,2832324553,940.985107,1787210011980.942,1787210011039.9568,56:a2:44:0e:9e:d6,F,1170
189331,0,E,2832324553,940.985107,1787210011980.942,1787210011039.9568,dc:4b:0a:06:03:f8,B,1170
167162,0,A,2060705026,926.957031,1787210019456.3542,1787210018529.3972,1e:33:a7:2f:8e:d8,C,1180
166296,1,A,2060705026,926.957031,1787210019456.3542,1787210018529.3972,51:56:ae:12:21:ca,D,1180
136,1,A,2060705026,926.957031,1787210019456.3542,1787210018529.3972,56:a2:44:0e:9e:d6,F,1180
168875,0,A,2060705026,926.957031,1787210019456.3542,1787210018529.3972,be:65:0b:2c:96:d0,E,1180
171279,0,A,2060705026,926.957031,1787210019456.3542,1787210018529.3972,dc:4b:0a:06:03:f8,B,1180
515,1,C,431688712,843.989502,1787210019479.3193,1787210018635.3298,18:42:de:52:4a:dd,A,1180
166027,0,C,431688712,843.989502,1787210019479.3193,1787210018635.3298,51:56:ae:12:21:ca,D,1180
515,1,C,431688712,843.989502,1787210019479.3193,1787210018635.3298,56:a2:44:0e:9e:d6,F,1180
166062,0,C,431688712,843.989502,1787210019479.3193,1787210018635.3298,be:65:0b:2c:96:d0,E,1180
168973,1,C,431688712,843.989502,1787210019479.3193,1787210018635.3298,dc:4b:0a:06:03:f8,B,1180
607,1,F,372385581,746.991943,1787210019724.1982,1787210018977.2063,18:42:de:52:4a:dd,A,1180
831,1,F,372385581,746.991943,1787210019724.1982,1787210018977.2063,1e:33:a7:2f:8e:d8,C,1180
166113,0,F,372385581,746.991943,1787210019724.1982,1787210018977.2063,51:56:ae:12:21:ca,D,1180
167651,1,F,372385581,746.991943,1787210019724.1982,1787210018977.2063,be:65:0b:2c:96:d0,E,1180
177284,0,F,372385581,746.991943,1787210019724.1982,1787210018977.2063,dc:4b:0a:06:03:f8,B,1180
166363,0,D,17433364,895.987061,1787210020123.287,1787210019227.3,18:42:de:52:4a:dd,A,1180
169105,0,D,17433364,895.987061,1787210020123.287,1787210019227.3,1e:33:a7:2f:8e:d8,C,1180
166619,0,D,17433364,895.987061,1787210020123.287,1787210019227.3,56:a2:44:0e:9e:d6,F,1180
166887,1,D,17433364,895.987061,1787210020123.287,1787210019227.3,be:65:0b:2c:96:d0,E,1180
167902,0,D,17433364,895.987061,1787210020123.287,1787210019227.3,dc:4b:0a:06:03:f8,B,1180
166853,1,B,3796397218,876.989258,1787210020594.8599,1787210019717.8706,18:42:de:52:4a:dd,A,1180
169596,0,B,3796397218,876.989258,1787210020594.8599,1787210019717.8706,1e:33:a7:2f:8e:d8,C,1180
166853,0,B,3796397218,876.989258,1787210020594.8599,1787210019717.8706,51:56:ae:12:21:ca,D,1180
167109,0,B,3796397218,876.989258,1787210020594.8599,1787210019717.8706,56:a2:44:0e:9e:d6,F,1180
172460,0,B,3796397218,876.989258,1787210020594.8599,1787210019717.8706,be:65:0b:2c:96:d0,E,1180
168519,0,E,2832324553,869.986328,1787210022252.7793,1787210021382.793,18:42:de:52:4a:dd,A,1180
168787,0,E,2832324553,869.986328,1787210022252.7793,1787210021382.793,1e:33:a7:2f:8e:d8,C,1180
168519,1,E,2832324553,869.986328,1787210022252.7793,1787210021382.793,51:56:ae:12:21:ca,D,1180
171721,0,E,2832324553,869.986328,1787210022252.7793,1787210021382.793,56:a2:44:0e:9e:d6,F,1180
199674,0,E,2832324553,869.986328,1787210022252.7793,1787210021382.793,dc:4b:0a:06:03:f8,B,1180
177479,0,A,2060705026,875.959229,1787210029721.8765,1787210028845.9172,1e:33:a7:2f:8e:d8,C,1190
176613,0,A,2060705026,875.959229,1787210029721.8765,1787210028845.9172,51:56:ae:12:21:ca,D,1190
707,1,A,2060705026,875.959229,1787210029721.8765,1787210028845.9172,56:a2:44:0e:9e:d6,F,1190
179192,0,A,2060705026,875.959229,1787210029721.8765,1787210028845.9172,be:65:0b:2c:96:d0,E,1190
181596,0,A,2060705026,875.959229,1787210029721.8765,1787210028845.9172,dc:4b:0a:06:03:f8,B,1190
801,1,C,431688712,806.98999,1787210029729.1921,1787210028922.2021,18:42:de:52:4a:dd,A,1190
176314,0,C,431688712,806.98999,1787210029729.1921,1787210028922.2021,51:56:ae:12:21:ca,D,1190
801,1,C,431688712,806.98999,1787210029729.1921,1787210028922.2021,56:a2:44:0e:9e:d6,F,1190
176349,0,C,431688712,806.98999,1787210029729.1921,1787210028922.2021,be:65:0b:2c:96:d0,E,1190
179260,0,C,431688712,806.98999,1787210029729.1921,1787210028922.2021,dc:4b:0a:06:03:f8,B,1190
117,1,F,372385581,762.991699,1787210029994.0864,1787210029231.0947,18:42:de:52:4a:dd,A,1190
1088,1,F,372385581,762.991699,1787210029994.0864,1787210029231.0947,1e:33:a7:2f:8e:d8,C,1190
176367,0,F,372385581,762.991699,1787210029994.0864,1787210029231.0947,51:56:ae:12:21:ca,D,1190
177905,0,F,372385581,762.991699,1787210029994.0864,1787210029231.0947,be:65:0b:2c:96:d0,E,1190
187538,0,F,372385581,762.991699,1787210029994.0864,1787210029231.0947,dc:4b:0a:06:03:f8,B,1190
176729,0,D,17433364,872.987549,1787210030466.1382,1787210029593.1506,18:42:de:52:4a:dd,A,1190
179471,0,D,17433364,872.987549,1787210030466.1382,1787210029593.1506,1e:33:a7:2f:8e:d8,C,1190
176985,0,D,17433364,872.987549,1787210030466.1382,1787210029593.1506,56:a2:44:0e:9e:d6,F,1190
177253,0,D,17433364,872.987549,1787210030466.1382,1787210029593.1506,be:65:0b:2c:96:d0,E,1190
178268,0,D,17433364,872.987549,1787210030466.1382,1787210029593.1506,dc:4b:0a:06:03:f8,B,1190
177232,0,B,3796397218,868.989258,1787210030965.734,1787210030096.7446,18:42:de:52:4a:dd,A,1190
179975,0,B,3796397218,868.989258,1787210030965.734,1787210030096.7446,1e:33:a7:2f:8e:d8,C,1190
177232,0,B,3796397218,868.989258,1787210030965.734,1787210030096.7446,51:56:ae:12:21:ca,D,1190
177488,0,B,3796397218,868.989258,1787210030965.734,1787210030096.7446,56:a2:44:0e:9e:d6,F,1190
182839,0,B,3796397218,868.989258,1787210030965.734,1787210030096.7446,be:65:0b:2c:96:d0,E,1190
178886,0,E,2832324553,892.98584,1787210032642.6147,1787210031749.629,18:42:de:52:4a:dd,A,1190
179154,0,E,2832324553,892.98584,1787210032642.6147,1787210031749.629,1e:33:a7:2f:8e:d8,C,1190
178886,0,E,2832324553,892.98584,1787210032642.6147,1787210031749.629,51:56:ae:12:21:ca,D,1190
182088,0,E,2832324553,892.98584,1787210032642.6147,1787210031749.629,56:a2:44:0e:9e:d6,F,1190
210041,0,E,2832324553,892.98584,1787210032642.6147,1787210031749.629,dc:4b:0a:06:03:f8,B,1190
