accepted,accepted_fifo_count,accepted_fifo_dropped,accepted_fifo_faults,accepted_fifo_high_water,application_commit_busy,application_reserve_busy,diagnostic_dropped,final_commits,final_fifo_count,final_fifo_dropped,final_fifo_faults,final_fifo_high_water,guard_faults,heartbeat_accepted,heartbeat_not_ready,heartbeat_offered,heartbeat_rejected,heartbeat_skipped,host_ms,invalid,invalid_identity_finals,invalid_roles,mesh_fault,not_ready,offered,record_id,rejected,retry_log_dropped,role,router_fault,rreq_dropped,session,skipped,snapshot_faults,throughput_accepted,throughput_not_ready,throughput_offered,throughput_rejected,throughput_skipped,trace_fault_latched,trace_over_budget,uart_dropped_bytes,uart_dropped_records,uart_high_water_bytes,uart_pending_bytes,uart_transport_faults,valid_heartbeat_finals,valid_throughput_finals,window_start_s
0,0,0,0,0,0,0,0,0,0,0,0,0,0,0,1,1,1,0,1787208836293.125,False,0,[],0,1,1,2,1,0,A,0,0,2060705026,0,0,0,0,0,0,0,0,0,0,0,543,0,0,0,0,0
0,0,0,0,0,0,0,0,0,0,0,0,0,0,0,11,11,11,0,1787208846420.2112,False,0,[],0,11,11,17,11,0,A,0,0,2060705026,0,0,0,0,0,0,0,0,0,0,0,1794,0,0,0,0,10
0,0,0,0,0,0,0,0,0,0,0,0,0,0,0,21,21,21,0,1787208856544.2542,False,0,[],0,21,21,36,21,0,A,0,0,2060705026,0,0,0,0,0,0,0,0,0,0,0,1810,0,0,0,0,20
0,0,0,0,0,0,0,0,0,0,0,0,0,0,0,31,31,31,0,1787208866670.32,False,0,[],0,31,31,55,31,0,A,0,0,2060705026,0,0,0,0,0,0,0,0,0,0,0,1815,0,0,0,0,30
0,0,0,0,0,0,0,0,0,0,0,0,0,0,0,41,41,41,0,1787208876801.396,False,0,[],0,41,41,74,41,0,A,0,0,2060705026,0,0,0,0,0,0,0,0,0,0,0,1815,0,0,0,0,40
0,0,0,0,0,0,0,0,0,0,0,0,0,0,0,51,51,51,0,1787208886891.4631,False,0,[],0,51,51,93,51,0,A,0,0,2060705026,0,0,0,0,0,0,0,0,0,0,0,1815,0,0,0,0,50
13,0,0,0,2,0,0,0,0,0,0,0,0,0,5,56,61,56,0,1787208896960.5479,False,0,[],0,56,69,124,56,0,A,0,0,2060705026,0,0,8,0,8,0,0,0,0,0,0,1816,0,0,0,0,60
113,0,0,0,3,0,0,0,0,0,0,0,0,0,13,56,71,58,0,1787208906992.616,False,0,[],0,56,179,244,66,0,A,0,0,2060705026,0,0,100,0,108,8,0,0,0,0,0,2521,0,0,0,0,70
189,0,0,0,3,0,0,0,0,0,0,0,0,0,19,56,81,62,0,1787208917041.666,False,0,[],0,56,290,340,101,0,A,0,0,2060705026,0,0,170,0,209,39,0,0,0,0,0,2521,0,0,0,0,80
240,0,0,0,3,0,0,0,0,0,0,0,0,0,23,56,91,68,0,1787208927070.718,False,0,[],0,56,400,411,160,0,A,0,0,2060705026,0,0,217,0,309,92,0,0,0,0,0,2521,0,0,0,0,90
304,0,0,0,3,0,0,0,0,0,0,0,0,0,29,56,101,72,0,1787208937149.786,False,0,[],0,56,511,495,207,0,A,0,0,2060705026,0,0,275,0,410,135,0,0,0,0,0,2521,0,0,0,0,100
348,0,0,0,3,0,0,0,0,0,0,0,0,0,33,56,111,78,0,1787208947305.866,False,0,[],0,56,621,559,273,0,A,0,0,2060705026,0,0,315,0,510,195,0,0,0,0,0,2521,0,0,0,0,110
381,0,0,0,3,0,0,0,0,0,0,0,0,0,37,56,122,85,0,1787208957364.9211,False,0,[],0,56,722,612,341,0,A,0,0,2060705026,0,0,344,0,600,256,0,0,0,0,0,2521,0,0,0,0,120
391,0,0,0,3,0,0,0,0,0,0,0,0,0,47,56,132,85,0,1787208967540.983,False,0,[],0,56,732,642,341,0,A,0,0,2060705026,0,0,344,0,600,256,0,0,0,0,0,2521,0,0,0,0,130
401,0,0,0,3,0,0,0,0,0,0,0,0,0,57,56,142,85,0,1787208977703.051,False,0,[],0,56,742,672,341,0,A,0,0,2060705026,0,0,344,0,600,256,0,0,0,0,0,2521,0,0,0,0,140
411,0,0,0,3,0,0,0,0,0,0,0,0,0,67,56,152,85,0,1787208987864.0908,False,0,[],0,56,752,701,341,0,A,0,0,2060705026,0,0,344,0,600,256,0,0,0,0,0,2521,0,0,0,0,150
421,0,0,0,3,0,0,0,0,0,0,0,0,0,77,56,162,85,0,1787208998029.1719,False,0,[],0,56,762,731,341,0,A,0,0,2060705026,0,0,344,0,600,256,0,0,0,0,0,2521,0,0,0,0,160
431,0,0,0,3,0,0,0,0,0,0,0,0,0,87,56,172,85,0,1787209008188.239,False,0,[],0,56,772,761,341,0,A,0,0,2060705026,0,0,344,0,600,256,0,0,0,0,0,2521,0,0,0,0,170
442,0,0,0,3,0,0,0,0,0,0,0,0,0,98,56,183,85,0,1787209018370.34,False,0,[],0,56,783,792,341,0,A,0,0,2060705026,0,0,344,0,600,256,0,0,0,0,0,2521,0,0,0,0,180
452,0,0,0,3,0,0,0,0,0,0,0,0,0,108,56,193,85,0,1787209028531.364,False,0,[],0,56,793,822,341,0,A,0,0,2060705026,0,0,344,0,600,256,0,0,0,0,0,2521,0,0,0,0,190
462,0,0,0,3,0,0,0,0,0,0,0,0,0,118,56,203,85,0,1787209038708.435,False,0,[],0,56,803,852,341,0,A,0,0,2060705026,0,0,344,0,600,256,0,0,0,0,0,2521,0,0,0,0,200
472,0,0,0,3,0,0,0,0,0,0,0,0,0,128,56,213,85,0,1787209048870.495,False,0,[],0,56,813,882,341,0,A,0,0,2060705026,0,0,344,0,600,256,0,0,0,0,0,2521,0,0,0,0,210
482,0,0,0,3,0,0,0,0,0,0,0,0,0,138,56,223,85,0,1787209059073.583,False,0,[],0,56,823,911,341,0,A,0,0,2060705026,0,0,344,0,600,256,0,0,0,0,0,2521,0,0,0,0,220
492,0,0,0,3,0,0,0,0,0,0,0,0,0,148,56,233,85,0,1787209069268.645,False,0,[],0,56,833,941,341,0,A,0,0,2060705026,0,0,344,0,600,256,0,0,0,0,0,2521,0,0,0,0,230
503,0,0,0,3,0,0,0,0,0,0,0,0,0,159,56,244,85,0,1787209079447.724,False,0,[],0,56,844,972,341,0,A,0,0,2060705026,0,0,344,0,600,256,0,0,0,0,0,2521,0,0,0,0,240
513,0,0,0,3,0,0,0,0,0,0,0,0,0,169,56,254,85,0,1787209089626.7568,False,0,[],0,56,854,1002,341,0,A,0,0,2060705026,0,0,344,0,600,256,0,0,0,0,0,2521,0,0,0,0,250
523,0,0,0,3,0,0,0,0,0,0,0,0,0,179,56,264,85,0,1787209099805.837,False,0,[],0,56,864,1032,341,0,A,0,0,2060705026,0,0,344,0,600,256,0,0,0,0,0,2521,0,0,0,0,260
533,0,0,0,3,0,0,0,0,0,0,0,0,0,189,56,274,85,0,1787209109972.908,False,0,[],0,56,874,1062,341,0,A,0,0,2060705026,0,0,344,0,600,256,0,0,0,0,0,2521,0,0,0,0,270
543,0,0,0,3,0,0,0,0,0,0,0,0,0,199,56,284,85,0,1787209120166.961,False,0,[],0,56,884,1092,341,0,A,0,0,2060705026,0,0,344,0,600,256,0,0,0,0,0,2521,0,0,0,0,280
554,0,0,0,3,0,0,0,0,0,0,0,0,0,210,56,295,85,0,1787209130397.041,False,0,[],0,56,895,1122,341,0,A,0,0,2060705026,0,0,344,0,600,256,0,0,0,0,0,2521,0,0,0,0,290
564,0,0,0,3,0,0,0,0,0,0,0,0,0,220,56,305,85,0,1787209140564.0881,False,0,[],0,56,905,1152,341,0,A,0,0,2060705026,0,0,344,0,600,256,0,0,0,0,0,2521,0,0,0,0,300
574,0,0,0,3,0,0,0,0,0,0,0,0,0,230,56,315,85,0,1787209150744.202,False,0,[],0,56,915,1182,341,0,A,0,0,2060705026,0,0,344,0,600,256,0,0,0,0,0,2521,0,0,0,0,310
584,0,0,0,3,0,0,0,0,0,0,0,0,0,240,56,325,85,0,1787209160924.245,False,0,[],0,56,925,1212,341,0,A,0,0,2060705026,0,0,344,0,600,256,0,0,0,0,0,2521,0,0,0,0,320
594,0,0,0,3,0,0,0,0,0,0,0,0,0,250,56,335,85,0,1787209171103.312,False,0,[],0,56,935,1242,341,0,A,0,0,2060705026,0,0,344,0,600,256,0,0,0,0,0,2521,0,0,0,0,330
604,0,0,0,3,0,0,0,0,0,0,0,0,0,260,56,345,85,0,1787209181284.38,False,0,[],0,56,945,1271,341,0,A,0,0,2060705026,0,0,344,0,600,256,0,0,0,0,0,2521,0,0,0,0,340
615,0,0,0,3,0,0,0,0,0,0,0,0,0,271,56,356,85,0,1787209191464.49,False,0,[],0,56,956,1302,341,0,A,0,0,2060705026,0,0,344,0,600,256,0,0,0,0,0,2521,0,0,0,0,350
625,0,0,0,3,0,0,0,0,0,0,0,0,0,281,56,366,85,0,1787209201644.501,False,0,[],0,56,966,1332,341,0,A,0,0,2060705026,0,0,344,0,600,256,0,0,0,0,0,2521,0,0,0,0,360
635,0,0,0,3,0,0,0,0,0,0,0,0,0,291,56,376,85,0,1787209211840.5918,False,0,[],0,56,976,1362,341,0,A,0,0,2060705026,0,0,344,0,600,256,0,0,0,0,0,2521,0,0,0,0,370
645,0,0,0,3,0,0,0,0,0,0,0,0,0,301,56,386,85,0,1787209222021.6729,False,0,[],0,56,986,1392,341,0,A,0,0,2060705026,0,0,344,0,600,256,0,0,0,0,0,2521,0,0,0,0,380
655,0,0,0,3,0,0,0,0,0,0,0,0,0,311,56,396,85,0,1787209232195.676,False,0,[],0,56,996,1422,341,0,A,0,0,2060705026,0,0,344,0,600,256,0,0,0,0,0,2521,0,0,0,0,390
666,0,0,0,3,0,0,0,0,0,0,0,0,0,322,56,407,85,0,1787209242346.792,False,0,[],0,56,1007,1452,341,0,A,0,0,2060705026,0,0,344,0,600,256,0,0,0,0,0,2521,0,0,0,0,400
676,0,0,0,3,0,0,0,0,0,0,0,0,0,332,56,417,85,0,1787209252523.8508,False,0,[],0,56,1017,1482,341,0,A,0,0,2060705026,0,0,344,0,600,256,0,0,0,0,0,2521,0,0,0,0,410
686,0,0,0,3,0,0,0,0,0,0,0,0,0,342,56,427,85,0,1787209262704.901,False,0,[],0,56,1027,1512,341,0,A,0,0,2060705026,0,0,344,0,600,256,0,0,0,0,0,2521,0,0,0,0,420
696,0,0,0,3,0,0,0,0,0,0,0,0,0,352,56,437,85,0,1787209272883.9468,False,0,[],0,56,1037,1542,341,0,A,0,0,2060705026,0,0,344,0,600,256,0,0,0,0,0,2521,0,0,0,0,430
706,0,0,0,3,0,0,0,0,0,0,0,0,0,362,56,447,85,0,1787209283065.053,False,0,[],0,56,1047,1572,341,0,A,0,0,2060705026,0,0,344,0,600,256,0,0,0,0,0,2521,0,0,0,0,440
716,0,0,0,3,0,0,0,0,0,0,0,0,0,372,56,457,85,0,1787209293223.096,False,0,[],0,56,1057,1602,341,0,A,0,0,2060705026,0,0,344,0,600,256,0,0,0,0,0,2521,0,0,0,0,450
727,0,0,0,3,0,0,0,0,0,0,0,0,0,383,56,468,85,0,1787209303393.1812,False,0,[],0,56,1068,1632,341,0,A,0,0,2060705026,0,0,344,0,600,256,0,0,0,0,0,2521,0,0,0,0,460
737,0,0,0,3,0,0,0,0,0,0,0,0,0,393,56,478,85,0,1787209313569.234,False,0,[],0,56,1078,1662,341,0,A,0,0,2060705026,0,0,344,0,600,256,0,0,0,0,0,2521,0,0,0,0,470
747,0,0,0,3,0,0,0,0,0,0,0,0,0,403,56,488,85,0,1787209323732.316,False,0,[],0,56,1088,1692,341,0,A,0,0,2060705026,0,0,344,0,600,256,0,0,0,0,0,2521,0,0,0,0,480
757,0,0,0,3,0,0,0,0,0,0,0,0,0,413,56,498,85,0,1787209333895.3708,False,0,[],0,56,1098,1722,341,0,A,0,0,2060705026,0,0,344,0,600,256,0,0,0,0,0,2521,0,0,0,0,490
767,0,0,0,3,0,0,0,0,0,0,0,0,0,423,56,508,85,0,1787209344058.429,False,0,[],0,56,1108,1752,341,0,A,0,0,2060705026,0,0,344,0,600,256,0,0,0,0,0,2521,0,0,0,0,500
839,0,0,0,3,0,0,0,0,0,0,0,0,0,432,56,518,86,0,1787209354090.514,False,0,[],0,56,1198,1844,359,0,A,0,0,2060705026,0,0,407,0,680,273,0,0,0,0,0,2521,0,0,0,0,510
900,0,0,0,3,0,0,0,0,0,0,0,0,0,438,56,528,90,0,1787209364133.541,False,0,[],0,56,1308,1925,408,0,A,0,0,2060705026,0,0,462,0,780,318,0,0,0,0,0,2572,0,0,0,0,520
992,0,0,0,3,0,0,0,0,0,0,0,0,0,445,56,538,93,0,1787209374262.644,False,0,[],0,56,1418,2036,426,0,A,0,0,2060705026,0,0,547,0,880,333,0,0,0,0,0,2572,0,0,0,0,530
1078,0,0,0,3,0,0,0,0,0,0,0,0,0,451,56,549,98,0,1787209384336.687,False,0,[],0,56,1531,2142,453,0,A,0,0,2060705026,0,0,627,0,982,355,0,0,0,0,0,2572,0,0,0,0,540
1130,0,0,0,3,0,0,0,0,0,0,0,0,0,453,56,559,106,0,1787209394395.781,False,0,[],0,56,1642,2214,512,0,A,0,0,2060705026,0,0,677,0,1083,406,0,0,0,0,0,2572,0,0,0,0,550
1199,0,0,0,3,0,0,0,0,0,0,0,0,0,460,56,569,109,0,1787209404527.835,False,0,[],0,56,1752,2303,553,0,A,0,0,2060705026,0,0,739,0,1183,444,0,0,0,0,0,2572,0,0,0,0,560
1220,0,0,0,3,0,0,0,0,0,0,0,0,0,469,56,579,110,0,1787209414689.913,False,0,[],0,56,1779,2344,559,0,A,0,0,2060705026,0,0,751,0,1200,449,0,0,0,0,0,2572,0,0,0,0,570
1230,0,0,0,3,0,0,0,0,0,0,0,0,0,479,56,589,110,0,1787209424841.954,False,0,[],0,56,1789,2374,559,0,A,0,0,2060705026,0,0,751,0,1200,449,0,0,0,0,0,2572,0,0,0,0,580
1240,0,0,0,3,0,0,0,0,0,0,0,0,0,489,56,599,110,0,1787209435004.0679,False,0,[],0,56,1799,2404,559,0,A,0,0,2060705026,0,0,751,0,1200,449,0,0,0,0,0,2572,0,0,0,0,590
1250,0,0,0,3,0,0,0,0,0,0,0,0,0,499,56,609,110,0,1787209445191.072,False,0,[],0,56,1809,2434,559,0,A,0,0,2060705026,0,0,751,0,1200,449,0,0,0,0,0,2572,0,0,0,0,600
1261,0,0,0,3,0,0,0,0,0,0,0,0,0,510,56,620,110,0,1787209455340.184,False,0,[],0,56,1820,2465,559,0,A,0,0,2060705026,0,0,751,0,1200,449,0,0,0,0,0,2572,0,0,0,0,610
1271,0,0,0,3,0,0,0,0,0,0,0,0,0,520,56,630,110,0,1787209465505.2332,False,0,[],0,56,1830,2495,559,0,A,0,0,2060705026,0,0,751,0,1200,449,0,0,0,0,0,2572,0,0,0,0,620
1281,0,0,0,3,0,0,0,0,0,0,0,0,0,530,56,640,110,0,1787209475671.354,False,0,[],0,56,1840,2525,559,0,A,0,0,2060705026,0,0,751,0,1200,449,0,0,0,0,0,2572,0,0,0,0,630
1291,0,0,0,3,0,0,0,0,0,0,0,0,0,540,56,650,110,0,1787209485821.358,False,0,[],0,56,1850,2555,559,0,A,0,0,2060705026,0,0,751,0,1200,449,0,0,0,0,0,2572,0,0,0,0,640
1301,0,0,0,3,0,0,0,0,0,0,0,0,0,550,56,660,110,0,1787209495969.426,False,0,[],0,56,1860,2585,559,0,A,0,0,2060705026,0,0,751,0,1200,449,0,0,0,0,0,2572,0,0,0,0,650
1311,0,0,0,3,0,0,0,0,0,0,0,0,0,560,56,670,110,0,1787209506118.5042,False,0,[],0,56,1870,2614,559,0,A,0,0,2060705026,0,0,751,0,1200,449,0,0,0,0,0,2572,0,0,0,0,660
1321,0,0,0,3,0,0,0,0,0,0,0,0,0,570,56,680,110,0,1787209516259.5361,False,0,[],0,56,1880,2644,559,0,A,0,0,2060705026,0,0,751,0,1200,449,0,0,0,0,0,2572,0,0,0,0,680
1332,0,0,0,3,0,0,0,0,0,0,0,0,0,581,56,691,110,0,1787209526421.633,False,0,[],0,56,1891,2675,559,0,A,0,0,2060705026,0,0,751,0,1200,449,0,0,0,0,0,2572,0,0,0,0,690
1342,0,0,0,3,0,0,0,0,0,0,0,0,0,591,56,701,110,0,1787209536581.685,False,0,[],0,56,1901,2705,559,0,A,0,0,2060705026,0,0,751,0,1200,449,0,0,0,0,0,2572,0,0,0,0,700
1352,0,0,0,3,0,0,0,0,0,0,0,0,0,601,56,711,110,0,1787209546767.751,False,0,[],0,56,1911,2734,559,0,A,0,0,2060705026,0,0,751,0,1200,449,0,0,0,0,0,2572,0,0,0,0,710
1362,0,0,0,3,0,0,0,0,0,0,0,0,0,611,56,721,110,0,1787209556923.815,False,0,[],0,56,1921,2762,559,0,A,0,0,2060705026,0,0,751,0,1200,449,0,0,0,0,0,2572,0,0,0,0,720
1372,0,0,0,3,0,0,0,0,0,0,0,0,0,621,56,731,110,0,1787209567083.9182,False,0,[],0,56,1931,2790,559,0,A,0,0,2060705026,0,0,751,0,1200,449,0,0,0,0,0,2572,0,0,0,0,730
1382,0,0,0,3,0,0,0,0,0,0,0,0,0,631,56,741,110,0,1787209577235.987,False,0,[],0,56,1941,2817,559,0,A,0,0,2060705026,0,0,751,0,1200,449,0,0,0,0,0,2572,0,0,0,0,740
1393,0,0,0,3,0,0,0,0,0,0,0,0,0,642,56,752,110,0,1787209587534.022,False,0,[],0,56,1952,2848,559,0,A,0,0,2060705026,0,0,751,0,1200,449,0,0,0,0,0,2572,0,0,0,0,750
1403,0,0,0,3,0,0,0,0,0,0,0,0,0,652,56,762,110,0,1787209597809.0872,False,0,[],0,56,1962,2878,559,0,A,0,0,2060705026,0,0,751,0,1200,449,0,0,0,0,0,2572,0,0,0,0,760
1413,0,0,0,3,0,0,0,0,0,0,0,0,0,662,56,772,110,0,1787209608065.143,False,0,[],0,56,1972,2908,559,0,A,0,0,2060705026,0,0,751,0,1200,449,0,0,0,0,0,2572,0,0,0,0,770
1424,0,0,0,3,0,0,0,0,0,0,0,0,0,673,56,783,110,0,1787209618346.257,False,0,[],0,56,1983,2939,559,0,A,0,0,2060705026,0,0,751,0,1200,449,0,0,0,0,0,2572,0,0,0,0,780
1434,0,0,0,3,0,0,0,0,0,0,0,0,0,683,56,793,110,0,1787209628601.278,False,0,[],0,56,1993,2969,559,0,A,0,0,2060705026,0,0,751,0,1200,449,0,0,0,0,0,2572,0,0,0,0,790
1444,0,0,0,3,0,0,0,0,0,0,0,0,0,693,56,803,110,0,1787209638878.344,False,0,[],0,56,2003,2999,559,0,A,0,0,2060705026,0,0,751,0,1200,449,0,0,0,0,0,2572,0,0,0,0,800
1454,0,0,0,3,0,0,0,0,0,0,0,0,0,703,56,813,110,0,1787209649154.4038,False,0,[],0,56,2013,3029,559,0,A,0,0,2060705026,0,0,751,0,1200,449,0,0,0,0,0,2572,0,0,0,0,810
1465,0,0,0,3,0,0,0,0,0,0,0,0,0,714,56,824,110,0,1787209659439.511,False,0,[],0,56,2024,3060,559,0,A,0,0,2060705026,0,0,751,0,1200,449,0,0,0,0,0,2572,0,0,0,0,820
1475,0,0,0,3,0,0,0,0,0,0,0,0,0,724,56,834,110,0,1787209669684.5469,False,0,[],0,56,2034,3090,559,0,A,0,0,2060705026,0,0,751,0,1200,449,0,0,0,0,0,2572,0,0,0,0,830
1485,0,0,0,3,0,0,0,0,0,0,0,0,0,734,56,844,110,0,1787209679946.644,False,0,[],0,56,2044,3120,559,0,A,0,0,2060705026,0,0,751,0,1200,449,0,0,0,0,0,2572,0,0,0,0,840
1495,0,0,0,3,0,0,0,0,0,0,0,0,0,744,56,854,110,0,1787209690234.673,False,0,[],0,56,2054,3150,559,0,A,0,0,2060705026,0,0,751,0,1200,449,0,0,0,0,0,2572,0,0,0,0,850
1506,0,0,0,3,0,0,0,0,0,0,0,0,0,755,56,865,110,0,1787209700532.785,False,0,[],0,56,2065,3181,559,0,A,0,0,2060705026,0,0,751,0,1200,449,0,0,0,0,0,2572,0,0,0,0,860
1516,0,0,0,3,0,0,0,0,0,0,0,0,0,765,56,875,110,0,1787209710783.856,False,0,[],0,56,2075,3211,559,0,A,0,0,2060705026,0,0,751,0,1200,449,0,0,0,0,0,2572,0,0,0,0,870
1526,0,0,0,3,0,0,0,0,0,0,0,0,0,775,56,885,110,0,1787209721063.882,False,0,[],0,56,2085,3241,559,0,A,0,0,2060705026,0,0,751,0,1200,449,0,0,0,0,0,2572,0,0,0,0,880
1537,0,0,0,3,0,0,0,0,0,0,0,0,0,786,56,896,110,0,1787209731345.9822,False,0,[],0,56,2096,3272,559,0,A,0,0,2060705026,0,0,751,0,1200,449,0,0,0,0,0,2572,0,0,0,0,890
1547,0,0,0,3,0,0,0,0,0,0,0,0,0,796,56,906,110,0,1787209741634.0151,False,0,[],0,56,2106,3302,559,0,A,0,0,2060705026,0,0,751,0,1200,449,0,0,0,0,0,2572,0,0,0,0,900
1557,0,0,0,3,0,0,0,0,0,0,0,0,0,806,56,916,110,0,1787209751891.0989,False,0,[],0,56,2116,3332,559,0,A,0,0,2060705026,0,0,751,0,1200,449,0,0,0,0,0,2572,0,0,0,0,910
1567,0,0,0,3,0,0,0,0,0,0,0,0,0,816,56,926,110,0,1787209762175.1821,False,0,[],0,56,2126,3362,559,0,A,0,0,2060705026,0,0,751,0,1200,449,0,0,0,0,0,2572,0,0,0,0,920
1578,0,0,0,3,0,0,0,0,0,0,0,0,0,827,56,937,110,0,1787209772424.244,False,0,[],0,56,2137,3393,559,0,A,0,0,2060705026,0,0,751,0,1200,449,0,0,0,0,0,2572,0,0,0,0,930
1588,0,0,0,3,0,0,0,0,0,0,0,0,0,837,56,947,110,0,1787209782716.33,False,0,[],0,56,2147,3423,559,0,A,0,0,2060705026,0,0,751,0,1200,449,0,0,0,0,0,2572,0,0,0,0,940
1598,0,0,0,3,0,0,0,0,0,0,0,0,0,847,56,957,110,0,1787209792955.358,False,0,[],0,56,2157,3453,559,0,A,0,0,2060705026,0,0,751,0,1200,449,0,0,0,0,0,2572,0,0,0,0,950
1663,0,0,0,3,0,0,0,0,0,0,0,0,0,857,56,967,110,0,1787209802995.412,False,0,[],0,56,2236,3541,573,0,A,0,0,2060705026,0,0,806,0,1269,463,0,0,0,0,0,2572,0,0,0,0,960
1720,0,0,0,3,0,0,0,0,0,0,0,0,0,862,56,977,115,0,1787209813039.52,False,0,[],0,56,2346,3616,626,0,A,0,0,2060705026,0,0,858,0,1369,511,0,0,0,0,0,2572,0,0,0,0,970
1784,0,0,0,3,0,0,0,0,0,0,0,0,0,868,56,988,120,0,1787209823246.572,False,0,[],0,56,2459,3698,675,0,A,0,0,2060705026,0,0,916,0,1471,555,0,0,0,0,0,2572,0,0,0,0,980
1888,0,0,0,3,0,0,0,0,0,0,0,0,0,877,56,998,121,0,1787209833271.616,False,0,[],0,56,2570,3822,682,0,A,0,0,2060705026,0,0,1011,0,1572,561,0,0,0,0,0,2572,0,0,0,0,990
1932,0,0,0,3,0,0,0,0,0,0,0,0,0,880,56,1008,128,0,1787209843524.6711,False,0,[],0,56,2682,3886,750,0,A,0,0,2060705026,0,0,1052,0,1674,622,0,0,0,0,0,2572,0,0,0,0,1000
1997,0,0,0,3,0,0,0,0,0,0,0,0,0,885,56,1018,133,0,1787209853960.739,False,0,[],0,56,2795,3971,798,0,A,0,0,2060705026,0,0,1112,0,1777,665,0,0,0,0,0,2572,0,0,0,0,1010
2030,0,0,0,3,0,0,0,0,0,0,0,0,0,895,56,1028,133,0,1787209864174.905,False,0,[],0,56,2828,4024,798,0,A,0,0,2060705026,0,0,1135,0,1800,665,0,0,0,0,0,2572,0,0,0,0,1020
2041,0,0,0,3,0,0,0,0,0,0,0,0,0,906,56,1039,133,0,1787209874497.9128,False,0,[],0,56,2839,4055,798,0,A,0,0,2060705026,0,0,1135,0,1800,665,0,0,0,0,0,2572,0,0,0,0,1030
2051,0,0,0,3,0,0,0,0,0,0,0,0,0,916,56,1049,133,0,1787209884789.966,False,0,[],0,56,2849,4085,798,0,A,0,0,2060705026,0,0,1135,0,1800,665,0,0,0,0,0,2572,0,0,0,0,1040
2061,0,0,0,3,0,0,0,0,0,0,0,0,0,926,56,1059,133,0,1787209895116.01,False,0,[],0,56,2859,4115,798,0,A,0,0,2060705026,0,0,1135,0,1800,665,0,0,0,0,0,2572,0,0,0,0,1050
2072,0,0,0,3,0,0,0,0,0,0,0,0,0,937,56,1070,133,0,1787209905449.081,False,0,[],0,56,2870,4146,798,0,A,0,0,2060705026,0,0,1135,0,1800,665,0,0,0,0,0,2572,0,0,0,0,1060
2082,0,0,0,3,0,0,0,0,0,0,0,0,0,947,56,1080,133,0,1787209915819.179,False,0,[],0,56,2880,4177,798,0,A,0,0,2060705026,0,0,1135,0,1800,665,0,0,0,0,0,2572,0,0,0,0,1070
2092,0,0,0,3,0,0,0,0,0,0,0,0,0,957,56,1090,133,0,1787209926088.208,False,0,[],0,56,2890,4207,798,0,A,0,0,2060705026,0,0,1135,0,1800,665,0,0,0,0,0,2572,0,0,0,0,1080
2103,0,0,0,3,0,0,0,0,0,0,0,0,0,968,56,1101,133,0,1787209936427.3591,False,0,[],0,56,2901,4238,798,0,A,0,0,2060705026,0,0,1135,0,1800,665,0,0,0,0,0,2572,0,0,0,0,1100
2113,0,0,0,3,0,0,0,0,0,0,0,0,0,978,56,1111,133,0,1787209946738.351,False,0,[],0,56,2911,4268,798,0,A,0,0,2060705026,0,0,1135,0,1800,665,0,0,0,0,0,2572,0,0,0,0,1110
2123,0,0,0,3,0,0,0,0,0,0,0,0,0,988,56,1121,133,0,1787209957072.409,False,0,[],0,56,2921,4298,798,0,A,0,0,2060705026,0,0,1135,0,1800,665,0,0,0,0,0,2572,0,0,0,0,1120
2134,0,0,0,3,0,0,0,0,0,0,0,0,0,999,56,1132,133,0,1787209967372.548,False,0,[],0,56,2932,4329,798,0,A,0,0,2060705026,0,0,1135,0,1800,665,0,0,0,0,0,2572,0,0,0,0,1130
2144,0,0,0,3,0,0,0,0,0,0,0,0,0,1009,56,1142,133,0,1787209977675.5781,False,0,[],0,56,2942,4359,798,0,A,0,0,2060705026,0,0,1135,0,1800,665,0,0,0,0,0,2572,0,0,0,0,1140
2154,0,0,0,3,0,0,0,0,0,0,0,0,0,1019,56,1152,133,0,1787209987974.65,False,0,[],0,56,2952,4389,798,0,A,0,0,2060705026,0,0,1135,0,1800,665,0,0,0,0,0,2572,0,0,0,0,1150
2165,1,0,0,3,0,0,0,0,0,0,0,0,0,1030,56,1163,133,0,1787209998281.7249,False,0,[],0,56,2963,4419,798,0,A,0,0,2060705026,0,0,1135,0,1800,665,0,0,0,0,0,2572,0,0,0,0,1160
2175,0,0,0,3,0,0,0,0,0,0,0,0,0,1040,56,1173,133,0,1787210008587.774,False,0,[],0,56,2973,4450,798,0,A,0,0,2060705026,0,0,1135,0,1800,665,0,0,0,0,0,2572,0,0,0,0,1170
2185,0,0,0,3,0,0,0,0,0,0,0,0,0,1050,56,1183,133,0,1787210018895.833,False,0,[],0,56,2983,4480,798,0,A,0,0,2060705026,0,0,1135,0,1800,665,0,0,0,0,0,2572,0,0,0,0,1180
2195,0,0,0,3,0,0,0,0,0,0,0,0,0,1060,56,1193,133,0,1787210029189.899,False,0,[],0,56,2993,4510,798,0,A,0,0,2060705026,0,0,1135,0,1800,665,0,0,0,0,0,2572,0,0,0,0,1190
0,0,0,0,0,0,0,0,0,0,0,0,0,0,0,0,0,0,0,1787208837302.122,False,0,[],0,0,0,2,0,0,B,0,0,3796397218,0,0,0,0,0,0,0,0,0,0,0,539,0,0,0,0,0
0,0,0,0,0,0,0,0,0,0,0,0,0,0,0,0,0,0,0,1787208847448.205,False,0,[],0,0,0,17,0,0,B,0,0,3796397218,0,0,0,0,0,0,0,0,0,0,0,1794,0,0,0,0,10
0,0,0,0,0,0,0,0,0,0,0,0,0,0,0,0,0,0,0,1787208857584.2522,False,0,[],0,0,0,37,0,0,B,0,0,3796397218,0,0,0,0,0,0,0,0,0,0,0,1814,0,0,0,0,20
0,0,0,0,0,0,0,0,0,0,0,0,0,0,0,0,0,0,0,1787208867723.3428,False,0,[],0,0,0,56,0,0,B,0,0,3796397218,0,0,0,0,0,0,0,0,0,0,0,1814,0,0,0,0,30
0,0,0,0,0,0,0,0,0,0,0,0,0,0,0,0,0,0,0,1787208877883.405,False,0,[],0,0,0,76,0,0,B,0,0,3796397218,0,0,0,0,0,0,0,0,0,0,0,1815,0,0,0,0,40
0,0,0,0,0,0,0,0,0,0,0,0,0,0,0,0,0,0,0,1787208888045.458,False,0,[],0,0,0,96,0,0,B,0,0,3796397218,0,0,0,0,0,0,0,0,0,0,0,1816,0,0,0,0,50
0,0,0,0,0,0,0,0,0,0,0,0,0,0,0,0,0,0,0,1787208898230.5068,False,0,[],0,0,0,116,0,0,B,0,0,3796397218,0,0,0,0,0,0,0,0,0,0,0,1817,0,0,0,0,60
0,0,0,0,0,0,0,0,0,0,0,0,0,0,0,0,0,0,0,1787208908404.5762,False,0,[],0,0,0,136,0,0,B,0,0,3796397218,0,0,0,0,0,0,0,0,0,0,0,1822,0,0,0,0,70
0,0,0,0,0,0,0,0,0,0,0,0,0,0,0,0,0,0,0,1787208918582.665,False,0,[],0,0,0,156,0,0,B,0,0,3796397218,0,0,0,0,0,0,0,0,0,0,0,1824,0,0,0,0,80
0,0,0,0,0,0,0,0,0,0,0,0,0,0,0,0,0,0,0,1787208928659.7449,False,0,[],0,0,0,176,0,0,B,0,0,3796397218,0,0,0,0,0,0,0,0,0,0,0,1831,0,0,0,0,90
0,0,0,0,0,0,0,0,0,0,0,0,0,0,0,0,0,0,0,1787208938843.81,False,0,[],0,0,0,196,0,0,B,0,0,3796397218,0,0,0,0,0,0,0,0,0,0,0,1838,0,0,0,0,100
0,0,0,0,0,0,0,0,0,0,0,0,0,0,0,0,0,0,0,1787208949037.903,False,0,[],0,0,0,215,0,0,B,0,0,3796397218,0,0,0,0,0,0,0,0,0,0,0,1843,0,0,0,0,110
0,0,0,0,0,0,0,0,0,0,0,0,0,0,0,0,0,0,0,1787208959241.933,False,0,[],0,0,0,235,0,0,B,0,0,3796397218,0,0,0,0,0,0,0,0,0,0,0,1846,0,0,0,0,120
0,0,0,0,0,0,0,0,0,0,0,0,0,0,0,0,0,0,0,1787208969464.984,False,0,[],0,0,0,255,0,0,B,0,0,3796397218,0,0,0,0,0,0,0,0,0,0,0,1847,0,0,0,0,130
0,0,0,0,0,0,0,0,0,0,0,0,0,0,0,0,0,0,0,1787208979689.038,False,0,[],0,0,0,275,0,0,B,0,0,3796397218,0,0,0,0,0,0,0,0,0,0,0,1847,0,0,0,0,140
0,0,0,0,0,0,0,0,0,0,0,0,0,0,0,0,0,0,0,1787208989911.153,False,0,[],0,0,0,295,0,0,B,0,0,3796397218,0,0,0,0,0,0,0,0,0,0,0,1847,0,0,0,0,150
0,0,0,0,0,0,0,0,0,0,0,0,0,0,0,0,0,0,0,1787209000134.174,False,0,[],0,0,0,315,0,0,B,0,0,3796397218,0,0,0,0,0,0,0,0,0,0,0,1847,0,0,0,0,160
0,0,0,0,0,0,0,0,0,0,0,0,0,0,0,0,0,0,0,1787209010343.25,False,0,[],0,0,0,334,0,0,B,0,0,3796397218,0,0,0,0,0,0,0,0,0,0,0,1847,0,0,0,0,170
0,0,0,0,0,0,0,0,0,0,0,0,0,0,0,0,0,0,0,1787209020569.351,False,0,[],0,0,0,354,0,0,B,0,0,3796397218,0,0,0,0,0,0,0,0,0,0,0,1847,0,0,0,0,180
0,0,0,0,0,0,0,0,0,0,0,0,0,0,0,0,0,0,0,1787209030773.3792,False,0,[],0,0,0,374,0,0,B,0,0,3796397218,0,0,0,0,0,0,0,0,0,0,0,1847,0,0,0,0,190
0,0,0,0,0,0,0,0,0,0,0,0,0,0,0,0,0,0,0,1787209040998.487,False,0,[],0,0,0,394,0,0,B,0,0,3796397218,0,0,0,0,0,0,0,0,0,0,0,1847,0,0,0,0,200
0,0,0,0,0,0,0,0,0,0,0,0,0,0,0,0,0,0,0,1787209051193.521,False,0,[],0,0,0,414,0,0,B,0,0,3796397218,0,0,0,0,0,0,0,0,0,0,0,1847,0,0,0,0,210
0,0,0,0,0,0,0,0,0,0,0,0,0,0,0,0,0,0,0,1787209061397.594,False,0,[],0,0,0,433,0,0,B,0,0,3796397218,0,0,0,0,0,0,0,0,0,0,0,1847,0,0,0,0,220
0,0,0,0,0,0,0,0,0,0,0,0,0,0,0,0,0,0,0,1787209071619.653,False,0,[],0,0,0,453,0,0,B,0,0,3796397218,0,0,0,0,0,0,0,0,0,0,0,1847,0,0,0,0,230
0,0,0,0,0,0,0,0,0,0,0,0,0,0,0,0,0,0,0,1787209081845.727,False,0,[],0,0,0,473,0,0,B,0,0,3796397218,0,0,0,0,0,0,0,0,0,0,0,1847,0,0,0,0,240
0,0,0,0,0,0,0,0,0,0,0,0,0,0,0,0,0,0,0,1787209092053.7852,False,0,[],0,0,0,493,0,0,B,0,0,3796397218,0,0,0,0,0,0,0,0,0,0,0,1847,0,0,0,0,250
0,0,0,0,0,0,0,0,0,0,0,0,0,0,0,0,0,0,0,1787209102252.853,False,0,[],0,0,0,513,0,0,B,0,0,3796397218,0,0,0,0,0,0,0,0,0,0,0,1847,0,0,0,0,260
0,0,0,0,0,0,0,0,0,0,0,0,0,0,0,0,0,0,0,1787209112477.955,False,0,[],0,0,0,533,0,0,B,0,0,3796397218,0,0,0,0,0,0,0,0,0,0,0,1847,0,0,0,0,270
0,0,0,0,0,0,0,0,0,0,0,0,0,0,0,0,0,0,0,1787209122683.9941,False,0,[],0,0,0,552,0,0,B,0,0,3796397218,0,0,0,0,0,0,0,0,0,0,0,1847,0,0,0,0,280
0,0,0,0,0,0,0,0,0,0,0,0,0,0,0,0,0,0,0,1787209132907.044,False,0,[],0,0,0,572,0,0,B,0,0,3796397218,0,0,0,0,0,0,0,0,0,0,0,1847,0,0,0,0,290
0,0,0,0,0,0,0,0,0,0,0,0,0,0,0,0,0,0,0,1787209143067.1301,False,0,[],0,0,0,592,0,0,B,0,0,3796397218,0,0,0,0,0,0,0,0,0,0,0,1847,0,0,0,0,300
0,0,0,0,0,0,0,0,0,0,0,0,0,0,0,0,0,0,0,1787209153294.208,False,0,[],0,0,0,612,0,0,B,0,0,3796397218,0,0,0,0,0,0,0,0,0,0,0,1849,0,0,0,0,310
0,0,0,0,0,0,0,0,0,0,0,0,0,0,0,0,0,0,0,1787209163501.2668,False,0,[],0,0,0,632,0,0,B,0,0,3796397218,0,0,0,0,0,0,0,0,0,0,0,1849,0,0,0,0,320
0,0,0,0,0,0,0,0,0,0,0,0,0,0,0,0,0,0,0,1787209173727.332,False,0,[],0,0,0,651,0,0,B,0,0,3796397218,0,0,0,0,0,0,0,0,0,0,0,1849,0,0,0,0,330
0,0,0,0,0,0,0,0,0,0,0,0,0,0,0,0,0,0,0,1787209183933.385,False,0,[],0,0,0,671,0,0,B,0,0,3796397218,0,0,0,0,0,0,0,0,0,0,0,1849,0,0,0,0,340
0,0,0,0,0,0,0,0,0,0,0,0,0,0,0,0,0,0,0,1787209194141.449,False,0,[],0,0,0,691,0,0,B,0,0,3796397218,0,0,0,0,0,0,0,0,0,0,0,1849,0,0,0,0,350
0,0,0,0,0,0,0,0,0,0,0,0,0,0,0,0,0,0,0,1787209204312.531,False,0,[],0,0,0,711,0,0,B,0,0,3796397218,0,0,0,0,0,0,0,0,0,0,0,1849,0,0,0,0,360
0,0,0,0,0,0,0,0,0,0,0,0,0,0,0,0,0,0,0,1787209214514.6128,False,0,[],0,0,0,730,0,0,B,0,0,3796397218,0,0,0,0,0,0,0,0,0,0,0,1849,0,0,0,0,370
0,0,0,0,0,0,0,0,0,0,0,0,0,0,0,0,0,0,0,1787209224740.629,False,0,[],0,0,0,750,0,0,B,0,0,3796397218,0,0,0,0,0,0,0,0,0,0,0,1849,0,0,0,0,380
0,0,0,0,0,0,0,0,0,0,0,0,0,0,0,0,0,0,0,1787209234947.713,False,0,[],0,0,0,770,0,0,B,0,0,3796397218,0,0,0,0,0,0,0,0,0,0,0,1849,0,0,0,0,390
0,0,0,0,0,0,0,0,0,0,0,0,0,0,0,0,0,0,0,1787209245164.777,False,0,[],0,0,0,790,0,0,B,0,0,3796397218,0,0,0,0,0,0,0,0,0,0,0,1849,0,0,0,0,400
0,0,0,0,0,0,0,0,0,0,0,0,0,0,0,0,0,0,0,1787209255356.8472,False,0,[],0,0,0,810,0,0,B,0,0,3796397218,0,0,0,0,0,0,0,0,0,0,0,1849,0,0,0,0,410
0,0,0,0,0,0,0,0,0,0,0,0,0,0,0,0,0,0,0,1787209265563.914,False,0,[],0,0,0,830,0,0,B,0,0,3796397218,0,0,0,0,0,0,0,0,0,0,0,1849,0,0,0,0,420
0,0,0,0,0,0,0,0,0,0,0,0,0,0,0,0,0,0,0,1787209275752.969,False,0,[],0,0,0,849,0,0,B,0,0,3796397218,0,0,0,0,0,0,0,0,0,0,0,1849,0,0,0,0,430
0,0,0,0,0,0,0,0,0,0,0,0,0,0,0,0,0,0,0,1787209285978.037,False,0,[],0,0,0,869,0,0,B,0,0,3796397218,0,0,0,0,0,0,0,0,0,0,0,1849,0,0,0,0,440
0,0,0,0,0,0,0,0,0,0,0,0,0,0,0,0,0,0,0,1787209296175.16,False,0,[],0,0,0,889,0,0,B,0,0,3796397218,0,0,0,0,0,0,0,0,0,0,0,1849,0,0,0,0,450
0,0,0,0,0,0,0,0,0,0,0,0,0,0,0,0,0,0,0,1787209306408.184,False,0,[],0,0,0,909,0,0,B,0,0,3796397218,0,0,0,0,0,0,0,0,0,0,0,1850,0,0,0,0,470
0,0,0,0,0,0,0,0,0,0,0,0,0,0,0,0,0,0,0,1787209316636.2532,False,0,[],0,0,0,929,0,0,B,0,0,3796397218,0,0,0,0,0,0,0,0,0,0,0,1850,0,0,0,0,480
0,0,0,0,0,0,0,0,0,0,0,0,0,0,0,0,0,0,0,1787209326818.339,False,0,[],0,0,0,949,0,0,B,0,0,3796397218,0,0,0,0,0,0,0,0,0,0,0,1850,0,0,0,0,490
0,0,0,0,0,0,0,0,0,0,0,0,0,0,0,0,0,0,0,1787209337020.3928,False,0,[],0,0,0,968,0,0,B,0,0,3796397218,0,0,0,0,0,0,0,0,0,0,0,1850,0,0,0,0,500
0,0,0,0,0,0,0,0,0,0,0,0,0,0,0,0,0,0,0,1787209347187.4731,False,0,[],0,0,0,988,0,0,B,0,0,3796397218,0,0,0,0,0,0,0,0,0,0,0,1850,0,0,0,0,510
0,0,0,0,0,0,0,0,0,0,0,0,0,0,0,0,0,0,0,1787209357361.562,False,0,[],0,0,0,1008,0,0,B,0,0,3796397218,0,0,0,0,0,0,0,0,0,0,0,1851,0,0,0,0,520
0,0,0,0,0,0,0,0,0,0,0,0,0,0,0,0,0,0,0,1787209367532.5789,False,0,[],0,0,0,1028,0,0,B,0,0,3796397218,0,0,0,0,0,0,0,0,0,0,0,1852,0,0,0,0,530
0,0,0,0,0,0,0,0,0,0,0,0,0,0,0,0,0,0,0,1787209377779.6619,False,0,[],0,0,0,1047,0,0,B,0,0,3796397218,0,0,0,0,0,0,0,0,0,0,0,1853,0,0,0,0,540
0,0,0,0,0,0,0,0,0,0,0,0,0,0,0,0,0,0,0,1787209388191.7368,False,0,[],0,0,0,1068,0,0,B,0,0,3796397218,0,0,0,0,0,0,0,0,0,0,0,1856,0,0,0,0,550
0,0,0,0,0,0,0,0,0,0,0,0,0,0,0,0,0,0,0,1787209398412.8062,False,0,[],0,0,0,1088,0,0,B,0,0,3796397218,0,0,0,0,0,0,0,0,0,0,0,1857,0,0,0,0,560
0,0,0,0,0,0,0,0,0,0,0,0,0,0,0,0,0,0,0,1787209408672.83,False,0,[],0,0,0,1107,0,0,B,0,0,3796397218,0,0,0,0,0,0,0,0,0,0,0,1857,0,0,0,0,570
0,0,0,0,0,0,0,0,0,0,0,0,0,0,0,0,0,0,0,1787209418929.918,False,0,[],0,0,0,1125,0,0,B,0,0,3796397218,0,0,0,0,0,0,0,0,0,0,0,1857,0,0,0,0,580
0,0,0,0,0,0,0,0,0,0,0,0,0,0,0,0,0,0,0,1787209429180.018,False,0,[],0,0,0,1143,0,0,B,0,0,3796397218,0,0,0,0,0,0,0,0,0,0,0,1857,0,0,0,0,590
0,0,0,0,0,0,0,0,0,0,0,0,0,0,0,0,0,0,0,1787209439449.064,False,0,[],0,0,0,1160,0,0,B,0,0,3796397218,0,0,0,0,0,0,0,0,0,0,0,1857,0,0,0,0,600
0,0,0,0,0,0,0,0,0,0,0,0,0,0,0,0,0,0,0,1787209449844.121,False,0,[],0,0,0,1180,0,0,B,0,0,3796397218,0,0,0,0,0,0,0,0,0,0,0,1857,0,0,0,0,610
0,0,0,0,0,0,0,0,0,0,0,0,0,0,0,0,0,0,0,1787209460207.213,False,0,[],0,0,0,1200,0,0,B,0,0,3796397218,0,0,0,0,0,0,0,0,0,0,0,1857,0,0,0,0,620
0,0,0,0,0,0,0,0,0,0,0,0,0,0,0,0,0,0,0,1787209470637.272,False,0,[],0,0,0,1220,0,0,B,0,0,3796397218,0,0,0,0,0,0,0,0,0,0,0,1857,0,0,0,0,630
0,0,0,0,0,0,0,0,0,0,0,0,0,0,0,0,0,0,0,1787209480995.3452,False,0,[],0,0,0,1240,0,0,B,0,0,3796397218,0,0,0,0,0,0,0,0,0,0,0,1857,0,0,0,0,640
0,0,0,0,0,0,0,0,0,0,0,0,0,0,0,0,0,0,0,1787209491382.3882,False,0,[],0,0,0,1260,0,0,B,0,0,3796397218,0,0,0,0,0,0,0,0,0,0,0,1857,0,0,0,0,650
0,0,0,0,0,0,0,0,0,0,0,0,0,0,0,0,0,0,0,1787209501727.4622,False,0,[],0,0,0,1280,0,0,B,0,0,3796397218,0,0,0,0,0,0,0,0,0,0,0,1857,0,0,0,0,660
0,0,0,0,0,0,0,0,0,0,0,0,0,0,0,0,0,0,0,1787209512159.534,False,0,[],0,0,0,1300,0,0,B,0,0,3796397218,0,0,0,0,0,0,0,0,0,0,0,1857,0,0,0,0,670
0,0,0,0,0,0,0,0,0,0,0,0,0,0,0,0,0,0,0,1787209522550.69,False,0,[],0,0,0,1320,0,0,B,0,0,3796397218,0,0,0,0,0,0,0,0,0,0,0,1857,0,0,0,0,680
0,0,0,0,0,0,0,0,0,0,0,0,0,0,0,0,0,0,0,1787209532931.663,False,0,[],0,0,0,1340,0,0,B,0,0,3796397218,0,0,0,0,0,0,0,0,0,0,0,1857,0,0,0,0,690
0,0,0,0,0,0,0,0,0,0,0,0,0,0,0,0,0,0,0,1787209543253.731,False,0,[],0,0,0,1360,0,0,B,0,0,3796397218,0,0,0,0,0,0,0,0,0,0,0,1859,0,0,0,0,700
0,0,0,0,0,0,0,0,0,0,0,0,0,0,0,0,0,0,0,1787209553678.8071,False,0,[],0,0,0,1380,0,0,B,0,0,3796397218,0,0,0,0,0,0,0,0,0,0,0,1859,0,0,0,0,710
0,0,0,0,0,0,0,0,0,0,0,0,0,0,0,0,0,0,0,1787209564071.887,False,0,[],0,0,0,1400,0,0,B,0,0,3796397218,0,0,0,0,0,0,0,0,0,0,0,1859,0,0,0,0,720
0,0,0,0,0,0,0,0,0,0,0,0,0,0,0,0,0,0,0,1787209574505.93,False,0,[],0,0,0,1420,0,0,B,0,0,3796397218,0,0,0,0,0,0,0,0,0,0,0,1859,0,0,0,0,730
0,0,0,0,0,0,0,0,0,0,0,0,0,0,0,0,0,0,0,1787209584871.006,False,0,[],0,0,0,1440,0,0,B,0,0,3796397218,0,0,0,0,0,0,0,0,0,0,0,1861,0,0,0,0,740
0,0,0,0,0,0,0,0,0,0,0,0,0,0,0,0,0,0,0,1787209595168.0789,False,0,[],0,0,0,1460,0,0,B,0,0,3796397218,0,0,0,0,0,0,0,0,0,0,0,1861,0,0,0,0,750
0,0,0,0,0,0,0,0,0,0,0,0,0,0,0,0,0,0,0,1787209605586.133,False,0,[],0,0,0,1480,0,0,B,0,0,3796397218,0,0,0,0,0,0,0,0,0,0,0,1861,0,0,0,0,760
0,0,0,0,0,0,0,0,0,0,0,0,0,0,0,0,0,0,0,1787209615812.207,False,0,[],0,0,0,1501,0,0,B,0,0,3796397218,0,0,0,0,0,0,0,0,0,0,0,1861,0,0,0,0,770
0,0,0,0,0,0,0,0,0,0,0,0,0,0,0,0,0,0,0,1787209626154.28,False,0,[],0,0,0,1520,0,0,B,0,0,3796397218,0,0,0,0,0,0,0,0,0,0,0,1861,0,0,0,0,780
0,0,0,0,0,0,0,0,0,0,0,0,0,0,0,0,0,0,0,1787209636528.375,False,0,[],0,0,0,1540,0,0,B,0,0,3796397218,0,0,0,0,0,0,0,0,0,0,0,1861,0,0,0,0,800
0,0,0,0,0,0,0,0,0,0,0,0,0,0,0,0,0,0,0,1787209646959.434,False,0,[],0,0,0,1560,0,0,B,0,0,3796397218,0,0,0,0,0,0,0,0,0,0,0,1861,0,0,0,0,810
0,0,0,0,0,0,0,0,0,0,0,0,0,0,0,0,0,0,0,1787209657387.48,False,0,[],0,0,0,1580,0,0,B,0,0,3796397218,0,0,0,0,0,0,0,0,0,0,0,1861,0,0,0,0,820
0,0,0,0,0,0,0,0,0,0,0,0,0,0,0,0,0,0,0,1787209667748.547,False,0,[],0,0,0,1600,0,0,B,0,0,3796397218,0,0,0,0,0,0,0,0,0,0,0,1861,0,0,0,0,830
0,0,0,0,0,0,0,0,0,0,0,0,0,0,0,0,0,0,0,1787209678074.656,False,0,[],0,0,0,1620,0,0,B,0,0,3796397218,0,0,0,0,0,0,0,0,0,0,0,1861,0,0,0,0,840
0,0,0,0,0,0,0,0,0,0,0,0,0,0,0,0,0,0,0,1787209688512.6938,False,0,[],0,0,0,1640,0,0,B,0,0,3796397218,0,0,0,0,0,0,0,0,0,0,0,1861,0,0,0,0,850
0,0,0,0,0,0,0,0,0,0,0,0,0,0,0,0,0,0,0,1787209698868.734,False,0,[],0,0,0,1660,0,0,B,0,0,3796397218,0,0,0,0,0,0,0,0,0,0,0,1861,0,0,0,0,860
0,0,0,0,0,0,0,0,0,0,0,0,0,0,0,0,0,0,0,1787209709229.828,False,0,[],0,0,0,1680,0,0,B,0,0,3796397218,0,0,0,0,0,0,0,0,0,0,0,1861,0,0,0,0,870
0,0,0,0,0,0,0,0,0,0,0,0,0,0,0,0,0,0,0,1787209719622.938,False,0,[],0,0,0,1700,0,0,B,0,0,3796397218,0,0,0,0,0,0,0,0,0,0,0,1861,0,0,0,0,880
0,0,0,0,0,0,0,0,0,0,0,0,0,0,0,0,0,0,0,1787209729927.9412,False,0,[],0,0,0,1720,0,0,B,0,0,3796397218,0,0,0,0,0,0,0,0,0,0,0,1861,0,0,0,0,890
0,0,0,0,0,0,0,0,0,0,0,0,0,0,0,0,0,0,0,1787209740230.023,False,0,[],0,0,0,1740,0,0,B,0,0,3796397218,0,0,0,0,0,0,0,0,0,0,0,1861,0,0,0,0,900
0,0,0,0,0,0,0,0,0,0,0,0,0,0,0,0,0,0,0,1787209750617.127,False,0,[],0,0,0,1760,0,0,B,0,0,3796397218,0,0,0,0,0,0,0,0,0,0,0,1861,0,0,0,0,910
0,0,0,0,0,0,0,0,0,0,0,0,0,0,0,0,0,0,0,1787209761047.142,False,0,[],0,0,0,1780,0,0,B,0,0,3796397218,0,0,0,0,0,0,0,0,0,0,0,1861,0,0,0,0,920
0,0,0,0,0,0,0,0,0,0,0,0,0,0,0,0,0,0,0,1787209771418.217,False,0,[],0,0,0,1800,0,0,B,0,0,3796397218,0,0,0,0,0,0,0,0,0,0,0,1861,0,0,0,0,930
0,0,0,0,0,0,0,0,0,0,0,0,0,0,0,0,0,0,0,1787209781760.2961,False,0,[],0,0,0,1820,0,0,B,0,0,3796397218,0,0,0,0,0,0,0,0,0,0,0,1861,0,0,0,0,940
0,0,0,0,0,0,0,0,0,0,0,0,0,0,0,0,0,0,0,1787209792182.348,False,0,[],0,0,0,1840,0,0,B,0,0,3796397218,0,0,0,0,0,0,0,0,0,0,0,1861,0,0,0,0,950
0,0,0,0,0,0,0,0,0,0,0,0,0,0,0,0,0,0,0,1787209802235.414,False,0,[],0,0,0,1864,0,0,B,0,0,3796397218,0,0,0,0,0,0,0,0,0,0,0,1862,0,0,0,0,960
0,0,0,0,0,0,0,0,0,0,0,0,0,0,0,0,0,0,0,1787209812549.49,False,0,[],0,0,0,1879,0,0,B,0,0,3796397218,0,0,0,0,0,0,0,0,0,0,0,1862,0,0,0,0,970
0,0,0,0,0,0,0,0,0,0,0,0,0,0,0,0,0,0,0,1787209822620.543,False,0,[],0,0,0,1900,0,0,B,0,0,3796397218,0,0,0,0,0,0,0,0,0,0,0,1863,0,0,0,0,980
0,0,0,0,0,0,0,0,0,0,0,0,0,0,0,0,0,0,0,1787209833080.62,False,0,[],0,0,0,1919,0,0,B,0,0,3796397218,0,0,0,0,0,0,0,0,0,0,0,1863,0,0,0,0,990
0,0,0,0,0,0,0,0,0,0,0,0,0,0,0,0,0,0,0,1787209843512.708,False,0,[],0,0,0,1940,0,0,B,0,0,3796397218,0,0,0,0,0,0,0,0,0,0,0,1864,0,0,0,0,1000
0,0,0,0,0,0,0,0,0,0,0,0,0,0,0,0,0,0,0,1787209853705.765,False,0,[],0,0,0,1960,0,0,B,0,0,3796397218,0,0,0,0,0,0,0,0,0,0,0,1865,0,0,0,0,1010
0,0,0,0,0,0,0,0,0,0,0,0,0,0,0,0,0,0,0,1787209864173.861,False,0,[],0,0,0,1980,0,0,B,0,0,3796397218,0,0,0,0,0,0,0,0,0,0,0,1865,0,0,0,0,1020
0,0,0,0,0,0,0,0,0,0,0,0,0,0,0,0,0,0,0,1787209874518.913,False,0,[],0,0,0,2000,0,0,B,0,0,3796397218,0,0,0,0,0,0,0,0,0,0,0,1865,0,0,0,0,1030
0,0,0,0,0,0,0,0,0,0,0,0,0,0,0,0,0,0,0,1787209884991.974,False,0,[],0,0,0,2020,0,0,B,0,0,3796397218,0,0,0,0,0,0,0,0,0,0,0,1865,0,0,0,0,1040
0,0,0,0,0,0,0,0,0,0,0,0,0,0,0,0,0,0,0,1787209895359.008,False,0,[],0,0,0,2040,0,0,B,0,0,3796397218,0,0,0,0,0,0,0,0,0,0,0,1865,0,0,0,0,1050
0,0,0,0,0,0,0,0,0,0,0,0,0,0,0,0,0,0,0,1787209905644.081,False,0,[],0,0,0,2060,0,0,B,0,0,3796397218,0,0,0,0,0,0,0,0,0,0,0,1865,0,0,0,0,1060
0,0,0,0,0,0,0,0,0,0,0,0,0,0,0,0,0,0,0,1787209916089.138,False,0,[],0,0,0,2080,0,0,B,0,0,3796397218,0,0,0,0,0,0,0,0,0,0,0,1865,0,0,0,0,1070
0,0,0,0,0,0,0,0,0,0,0,0,0,0,0,0,0,0,0,1787209926486.248,False,0,[],0,0,0,2100,0,0,B,0,0,3796397218,0,0,0,0,0,0,0,0,0,0,0,1865,0,0,0,0,1090
0,0,0,0,0,0,0,0,0,0,0,0,0,0,0,0,0,0,0,1787209936869.283,False,0,[],0,0,0,2120,0,0,B,0,0,3796397218,0,0,0,0,0,0,0,0,0,0,0,1865,0,0,0,0,1100
0,0,0,0,0,0,0,0,0,0,0,0,0,0,0,0,0,0,0,1787209947290.346,False,0,[],0,0,0,2140,0,0,B,0,0,3796397218,0,0,0,0,0,0,0,0,0,0,0,1865,0,0,0,0,1110
0,0,0,0,0,0,0,0,0,0,0,0,0,0,0,0,0,0,0,1787209957777.417,False,0,[],0,0,0,2160,0,0,B,0,0,3796397218,0,0,0,0,0,0,0,0,0,0,0,1866,0,0,0,0,1120
0,0,0,0,0,0,0,0,0,0,0,0,0,0,0,0,0,0,0,1787209968168.517,False,0,[],0,0,0,2180,0,0,B,0,0,3796397218,0,0,0,0,0,0,0,0,0,0,0,1866,0,0,0,0,1130
0,0,0,0,0,0,0,0,0,0,0,0,0,0,0,0,0,0,0,1787209978551.589,False,0,[],0,0,0,2200,0,0,B,0,0,3796397218,0,0,0,0,0,0,0,0,0,0,0,1866,0,0,0,0,1140
0,0,0,0,0,0,0,0,0,0,0,0,0,0,0,0,0,0,0,1787209988916.634,False,0,[],0,0,0,2220,0,0,B,0,0,3796397218,0,0,0,0,0,0,0,0,0,0,0,1867,0,0,0,0,1150
0,0,0,0,0,0,0,0,0,0,0,0,0,0,0,0,0,0,0,1787209999230.687,False,0,[],0,0,0,2240,0,0,B,0,0,3796397218,0,0,0,0,0,0,0,0,0,0,0,1867,0,0,0,0,1160
0,0,0,0,0,0,0,0,0,0,0,0,0,0,0,0,0,0,0,1787210009730.783,False,0,[],0,0,0,2260,0,0,B,0,0,3796397218,0,0,0,0,0,0,0,0,0,0,0,1867,0,0,0,0,1170
0,0,0,0,0,0,0,0,0,0,0,0,0,0,0,0,0,0,0,1787210020080.838,False,0,[],0,0,0,2280,0,0,B,0,0,3796397218,0,0,0,0,0,0,0,0,0,0,0,1867,0,0,0,0,1180
0,0,0,0,0,0,0,0,0,0,0,0,0,0,0,0,0,0,0,1787210030481.917,False,0,[],0,0,0,2300,0,0,B,0,0,3796397218,0,0,0,0,0,0,0,0,0,0,0,1867,0,0,0,0,1190
0,0,0,0,0,0,0,0,0,0,0,0,0,0,0,0,0,0,0,1787208838335.135,False,0,[],0,0,0,2,0,0,C,0,0,431688712,0,0,0,0,0,0,0,0,0,0,0,542,0,0,0,0,0
0,0,0,0,0,0,0,0,0,0,0,0,0,0,0,0,0,0,0,1787208848449.2012,False,0,[],0,0,0,17,0,0,C,0,0,431688712,0,0,0,0,0,0,0,0,0,0,0,1793,0,0,0,0,10
0,0,0,0,0,0,0,0,0,0,0,0,0,0,0,0,0,0,0,1787208858558.241,False,0,[],0,0,0,37,0,0,C,0,0,431688712,0,0,0,0,0,0,0,0,0,0,0,1811,0,0,0,0,20
0,0,0,0,0,0,0,0,0,0,0,0,0,0,0,0,0,0,0,1787208868667.334,False,0,[],0,0,0,57,0,0,C,0,0,431688712,0,0,0,0,0,0,0,0,0,0,0,1811,0,0,0,0,30
0,0,0,0,0,0,0,0,0,0,0,0,0,0,0,0,0,0,0,1787208878777.415,False,0,[],0,0,0,77,0,0,C,0,0,431688712,0,0,0,0,0,0,0,0,0,0,0,1813,0,0,0,0,40
0,0,0,0,0,0,0,0,0,0,0,0,0,0,0,0,0,0,0,1787208888889.461,False,0,[],0,0,0,97,0,0,C,0,0,431688712,0,0,0,0,0,0,0,0,0,0,0,1814,0,0,0,0,50
0,0,0,0,0,0,0,0,27,0,0,0,3,0,0,0,0,0,0,1787208899006.539,False,0,[],0,0,0,144,0,0,C,0,0,431688712,0,0,0,0,0,0,0,0,0,0,0,1815,0,0,6,21,60
0,0,0,0,0,0,0,0,113,0,0,0,3,0,0,0,0,0,0,1787208909168.604,False,0,[],0,0,0,249,0,0,C,0,0,431688712,0,0,0,0,0,0,0,0,0,0,0,2073,0,0,13,100,70
0,0,0,0,0,0,0,0,179,0,0,0,3,0,0,0,0,0,0,1787208919324.655,False,0,[],0,0,0,335,0,0,C,0,0,431688712,0,0,0,0,0,0,0,0,0,0,0,2073,0,0,18,161,80
0,0,0,0,0,0,0,0,204,0,0,0,3,0,0,0,0,0,0,1787208929442.7231,False,0,[],0,0,0,380,0,0,C,0,0,431688712,0,0,0,0,0,0,0,0,0,0,0,2073,0,0,19,185,90
0,0,0,0,0,0,0,0,276,0,0,0,3,0,0,0,0,0,0,1787208939591.781,False,0,[],0,0,0,472,0,0,C,0,0,431688712,0,0,0,0,0,0,0,0,0,0,0,2073,0,0,26,250,100
0,0,0,0,0,0,0,0,297,0,0,0,3,0,0,0,0,0,0,1787208949726.94,False,0,[],0,0,0,513,0,0,C,0,0,431688712,0,0,0,0,0,0,0,0,0,0,0,2073,0,0,28,269,110
0,0,0,0,0,0,0,0,340,0,0,0,3,0,0,0,0,0,0,1787208959867.9211,False,0,[],0,0,0,576,0,0,C,0,0,431688712,0,0,0,0,0,0,0,0,0,0,0,2095,0,0,35,305,120
0,0,0,0,0,0,0,0,350,0,0,0,3,0,0,0,0,0,0,1787208970010.01,False,0,[],0,0,0,606,0,0,C,0,0,431688712,0,0,0,0,0,0,0,0,0,0,0,2095,0,0,45,305,130
0,0,0,0,0,0,0,0,360,0,0,0,3,0,0,0,0,0,0,1787208980163.0608,False,0,[],0,0,0,636,0,0,C,0,0,431688712,0,0,0,0,0,0,0,0,0,0,0,2095,0,0,55,305,140
0,0,0,0,0,0,0,0,370,0,0,0,3,0,0,0,0,0,0,1787208990301.147,False,0,[],0,0,0,666,0,0,C,0,0,431688712,0,0,0,0,0,0,0,0,0,0,0,2095,0,0,65,305,150
0,0,0,0,0,0,0,0,381,0,0,0,3,0,0,0,0,0,0,1787209000458.183,False,0,[],0,0,0,696,0,0,C,0,0,431688712,0,0,0,0,0,0,0,0,0,0,0,2095,0,0,76,305,160
0,0,0,0,0,0,0,0,391,0,0,0,3,0,0,0,0,0,0,1787209010598.268,False,0,[],0,0,0,726,0,0,C,0,0,431688712,0,0,0,0,0,0,0,0,0,0,0,2095,0,0,86,305,170
0,0,0,0,0,0,0,0,401,0,0,0,3,0,0,0,0,0,0,1787209020741.331,False,0,[],0,0,0,756,0,0,C,0,0,431688712,0,0,0,0,0,0,0,0,0,0,0,2095,0,0,96,305,180
0,0,0,0,0,0,0,0,411,0,0,0,3,0,0,0,0,0,0,1787209030881.387,False,0,[],0,0,0,786,0,0,C,0,0,431688712,0,0,0,0,0,0,0,0,0,0,0,2095,0,0,106,305,190
0,0,0,0,0,0,0,0,421,0,0,0,3,0,0,0,0,0,0,1787209041036.478,False,0,[],0,0,0,816,0,0,C,0,0,431688712,0,0,0,0,0,0,0,0,0,0,0,2095,0,0,116,305,200
0,0,0,0,0,0,0,0,431,0,0,0,3,0,0,0,0,0,0,1787209051162.544,False,0,[],0,0,0,846,0,0,C,0,0,431688712,0,0,0,0,0,0,0,0,0,0,0,2095,0,0,126,305,210
0,0,0,0,0,0,0,0,442,0,0,0,3,0,0,0,0,0,0,1787209061351.593,False,0,[],0,0,0,877,0,0,C,0,0,431688712,0,0,0,0,0,0,0,0,0,0,0,2095,0,0,137,305,220
0,0,0,0,0,0,0,0,452,0,0,0,3,0,0,0,0,0,0,1787209071503.65,False,0,[],0,0,0,907,0,0,C,0,0,431688712,0,0,0,0,0,0,0,0,0,0,0,2095,0,0,147,305,230
0,0,0,0,0,0,0,0,462,0,0,0,3,0,0,0,0,0,0,1787209081655.718,False,0,[],0,0,0,937,0,0,C,0,0,431688712,0,0,0,0,0,0,0,0,0,0,0,2096,0,0,157,305,240
0,0,0,0,0,0,0,0,472,0,0,0,3,0,0,0,0,0,0,1787209091808.784,False,0,[],0,0,0,966,0,0,C,0,0,431688712,0,0,0,0,0,0,0,0,0,0,0,2096,0,0,167,305,250
0,0,0,0,0,0,0,0,482,0,0,0,3,0,0,0,0,0,0,1787209101966.873,False,0,[],0,0,0,996,0,0,C,0,0,431688712,0,0,0,0,0,0,0,0,0,0,0,2096,0,0,177,305,260
0,0,0,0,0,0,0,0,492,0,0,0,3,0,0,0,0,0,0,1787209112120.974,False,0,[],0,0,0,1026,0,0,C,0,0,431688712,0,0,0,0,0,0,0,0,0,0,0,2096,0,0,187,305,270
0,0,0,0,0,0,0,0,502,0,0,0,3,0,0,0,0,0,0,1787209122272.978,False,0,[],0,0,0,1056,0,0,C,0,0,431688712,0,0,0,0,0,0,0,0,0,0,0,2098,0,0,197,305,280
0,0,0,0,0,0,0,0,513,0,0,0,3,0,0,0,0,0,0,1787209132426.054,False,0,[],0,0,0,1087,0,0,C,0,0,431688712,0,0,0,0,0,0,0,0,0,0,0,2098,0,0,208,305,290
0,0,0,0,0,0,0,0,518,0,0,0,3,0,0,0,0,0,0,1787209142569.1272,False,0,[],0,0,0,1112,0,0,C,0,0,431688712,0,0,0,0,0,0,0,0,0,0,0,2098,0,0,213,305,300
0,0,0,0,0,0,0,0,533,0,0,0,3,0,0,0,0,0,0,1787209152729.175,False,0,[],0,0,0,1147,0,0,C,0,0,431688712,0,0,0,0,0,0,0,0,0,0,0,2098,0,0,228,305,310
0,0,0,0,0,0,0,0,543,0,0,0,3,0,0,0,0,0,0,1787209162869.245,False,0,[],0,0,0,1177,0,0,C,0,0,431688712,0,0,0,0,0,0,0,0,0,0,0,2099,0,0,238,305,320
0,0,0,0,0,0,0,0,553,0,0,0,3,0,0,0,0,0,0,1787209173009.319,False,0,[],0,0,0,1206,0,0,C,0,0,431688712,0,0,0,0,0,0,0,0,0,0,0,2099,0,0,248,305,330
0,0,0,0,0,0,0,0,563,0,0,0,3,0,0,0,0,0,0,1787209183153.3909,False,0,[],0,0,0,1236,0,0,C,0,0,431688712,0,0,0,0,0,0,0,0,0,0,0,2099,0,0,258,305,340
0,0,0,0,0,0,0,0,573,0,0,0,3,0,0,0,0,0,0,1787209193274.442,False,0,[],0,0,0,1266,0,0,C,0,0,431688712,0,0,0,0,0,0,0,0,0,0,0,2099,0,0,268,305,350
0,0,0,0,0,0,0,0,584,0,0,0,3,0,0,0,0,0,0,1787209203427.4941,False,0,[],0,0,0,1297,0,0,C,0,0,431688712,0,0,0,0,0,0,0,0,0,0,0,2099,0,0,279,305,360
0,0,0,0,0,0,0,0,594,0,0,0,3,0,0,0,0,0,0,1787209213568.563,False,0,[],0,0,0,1327,0,0,C,0,0,431688712,0,0,0,0,0,0,0,0,0,0,0,2099,0,0,289,305,370
0,0,0,0,0,0,0,0,604,0,0,0,3,0,0,0,0,0,0,1787209223708.639,False,0,[],0,0,0,1357,0,0,C,0,0,431688712,0,0,0,0,0,0,0,0,0,0,0,2099,0,0,299,305,380
0,0,0,0,0,0,0,0,614,0,0,0,3,0,0,0,0,0,0,1787209233846.691,False,0,[],0,0,0,1387,0,0,C,0,0,431688712,0,0,0,0,0,0,0,0,0,0,0,2099,0,0,309,305,390
0,0,0,0,0,0,0,0,624,0,0,0,3,0,0,0,0,0,0,1787209244001.802,False,0,[],0,0,0,1417,0,0,C,0,0,431688712,0,0,0,0,0,0,0,0,0,0,0,2099,0,0,319,305,400
0,0,0,0,0,0,0,0,634,0,0,0,3,0,0,0,0,0,0,1787209254150.855,False,0,[],0,0,0,1446,0,0,C,0,0,431688712,0,0,0,0,0,0,0,0,0,0,0,2099,0,0,329,305,410
0,0,0,0,0,0,0,0,644,0,0,0,3,0,0,0,0,0,0,1787209264279.947,False,0,[],0,0,0,1476,0,0,C,0,0,431688712,0,0,0,0,0,0,0,0,0,0,0,2099,0,0,339,305,420
0,0,0,0,0,0,0,0,653,0,0,0,3,0,0,0,0,0,0,1787209274405.986,False,0,[],0,0,0,1505,0,0,C,0,0,431688712,0,0,0,0,0,0,0,0,0,0,0,2099,0,0,348,305,430
0,0,0,0,0,0,0,0,665,0,0,0,3,0,0,0,0,0,0,1787209284542.1482,False,0,[],0,0,0,1537,0,0,C,0,0,431688712,0,0,0,0,0,0,0,0,0,0,0,2099,0,0,360,305,440
0,0,0,0,0,0,0,0,675,0,0,0,3,0,0,0,0,0,0,1787209294686.1091,False,0,[],0,0,0,1567,0,0,C,0,0,431688712,0,0,0,0,0,0,0,0,0,0,0,2099,0,0,370,305,450
0,0,0,0,0,0,0,0,685,0,0,0,3,0,0,0,0,0,0,1787209304829.188,False,0,[],0,0,0,1597,0,0,C,0,0,431688712,0,0,0,0,0,0,0,0,0,0,0,2099,0,0,380,305,460
0,0,0,0,0,0,0,0,695,0,0,0,3,0,0,0,0,0,0,1787209314972.2458,False,0,[],0,0,0,1627,0,0,C,0,0,431688712,0,0,0,0,0,0,0,0,0,0,0,2099,0,0,390,305,470
0,0,0,0,0,0,0,0,705,0,0,0,3,0,0,0,0,0,0,1787209325105.326,False,0,[],0,0,0,1657,0,0,C,0,0,431688712,0,0,0,0,0,0,0,0,0,0,0,2099,0,0,400,305,480
0,0,0,0,0,0,0,0,715,0,0,0,3,0,0,0,0,0,0,1787209335227.426,False,0,[],0,0,0,1686,0,0,C,0,0,431688712,0,0,0,0,0,0,0,0,0,0,0,2099,0,0,410,305,490
0,0,0,0,0,0,0,0,726,0,0,0,3,0,0,0,0,0,0,1787209345369.452,False,0,[],0,0,0,1717,0,0,C,0,0,431688712,0,0,0,0,0,0,0,0,0,0,0,2099,0,0,421,305,500
0,0,0,0,0,0,0,0,777,0,0,0,4,0,0,0,0,0,0,1787209355499.53,False,0,[],0,0,0,1788,0,0,C,0,0,431688712,0,0,0,0,0,0,0,0,0,0,0,2864,0,0,426,351,510
0,0,0,0,0,0,0,0,851,0,0,0,4,0,0,0,0,0,0,1787209365690.619,False,0,[],0,0,0,1882,0,0,C,0,0,431688712,0,0,0,0,0,0,0,0,0,0,0,2864,0,0,433,418,520
0,0,0,0,0,0,0,0,947,0,0,0,4,0,0,0,0,0,0,1787209376180.639,False,0,[],0,0,0,1998,0,0,C,0,0,431688712,0,0,0,0,0,0,0,0,0,0,0,2864,0,0,441,506,530
0,0,0,0,0,0,0,0,1006,0,0,0,5,0,0,0,0,0,0,1787209386321.709,False,0,[],0,0,0,2077,0,0,C,0,0,431688712,0,0,0,0,0,0,0,0,0,0,0,2864,0,0,445,561,550
0,0,0,0,0,0,0,0,1057,0,0,0,5,0,0,0,0,0,0,1787209396491.7842,False,0,[],0,0,0,2148,0,0,C,0,0,431688712,0,0,0,0,0,0,0,0,0,0,0,2864,0,0,447,610,560
0,0,0,0,0,0,0,0,1128,0,0,0,5,0,0,0,0,0,0,1787209406745.853,False,0,[],0,0,0,2239,0,0,C,0,0,431688712,0,0,0,0,0,0,0,0,0,0,0,3388,0,0,454,674,570
0,0,0,0,0,0,0,0,1145,0,0,0,5,0,0,0,0,0,0,1787209416885.927,False,0,[],0,0,0,2276,0,0,C,0,0,431688712,0,0,0,0,0,0,0,0,0,0,0,3388,0,0,465,680,580
0,0,0,0,0,0,0,0,1155,0,0,0,5,0,0,0,0,0,0,1787209427013.989,False,0,[],0,0,0,2306,0,0,C,0,0,431688712,0,0,0,0,0,0,0,0,0,0,0,3388,0,0,475,680,590
0,0,0,0,0,0,0,0,1165,0,0,0,5,0,0,0,0,0,0,1787209437143.037,False,0,[],0,0,0,2336,0,0,C,0,0,431688712,0,0,0,0,0,0,0,0,0,0,0,3388,0,0,485,680,600
0,0,0,0,0,0,0,0,1175,0,0,0,5,0,0,0,0,0,0,1787209447284.1338,False,0,[],0,0,0,2366,0,0,C,0,0,431688712,0,0,0,0,0,0,0,0,0,0,0,3388,0,0,495,680,610
0,0,0,0,0,0,0,0,1186,0,0,0,5,0,0,0,0,0,0,1787209457434.184,False,0,[],0,0,0,2397,0,0,C,0,0,431688712,0,0,0,0,0,0,0,0,0,0,0,3388,0,0,506,680,620
0,0,0,0,0,0,0,0,1196,0,0,0,5,0,0,0,0,0,0,1787209467576.233,False,0,[],0,0,0,2426,0,0,C,0,0,431688712,0,0,0,0,0,0,0,0,0,0,0,3388,0,0,516,680,630
0,0,0,0,0,0,0,0,1206,0,0,0,5,0,0,0,0,0,0,1787209477717.32,False,0,[],0,0,0,2456,0,0,C,0,0,431688712,0,0,0,0,0,0,0,0,0,0,0,3388,0,0,526,680,640
0,0,0,0,0,0,0,0,1216,0,0,0,5,0,0,0,0,0,0,1787209487860.38,False,0,[],0,0,0,2486,0,0,C,0,0,431688712,0,0,0,0,0,0,0,0,0,0,0,3388,0,0,536,680,650
0,0,0,0,0,0,0,0,1226,0,0,0,5,0,0,0,0,0,0,1787209498001.445,False,0,[],0,0,0,2516,0,0,C,0,0,431688712,0,0,0,0,0,0,0,0,0,0,0,3388,0,0,546,680,660
0,0,0,0,0,0,0,0,1236,0,0,0,5,0,0,0,0,0,0,1787209508139.513,False,0,[],0,0,0,2546,0,0,C,0,0,431688712,0,0,0,0,0,0,0,0,0,0,0,3388,0,0,556,680,670
0,0,0,0,0,0,0,0,1246,0,0,0,5,0,0,0,0,0,0,1787209518278.5671,False,0,[],0,0,0,2576,0,0,C,0,0,431688712,0,0,0,0,0,0,0,0,0,0,0,3388,0,0,566,680,680
0,0,0,0,0,0,0,0,1257,0,0,0,5,0,0,0,0,0,0,1787209528420.6719,False,0,[],0,0,0,2607,0,0,C,0,0,431688712,0,0,0,0,0,0,0,0,0,0,0,3388,0,0,577,680,690
0,0,0,0,0,0,0,0,1267,0,0,0,5,0,0,0,0,0,0,1787209538559.717,False,0,[],0,0,0,2637,0,0,C,0,0,431688712,0,0,0,0,0,0,0,0,0,0,0,3388,0,0,587,680,700
0,0,0,0,0,0,0,0,1277,0,0,0,5,0,0,0,0,0,0,1787209548698.7551,False,0,[],0,0,0,2666,0,0,C,0,0,431688712,0,0,0,0,0,0,0,0,0,0,0,3388,0,0,597,680,710
0,0,0,0,0,0,0,0,1287,0,0,0,5,0,0,0,0,0,0,1787209558842.865,False,0,[],0,0,0,2696,0,0,C,0,0,431688712,0,0,0,0,0,0,0,0,0,0,0,3388,0,0,607,680,720
0,0,0,0,0,0,0,0,1297,0,0,0,5,0,0,0,0,0,0,1787209568986.896,False,0,[],0,0,0,2726,0,0,C,0,0,431688712,0,0,0,0,0,0,0,0,0,0,0,3388,0,0,617,680,730
0,0,0,0,0,0,0,0,1307,0,0,0,5,0,0,0,0,0,0,1787209579126.027,False,0,[],0,0,0,2756,0,0,C,0,0,431688712,0,0,0,0,0,0,0,0,0,0,0,3388,0,0,627,680,740
0,0,0,0,0,0,0,0,1317,0,0,0,5,0,0,0,0,0,0,1787209589245.1301,False,0,[],0,0,0,2786,0,0,C,0,0,431688712,0,0,0,0,0,0,0,0,0,0,0,3388,0,0,637,680,750
0,0,0,0,0,0,0,0,1328,0,0,0,5,0,0,0,0,0,0,1787209599385.1099,False,0,[],0,0,0,2817,0,0,C,0,0,431688712,0,0,0,0,0,0,0,0,0,0,0,3388,0,0,648,680,760
0,0,0,0,0,0,0,0,1338,0,0,0,5,0,0,0,0,0,0,1787209609512.155,False,0,[],0,0,0,2847,0,0,C,0,0,431688712,0,0,0,0,0,0,0,0,0,0,0,3388,0,0,658,680,770
0,0,0,0,0,0,0,0,1348,0,0,0,5,0,0,0,0,0,0,1787209619658.2551,False,0,[],0,0,0,2877,0,0,C,0,0,431688712,0,0,0,0,0,0,0,0,0,0,0,3388,0,0,668,680,780
0,0,0,0,0,0,0,0,1358,0,0,0,5,0,0,0,0,0,0,1787209629798.319,False,0,[],0,0,0,2906,0,0,C,0,0,431688712,0,0,0,0,0,0,0,0,0,0,0,3388,0,0,678,680,790
0,0,0,0,0,0,0,0,1368,0,0,0,5,0,0,0,0,0,0,1787209639939.383,False,0,[],0,0,0,2936,0,0,C,0,0,431688712,0,0,0,0,0,0,0,0,0,0,0,3388,0,0,688,680,800
0,0,0,0,0,0,0,0,1378,0,0,0,5,0,0,0,0,0,0,1787209650070.461,False,0,[],0,0,0,2966,0,0,C,0,0,431688712,0,0,0,0,0,0,0,0,0,0,0,3388,0,0,698,680,810
0,0,0,0,0,0,0,0,1388,0,0,0,5,0,0,0,0,0,0,1787209660190.495,False,0,[],0,0,0,2996,0,0,C,0,0,431688712,0,0,0,0,0,0,0,0,0,0,0,3388,0,0,708,680,820
0,0,0,0,0,0,0,0,1399,0,0,0,5,0,0,0,0,0,0,1787209670334.5662,False,0,[],0,0,0,3027,0,0,C,0,0,431688712,0,0,0,0,0,0,0,0,0,0,0,3388,0,0,719,680,830
0,0,0,0,0,0,0,0,1409,0,0,0,5,0,0,0,0,0,0,1787209680528.6292,False,0,[],0,0,0,3055,0,0,C,0,0,431688712,0,0,0,0,0,0,0,0,0,0,0,3388,0,0,729,680,840
0,0,0,0,0,0,0,0,1419,0,0,0,5,0,0,0,0,0,0,1787209690669.686,False,0,[],0,0,0,3084,0,0,C,0,0,431688712,0,0,0,0,0,0,0,0,0,0,0,3388,0,0,739,680,850
0,0,0,0,0,0,0,0,1429,0,0,0,5,0,0,0,0,0,0,1787209700815.775,False,0,[],0,0,0,3112,0,0,C,0,0,431688712,0,0,0,0,0,0,0,0,0,0,0,3388,0,0,749,680,860
0,0,0,0,0,0,0,0,1439,0,0,0,5,0,0,0,0,0,0,1787209710998.841,False,0,[],0,0,0,3141,0,0,C,0,0,431688712,0,0,0,0,0,0,0,0,0,0,0,3388,0,0,759,680,870
0,0,0,0,0,0,0,0,1449,0,0,0,5,0,0,0,0,0,0,1787209721156.924,False,0,[],0,0,0,3169,0,0,C,0,0,431688712,0,0,0,0,0,0,0,0,0,0,0,3388,0,0,769,680,880
0,0,0,0,0,0,0,0,1460,0,0,0,5,0,0,0,0,0,0,1787209731460.991,False,0,[],0,0,0,3200,0,0,C,0,0,431688712,0,0,0,0,0,0,0,0,0,0,0,3388,0,0,780,680,890
0,0,0,0,0,0,0,0,1470,0,0,0,5,0,0,0,0,0,0,1787209741707.031,False,0,[],0,0,0,3230,0,0,C,0,0,431688712,0,0,0,0,0,0,0,0,0,0,0,3388,0,0,790,680,900
0,0,0,0,0,0,0,0,1480,0,0,0,5,0,0,0,0,0,0,1787209751923.12,False,0,[],0,0,0,3260,0,0,C,0,0,431688712,0,0,0,0,0,0,0,0,0,0,0,3388,0,0,800,680,910
0,0,0,0,0,0,0,0,1490,0,0,0,5,0,0,0,0,0,0,1787209762144.1938,False,0,[],0,0,0,3290,0,0,C,0,0,431688712,0,0,0,0,0,0,0,0,0,0,0,3388,0,0,810,680,920
0,0,0,0,0,0,0,0,1501,0,0,0,5,0,0,0,0,0,0,1787209772384.2312,False,0,[],0,0,0,3321,0,0,C,0,0,431688712,0,0,0,0,0,0,0,0,0,0,0,3388,0,0,821,680,930
0,0,0,0,0,0,0,0,1511,0,0,0,5,0,0,0,0,0,0,1787209782620.283,False,0,[],0,0,0,3351,0,0,C,0,0,431688712,0,0,0,0,0,0,0,0,0,0,0,3388,0,0,831,680,940
0,0,0,0,0,0,0,0,1521,0,0,0,5,0,0,0,0,0,0,1787209792850.368,False,0,[],0,0,0,3381,0,0,C,0,0,431688712,0,0,0,0,0,0,0,0,0,0,0,3388,0,0,841,680,950
0,0,0,0,0,0,0,0,1569,0,0,0,5,0,0,0,0,0,0,1787209803219.4321,False,0,[],0,0,0,3449,0,0,C,0,0,431688712,0,0,0,0,0,0,0,0,0,0,0,3388,0,0,848,721,960
0,0,0,0,0,0,0,0,1622,0,0,0,5,0,0,0,0,0,0,1787209813366.487,False,0,[],0,0,0,3522,0,0,C,0,0,431688712,0,0,0,0,0,0,0,0,0,0,0,3388,0,0,853,769,970
0,0,0,0,0,0,0,0,1674,0,0,0,5,0,0,0,0,0,0,1787209823664.597,False,0,[],0,0,0,3594,0,0,C,0,0,431688712,0,0,0,0,0,0,0,0,0,0,0,3388,0,0,857,817,980
0,0,0,0,0,0,0,0,1781,0,0,0,7,0,0,0,0,0,0,1787209834110.6082,False,0,[],0,0,0,3721,0,0,C,0,0,431688712,0,0,0,0,0,0,0,0,0,0,0,3627,0,0,867,914,990
0,0,0,0,0,0,0,0,1830,0,0,0,7,0,0,0,0,0,0,1787209844300.674,False,0,[],0,0,0,3789,0,0,C,0,0,431688712,0,0,0,0,0,0,0,0,0,0,0,3627,0,0,870,960,1000
0,0,0,0,0,0,0,0,1888,0,0,0,7,0,0,0,0,0,0,1787209854395.7368,False,0,[],0,0,0,3867,0,0,C,0,0,431688712,0,0,0,0,0,0,0,0,0,0,0,3627,0,0,874,1014,1010
0,0,0,0,0,0,0,0,1932,0,0,0,7,0,0,0,0,0,0,1787209864774.817,False,0,[],0,0,0,3931,0,0,C,0,0,431688712,0,0,0,0,0,0,0,0,0,0,0,3627,0,0,886,1046,1020
0,0,0,0,0,0,0,0,1942,0,0,0,7,0,0,0,0,0,0,1787209875047.923,False,0,[],0,0,0,3961,0,0,C,0,0,431688712,0,0,0,0,0,0,0,0,0,0,0,3627,0,0,896,1046,1030
0,0,0,0,0,0,0,0,1953,0,0,0,7,0,0,0,0,0,0,1787209885354.991,False,0,[],0,0,0,3992,0,0,C,0,0,431688712,0,0,0,0,0,0,0,0,0,0,0,3627,0,0,907,1046,1040
0,0,0,0,0,0,0,0,1963,0,0,0,7,0,0,0,0,0,0,1787209895627.023,False,0,[],0,0,0,4022,0,0,C,0,0,431688712,0,0,0,0,0,0,0,0,0,0,0,3627,0,0,917,1046,1050
0,0,0,0,0,0,0,0,1973,0,0,0,7,0,0,0,0,0,0,1787209905896.095,False,0,[],0,0,0,4052,0,0,C,0,0,431688712,0,0,0,0,0,0,0,0,0,0,0,3627,0,0,927,1046,1060
0,0,0,0,0,0,0,0,1983,0,0,0,7,0,0,0,0,0,0,1787209916156.148,False,0,[],0,0,0,4082,0,0,C,0,0,431688712,0,0,0,0,0,0,0,0,0,0,0,3627,0,0,937,1046,1070
0,0,0,0,0,0,0,0,1994,0,0,0,7,0,0,0,0,0,0,1787209926478.27,False,0,[],0,0,0,4113,0,0,C,0,0,431688712,0,0,0,0,0,0,0,0,0,0,0,3627,0,0,948,1046,1090
0,0,0,0,0,0,0,0,2004,0,0,0,7,0,0,0,0,0,0,1787209936760.318,False,0,[],0,0,0,4143,0,0,C,0,0,431688712,0,0,0,0,0,0,0,0,0,0,0,3627,0,0,958,1046,1100
0,0,0,0,0,0,0,0,2014,0,0,0,7,0,0,0,0,0,0,1787209947036.351,False,0,[],0,0,0,4173,0,0,C,0,0,431688712,0,0,0,0,0,0,0,0,0,0,0,3627,0,0,968,1046,1110
0,0,0,0,0,0,0,0,2025,0,0,0,7,0,0,0,0,0,0,1787209957330.438,False,0,[],0,0,0,4204,0,0,C,0,0,431688712,0,0,0,0,0,0,0,0,0,0,0,3627,0,0,979,1046,1120
0,0,0,0,0,0,0,0,2035,0,0,0,7,0,0,0,0,0,0,1787209967590.492,False,0,[],0,0,0,4234,0,0,C,0,0,431688712,0,0,0,0,0,0,0,0,0,0,0,3627,0,0,989,1046,1130
0,0,0,0,0,0,0,0,2045,0,0,0,7,0,0,0,0,0,0,1787209977856.592,False,0,[],0,0,0,4264,0,0,C,0,0,431688712,0,0,0,0,0,0,0,0,0,0,0,3627,0,0,999,1046,1140
0,0,0,0,0,0,0,0,2055,0,0,0,7,0,0,0,0,0,0,1787209988119.627,False,0,[],0,0,0,4294,0,0,C,0,0,431688712,0,0,0,0,0,0,0,0,0,0,0,3627,0,0,1009,1046,1150
0,0,0,0,0,0,0,0,2066,0,0,0,7,0,0,0,0,0,0,1787209998451.695,False,0,[],0,0,0,4325,0,0,C,0,0,431688712,0,0,0,0,0,0,0,0,0,0,0,3627,0,0,1020,1046,1160
0,0,0,0,0,0,0,0,2076,0,0,0,7,0,0,0,0,0,0,1787210008707.768,False,0,[],0,0,0,4355,0,0,C,0,0,431688712,0,0,0,0,0,0,0,0,0,0,0,3627,0,0,1030,1046,1170
0,0,0,0,0,0,0,0,2086,0,0,0,7,0,0,0,0,0,0,1787210018947.818,False,0,[],0,0,0,4385,0,0,C,0,0,431688712,0,0,0,0,0,0,0,0,0,0,0,3627,0,0,1040,1046,1180
0,0,0,0,0,0,0,0,2096,0,0,0,7,0,0,0,0,0,0,1787210029199.89,False,0,[],0,0,0,4415,0,0,C,0,0,431688712,0,0,0,0,0,0,0,0,0,0,0,3627,0,0,1050,1046,1190
0,0,0,0,0,0,0,0,0,0,0,0,0,0,0,0,0,0,0,1787208839177.146,False,0,[],0,0,0,2,0,0,D,0,0,17433364,0,0,0,0,0,0,0,0,0,0,0,537,0,0,0,0,0
0,0,0,0,0,0,0,0,0,0,0,0,0,0,0,0,0,0,0,1787208849322.19,False,0,[],0,0,0,19,0,0,D,0,0,17433364,0,0,0,0,0,0,0,0,0,0,0,1793,0,0,0,0,10
0,0,0,0,0,0,0,0,0,0,0,0,0,0,0,0,0,0,0,1787208859470.274,False,0,[],0,0,0,39,0,0,D,0,0,17433364,0,0,0,0,0,0,0,0,0,0,0,1811,0,0,0,0,20
0,0,0,0,0,0,0,0,0,0,0,0,0,0,0,0,0,0,0,1787208869612.3308,False,0,[],0,0,0,59,0,0,D,0,0,17433364,0,0,0,0,0,0,0,0,0,0,0,1814,0,0,0,0,30
0,0,0,0,0,0,0,0,0,0,0,0,0,0,0,0,0,0,0,1787208879773.4028,False,0,[],0,0,0,78,0,0,D,0,0,17433364,0,0,0,0,0,0,0,0,0,0,0,1815,0,0,0,0,40
0,0,0,0,0,0,0,0,0,0,0,0,0,0,0,0,0,0,0,1787208889933.454,False,0,[],0,0,0,98,0,0,D,0,0,17433364,0,0,0,0,0,0,0,0,0,0,0,1815,0,0,0,0,50
0,0,0,0,0,0,0,0,0,0,0,0,0,0,0,0,0,0,0,1787208900082.56,False,0,[],0,0,0,118,0,0,D,0,0,17433364,0,0,0,0,0,0,0,0,0,0,0,1817,0,0,0,0,60
0,0,0,0,0,0,0,0,0,0,0,0,0,0,0,0,0,0,0,1787208910246.6099,False,0,[],0,0,0,138,0,0,D,0,0,17433364,0,0,0,0,0,0,0,0,0,0,0,1821,0,0,0,0,70
0,0,0,0,0,0,0,0,0,0,0,0,0,0,0,0,0,0,0,1787208920472.648,False,0,[],0,0,0,158,0,0,D,0,0,17433364,0,0,0,0,0,0,0,0,0,0,0,1826,0,0,0,0,80
0,0,0,0,0,0,0,0,0,0,0,0,0,0,0,0,0,0,0,1787208930580.727,False,0,[],0,0,0,178,0,0,D,0,0,17433364,0,0,0,0,0,0,0,0,0,0,0,1834,0,0,0,0,90
0,0,0,0,0,0,0,0,0,0,0,0,0,0,0,0,0,0,0,1787208940807.824,False,0,[],0,0,0,198,0,0,D,0,0,17433364,0,0,0,0,0,0,0,0,0,0,0,1839,0,0,0,0,100
0,0,0,0,0,0,0,0,0,0,0,0,0,0,0,0,0,0,0,1787208950956.881,False,0,[],0,0,0,218,0,0,D,0,0,17433364,0,0,0,0,0,0,0,0,0,0,0,1841,0,0,0,0,110
0,0,0,0,0,0,0,0,0,0,0,0,0,0,0,0,0,0,0,1787208961063.005,False,0,[],0,0,0,238,0,0,D,0,0,17433364,0,0,0,0,0,0,0,0,0,0,0,1844,0,0,0,0,120
0,0,0,0,0,0,0,0,0,0,0,0,0,0,0,0,0,0,0,1787208971135.002,False,0,[],0,0,0,257,0,0,D,0,0,17433364,0,0,0,0,0,0,0,0,0,0,0,1846,0,0,0,0,130
0,0,0,0,0,0,0,0,0,0,0,0,0,0,0,0,0,0,0,1787208981244.092,False,0,[],0,0,0,277,0,0,D,0,0,17433364,0,0,0,0,0,0,0,0,0,0,0,1847,0,0,0,0,140
0,0,0,0,0,0,0,0,0,0,0,0,0,0,0,0,0,0,0,1787208991346.142,False,0,[],0,0,0,297,0,0,D,0,0,17433364,0,0,0,0,0,0,0,0,0,0,0,1847,0,0,0,0,150
0,0,0,0,0,0,0,0,0,0,0,0,0,0,0,0,0,0,0,1787209001468.2031,False,0,[],0,0,0,317,0,0,D,0,0,17433364,0,0,0,0,0,0,0,0,0,0,0,1847,0,0,0,0,160
0,0,0,0,0,0,0,0,0,0,0,0,0,0,0,0,0,0,0,1787209011590.2751,False,0,[],0,0,0,337,0,0,D,0,0,17433364,0,0,0,0,0,0,0,0,0,0,0,1847,0,0,0,0,170
0,0,0,0,0,0,0,0,0,0,0,0,0,0,0,0,0,0,0,1787209021713.318,False,0,[],0,0,0,357,0,0,D,0,0,17433364,0,0,0,0,0,0,0,0,0,0,0,1849,0,0,0,0,180
0,0,0,0,0,0,0,0,0,0,0,0,0,0,0,0,0,0,0,1787209031806.396,False,0,[],0,0,0,377,0,0,D,0,0,17433364,0,0,0,0,0,0,0,0,0,0,0,1849,0,0,0,0,190
0,0,0,0,0,0,0,0,0,0,0,0,0,0,0,0,0,0,0,1787209041901.4622,False,0,[],0,0,0,397,0,0,D,0,0,17433364,0,0,0,0,0,0,0,0,0,0,0,1849,0,0,0,0,200
0,0,0,0,0,0,0,0,0,0,0,0,0,0,0,0,0,0,0,1787209052003.531,False,0,[],0,0,0,417,0,0,D,0,0,17433364,0,0,0,0,0,0,0,0,0,0,0,1849,0,0,0,0,210
0,0,0,0,0,0,0,0,0,0,0,0,0,0,0,0,0,0,0,1787209062172.621,False,0,[],0,0,0,437,0,0,D,0,0,17433364,0,0,0,0,0,0,0,0,0,0,0,1849,0,0,0,0,220
0,0,0,0,0,0,0,0,0,0,0,0,0,0,0,0,0,0,0,1787209072364.664,False,0,[],0,0,0,456,0,0,D,0,0,17433364,0,0,0,0,0,0,0,0,0,0,0,1849,0,0,0,0,230
0,0,0,0,0,0,0,0,0,0,0,0,0,0,0,0,0,0,0,1787209082549.724,False,0,[],0,0,0,476,0,0,D,0,0,17433364,0,0,0,0,0,0,0,0,0,0,0,1849,0,0,0,0,240
0,0,0,0,0,0,0,0,0,0,0,0,0,0,0,0,0,0,0,1787209092805.788,False,0,[],0,0,0,496,0,0,D,0,0,17433364,0,0,0,0,0,0,0,0,0,0,0,1849,0,0,0,0,250
0,0,0,0,0,0,0,0,0,0,0,0,0,0,0,0,0,0,0,1787209102992.873,False,0,[],0,0,0,516,0,0,D,0,0,17433364,0,0,0,0,0,0,0,0,0,0,0,1849,0,0,0,0,260
0,0,0,0,0,0,0,0,0,0,0,0,0,0,0,0,0,0,0,1787209113158.9192,False,0,[],0,0,0,535,0,0,D,0,0,17433364,0,0,0,0,0,0,0,0,0,0,0,1849,0,0,0,0,270
0,0,0,0,0,0,0,0,0,0,0,0,0,0,0,0,0,0,0,1787209123363.987,False,0,[],0,0,0,555,0,0,D,0,0,17433364,0,0,0,0,0,0,0,0,0,0,0,1849,0,0,0,0,280
0,0,0,0,0,0,0,0,0,0,0,0,0,0,0,0,0,0,0,1787209133577.073,False,0,[],0,0,0,575,0,0,D,0,0,17433364,0,0,0,0,0,0,0,0,0,0,0,1849,0,0,0,0,290
0,0,0,0,0,0,0,0,0,0,0,0,0,0,0,0,0,0,0,1787209143715.1401,False,0,[],0,0,0,595,0,0,D,0,0,17433364,0,0,0,0,0,0,0,0,0,0,0,1849,0,0,0,0,300
0,0,0,0,0,0,0,0,0,0,0,0,0,0,0,0,0,0,0,1787209153860.188,False,0,[],0,0,0,615,0,0,D,0,0,17433364,0,0,0,0,0,0,0,0,0,0,0,1850,0,0,0,0,310
0,0,0,0,0,0,0,0,0,0,0,0,0,0,0,0,0,0,0,1787209164046.243,False,0,[],0,0,0,634,0,0,D,0,0,17433364,0,0,0,0,0,0,0,0,0,0,0,1850,0,0,0,0,320
0,0,0,0,0,0,0,0,0,0,0,0,0,0,0,0,0,0,0,1787209174208.303,False,0,[],0,0,0,654,0,0,D,0,0,17433364,0,0,0,0,0,0,0,0,0,0,0,1850,0,0,0,0,330
0,0,0,0,0,0,0,0,0,0,0,0,0,0,0,0,0,0,0,1787209184435.39,False,0,[],0,0,0,674,0,0,D,0,0,17433364,0,0,0,0,0,0,0,0,0,0,0,1850,0,0,0,0,340
0,0,0,0,0,0,0,0,0,0,0,0,0,0,0,0,0,0,0,1787209194623.483,False,0,[],0,0,0,694,0,0,D,0,0,17433364,0,0,0,0,0,0,0,0,0,0,0,1850,0,0,0,0,350
0,0,0,0,0,0,0,0,0,0,0,0,0,0,0,0,0,0,0,1787209204868.5378,False,0,[],0,0,0,713,0,0,D,0,0,17433364,0,0,0,0,0,0,0,0,0,0,0,1850,0,0,0,0,360
0,0,0,0,0,0,0,0,0,0,0,0,0,0,0,0,0,0,0,1787209215055.5898,False,0,[],0,0,0,733,0,0,D,0,0,17433364,0,0,0,0,0,0,0,0,0,0,0,1850,0,0,0,0,370
0,0,0,0,0,0,0,0,0,0,0,0,0,0,0,0,0,0,0,1787209225261.666,False,0,[],0,0,0,753,0,0,D,0,0,17433364,0,0,0,0,0,0,0,0,0,0,0,1850,0,0,0,0,380
0,0,0,0,0,0,0,0,0,0,0,0,0,0,0,0,0,0,0,1787209235477.736,False,0,[],0,0,0,773,0,0,D,0,0,17433364,0,0,0,0,0,0,0,0,0,0,0,1850,0,0,0,0,390
0,0,0,0,0,0,0,0,0,0,0,0,0,0,0,0,0,0,0,1787209245690.804,False,0,[],0,0,0,793,0,0,D,0,0,17433364,0,0,0,0,0,0,0,0,0,0,0,1850,0,0,0,0,400
0,0,0,0,0,0,0,0,0,0,0,0,0,0,0,0,0,0,0,1787209255826.8481,False,0,[],0,0,0,812,0,0,D,0,0,17433364,0,0,0,0,0,0,0,0,0,0,0,1850,0,0,0,0,410
0,0,0,0,0,0,0,0,0,0,0,0,0,0,0,0,0,0,0,1787209266061.938,False,0,[],0,0,0,832,0,0,D,0,0,17433364,0,0,0,0,0,0,0,0,0,0,0,1850,0,0,0,0,420
0,0,0,0,0,0,0,0,0,0,0,0,0,0,0,0,0,0,0,1787209276210.994,False,0,[],0,0,0,852,0,0,D,0,0,17433364,0,0,0,0,0,0,0,0,0,0,0,1850,0,0,0,0,430
0,0,0,0,0,0,0,0,0,0,0,0,0,0,0,0,0,0,0,1787209286428.083,False,0,[],0,0,0,872,0,0,D,0,0,17433364,0,0,0,0,0,0,0,0,0,0,0,1850,0,0,0,0,450
0,0,0,0,0,0,0,0,0,0,0,0,0,0,0,0,0,0,0,1787209296647.1418,False,0,[],0,0,0,892,0,0,D,0,0,17433364,0,0,0,0,0,0,0,0,0,0,0,1850,0,0,0,0,460
0,0,0,0,0,0,0,0,0,0,0,0,0,0,0,0,0,0,0,1787209306832.184,False,0,[],0,0,0,911,0,0,D,0,0,17433364,0,0,0,0,0,0,0,0,0,0,0,1851,0,0,0,0,470
0,0,0,0,0,0,0,0,0,0,0,0,0,0,0,0,0,0,0,1787209317032.2349,False,0,[],0,0,0,931,0,0,D,0,0,17433364,0,0,0,0,0,0,0,0,0,0,0,1851,0,0,0,0,480
0,0,0,0,0,0,0,0,0,0,0,0,0,0,0,0,0,0,0,1787209327220.305,False,0,[],0,0,0,951,0,0,D,0,0,17433364,0,0,0,0,0,0,0,0,0,0,0,1851,0,0,0,0,490
0,0,0,0,0,0,0,0,0,0,0,0,0,0,0,0,0,0,0,1787209337400.375,False,0,[],0,0,0,971,0,0,D,0,0,17433364,0,0,0,0,0,0,0,0,0,0,0,1851,0,0,0,0,500
0,0,0,0,0,0,0,0,0,0,0,0,0,0,0,0,0,0,0,1787209347587.524,False,0,[],0,0,0,991,0,0,D,0,0,17433364,0,0,0,0,0,0,0,0,0,0,0,1851,0,0,0,0,510
0,0,0,0,0,0,0,0,0,0,0,0,0,0,0,0,0,0,0,1787209357775.509,False,0,[],0,0,0,1011,0,0,D,0,0,17433364,0,0,0,0,0,0,0,0,0,0,0,1854,0,0,0,0,520
0,0,0,0,0,0,0,0,0,0,0,0,0,0,0,0,0,0,0,1787209367986.574,False,0,[],0,0,0,1030,0,0,D,0,0,17433364,0,0,0,0,0,0,0,0,0,0,0,1855,0,0,0,0,530
0,0,0,0,0,0,0,0,0,0,0,0,0,0,0,0,0,0,0,1787209378028.734,False,0,[],0,0,0,1050,0,0,D,0,0,17433364,0,0,0,0,0,0,0,0,0,0,0,1856,0,0,0,0,540
0,0,0,0,0,0,0,0,0,0,0,0,0,0,0,0,0,0,0,1787209388161.754,False,0,[],0,0,0,1070,0,0,D,0,0,17433364,0,0,0,0,0,0,0,0,0,0,0,1856,0,0,0,0,550
0,0,0,0,0,0,0,0,0,0,0,0,0,0,0,0,0,0,0,1787209398380.796,False,0,[],0,0,0,1089,0,0,D,0,0,17433364,0,0,0,0,0,0,0,0,0,0,0,1858,0,0,0,0,560
0,0,0,0,0,0,0,0,0,0,0,0,0,0,0,0,0,0,0,1787209408605.867,False,0,[],0,0,0,1106,0,0,D,0,0,17433364,0,0,0,0,0,0,0,0,0,0,0,1858,0,0,0,0,570
0,0,0,0,0,0,0,0,0,0,0,0,0,0,0,0,0,0,0,1787209418829.9219,False,0,[],0,0,0,1124,0,0,D,0,0,17433364,0,0,0,0,0,0,0,0,0,0,0,1858,0,0,0,0,580
0,0,0,0,0,0,0,0,0,0,0,0,0,0,0,0,0,0,0,1787209429151.0051,False,0,[],0,0,0,1142,0,0,D,0,0,17433364,0,0,0,0,0,0,0,0,0,0,0,1858,0,0,0,0,590
0,0,0,0,0,0,0,0,0,0,0,0,0,0,0,0,0,0,0,1787209439569.072,False,0,[],0,0,0,1162,0,0,D,0,0,17433364,0,0,0,0,0,0,0,0,0,0,0,1858,0,0,0,0,600
0,0,0,0,0,0,0,0,0,0,0,0,0,0,0,0,0,0,0,1787209449930.124,False,0,[],0,0,0,1182,0,0,D,0,0,17433364,0,0,0,0,0,0,0,0,0,0,0,1858,0,0,0,0,610
0,0,0,0,0,0,0,0,0,0,0,0,0,0,0,0,0,0,0,1787209460306.202,False,0,[],0,0,0,1202,0,0,D,0,0,17433364,0,0,0,0,0,0,0,0,0,0,0,1858,0,0,0,0,620
0,0,0,0,0,0,0,0,0,0,0,0,0,0,0,0,0,0,0,1787209470714.247,False,0,[],0,0,0,1222,0,0,D,0,0,17433364,0,0,0,0,0,0,0,0,0,0,0,1858,0,0,0,0,630
0,0,0,0,0,0,0,0,0,0,0,0,0,0,0,0,0,0,0,1787209481131.344,False,0,[],0,0,0,1242,0,0,D,0,0,17433364,0,0,0,0,0,0,0,0,0,0,0,1858,0,0,0,0,640
0,0,0,0,0,0,0,0,0,0,0,0,0,0,0,0,0,0,0,1787209491475.407,False,0,[],0,0,0,1262,0,0,D,0,0,17433364,0,0,0,0,0,0,0,0,0,0,0,1858,0,0,0,0,650
0,0,0,0,0,0,0,0,0,0,0,0,0,0,0,0,0,0,0,1787209501825.451,False,0,[],0,0,0,1282,0,0,D,0,0,17433364,0,0,0,0,0,0,0,0,0,0,0,1858,0,0,0,0,660
0,0,0,0,0,0,0,0,0,0,0,0,0,0,0,0,0,0,0,1787209512243.52,False,0,[],0,0,0,1302,0,0,D,0,0,17433364,0,0,0,0,0,0,0,0,0,0,0,1858,0,0,0,0,670
0,0,0,0,0,0,0,0,0,0,0,0,0,0,0,0,0,0,0,1787209522578.5972,False,0,[],0,0,0,1322,0,0,D,0,0,17433364,0,0,0,0,0,0,0,0,0,0,0,1858,0,0,0,0,680
0,0,0,0,0,0,0,0,0,0,0,0,0,0,0,0,0,0,0,1787209533028.6738,False,0,[],0,0,0,1342,0,0,D,0,0,17433364,0,0,0,0,0,0,0,0,0,0,0,1858,0,0,0,0,690
0,0,0,0,0,0,0,0,0,0,0,0,0,0,0,0,0,0,0,1787209543426.7139,False,0,[],0,0,0,1362,0,0,D,0,0,17433364,0,0,0,0,0,0,0,0,0,0,0,1858,0,0,0,0,700
0,0,0,0,0,0,0,0,0,0,0,0,0,0,0,0,0,0,0,1787209553754.801,False,0,[],0,0,0,1382,0,0,D,0,0,17433364,0,0,0,0,0,0,0,0,0,0,0,1858,0,0,0,0,710
0,0,0,0,0,0,0,0,0,0,0,0,0,0,0,0,0,0,0,1787209564168.864,False,0,[],0,0,0,1402,0,0,D,0,0,17433364,0,0,0,0,0,0,0,0,0,0,0,1858,0,0,0,0,720
0,0,0,0,0,0,0,0,0,0,0,0,0,0,0,0,0,0,0,1787209574596.0168,False,0,[],0,0,0,1422,0,0,D,0,0,17433364,0,0,0,0,0,0,0,0,0,0,0,1858,0,0,0,0,730
0,0,0,0,0,0,0,0,0,0,0,0,0,0,0,0,0,0,0,1787209584938.0269,False,0,[],0,0,0,1442,0,0,D,0,0,17433364,0,0,0,0,0,0,0,0,0,0,0,1860,0,0,0,0,740
0,0,0,0,0,0,0,0,0,0,0,0,0,0,0,0,0,0,0,1787209595340.104,False,0,[],0,0,0,1462,0,0,D,0,0,17433364,0,0,0,0,0,0,0,0,0,0,0,1860,0,0,0,0,750
0,0,0,0,0,0,0,0,0,0,0,0,0,0,0,0,0,0,0,1787209605632.198,False,0,[],0,0,0,1482,0,0,D,0,0,17433364,0,0,0,0,0,0,0,0,0,0,0,1860,0,0,0,0,760
0,0,0,0,0,0,0,0,0,0,0,0,0,0,0,0,0,0,0,1787209616015.228,False,0,[],0,0,0,1502,0,0,D,0,0,17433364,0,0,0,0,0,0,0,0,0,0,0,1860,0,0,0,0,770
0,0,0,0,0,0,0,0,0,0,0,0,0,0,0,0,0,0,0,1787209626357.27,False,0,[],0,0,0,1522,0,0,D,0,0,17433364,0,0,0,0,0,0,0,0,0,0,0,1860,0,0,0,0,790
0,0,0,0,0,0,0,0,0,0,0,0,0,0,0,0,0,0,0,1787209636723.353,False,0,[],0,0,0,1542,0,0,D,0,0,17433364,0,0,0,0,0,0,0,0,0,0,0,1860,0,0,0,0,800
0,0,0,0,0,0,0,0,0,0,0,0,0,0,0,0,0,0,0,1787209647084.4,False,0,[],0,0,0,1562,0,0,D,0,0,17433364,0,0,0,0,0,0,0,0,0,0,0,1860,0,0,0,0,810
0,0,0,0,0,0,0,0,0,0,0,0,0,0,0,0,0,0,0,1787209657471.487,False,0,[],0,0,0,1582,0,0,D,0,0,17433364,0,0,0,0,0,0,0,0,0,0,0,1860,0,0,0,0,820
0,0,0,0,0,0,0,0,0,0,0,0,0,0,0,0,0,0,0,1787209667811.532,False,0,[],0,0,0,1602,0,0,D,0,0,17433364,0,0,0,0,0,0,0,0,0,0,0,1860,0,0,0,0,830
0,0,0,0,0,0,0,0,0,0,0,0,0,0,0,0,0,0,0,1787209678177.625,False,0,[],0,0,0,1622,0,0,D,0,0,17433364,0,0,0,0,0,0,0,0,0,0,0,1860,0,0,0,0,840
0,0,0,0,0,0,0,0,0,0,0,0,0,0,0,0,0,0,0,1787209688553.715,False,0,[],0,0,0,1642,0,0,D,0,0,17433364,0,0,0,0,0,0,0,0,0,0,0,1860,0,0,0,0,850
0,0,0,0,0,0,0,0,0,0,0,0,0,0,0,0,0,0,0,1787209698933.7349,False,0,[],0,0,0,1662,0,0,D,0,0,17433364,0,0,0,0,0,0,0,0,0,0,0,1860,0,0,0,0,860
0,0,0,0,0,0,0,0,0,0,0,0,0,0,0,0,0,0,0,1787209709279.841,False,0,[],0,0,0,1682,0,0,D,0,0,17433364,0,0,0,0,0,0,0,0,0,0,0,1860,0,0,0,0,870
0,0,0,0,0,0,0,0,0,0,0,0,0,0,0,0,0,0,0,1787209719648.904,False,0,[],0,0,0,1702,0,0,D,0,0,17433364,0,0,0,0,0,0,0,0,0,0,0,1860,0,0,0,0,880
0,0,0,0,0,0,0,0,0,0,0,0,0,0,0,0,0,0,0,1787209730036.978,False,0,[],0,0,0,1722,0,0,D,0,0,17433364,0,0,0,0,0,0,0,0,0,0,0,1860,0,0,0,0,890
0,0,0,0,0,0,0,0,0,0,0,0,0,0,0,0,0,0,0,1787209740348.0352,False,0,[],0,0,0,1742,0,0,D,0,0,17433364,0,0,0,0,0,0,0,0,0,0,0,1860,0,0,0,0,900
0,0,0,0,0,0,0,0,0,0,0,0,0,0,0,0,0,0,0,1787209750677.1099,False,0,[],0,0,0,1762,0,0,D,0,0,17433364,0,0,0,0,0,0,0,0,0,0,0,1860,0,0,0,0,910
0,0,0,0,0,0,0,0,0,0,0,0,0,0,0,0,0,0,0,1787209760975.148,False,0,[],0,0,0,1782,0,0,D,0,0,17433364,0,0,0,0,0,0,0,0,0,0,0,1860,0,0,0,0,920
0,0,0,0,0,0,0,0,0,0,0,0,0,0,0,0,0,0,0,1787209771280.242,False,0,[],0,0,0,1802,0,0,D,0,0,17433364,0,0,0,0,0,0,0,0,0,0,0,1860,0,0,0,0,930
0,0,0,0,0,0,0,0,0,0,0,0,0,0,0,0,0,0,0,1787209781615.289,False,0,[],0,0,0,1822,0,0,D,0,0,17433364,0,0,0,0,0,0,0,0,0,0,0,1860,0,0,0,0,940
0,0,0,0,0,0,0,0,0,0,0,0,0,0,0,0,0,0,0,1787209791916.433,False,0,[],0,0,0,1842,0,0,D,0,0,17433364,0,0,0,0,0,0,0,0,0,0,0,1860,0,0,0,0,950
0,0,0,0,0,0,0,0,0,0,0,0,0,0,0,0,0,0,0,1787209802277.452,False,0,[],0,0,0,1862,0,0,D,0,0,17433364,0,0,0,0,0,0,0,0,0,0,0,1860,0,0,0,0,960
0,0,0,0,0,0,0,0,0,0,0,0,0,0,0,0,0,0,0,1787209812611.5068,False,0,[],0,0,0,1882,0,0,D,0,0,17433364,0,0,0,0,0,0,0,0,0,0,0,1860,0,0,0,0,970
0,0,0,0,0,0,0,0,0,0,0,0,0,0,0,0,0,0,0,1787209822755.538,False,0,[],0,0,0,1904,0,0,D,0,0,17433364,0,0,0,0,0,0,0,0,0,0,0,1861,0,0,0,0,980
0,0,0,0,0,0,0,0,0,0,0,0,0,0,0,0,0,0,0,1787209833118.608,False,0,[],0,0,0,1922,0,0,D,0,0,17433364,0,0,0,0,0,0,0,0,0,0,0,1861,0,0,0,0,990
0,0,0,0,0,0,0,0,0,0,0,0,0,0,0,0,0,0,0,1787209843430.717,False,0,[],0,0,0,1942,0,0,D,0,0,17433364,0,0,0,0,0,0,0,0,0,0,0,1863,0,0,0,0,1000
0,0,0,0,0,0,0,0,0,0,0,0,0,0,0,0,0,0,0,1787209853746.771,False,0,[],0,0,0,1962,0,0,D,0,0,17433364,0,0,0,0,0,0,0,0,0,0,0,1864,0,0,0,0,1010
0,0,0,0,0,0,0,0,0,0,0,0,0,0,0,0,0,0,0,1787209864143.815,False,0,[],0,0,0,1982,0,0,D,0,0,17433364,0,0,0,0,0,0,0,0,0,0,0,1864,0,0,0,0,1020
0,0,0,0,0,0,0,0,0,0,0,0,0,0,0,0,0,0,0,1787209874517.8882,False,0,[],0,0,0,2002,0,0,D,0,0,17433364,0,0,0,0,0,0,0,0,0,0,0,1864,0,0,0,0,1030
0,0,0,0,0,0,0,0,0,0,0,0,0,0,0,0,0,0,0,1787209884894.9412,False,0,[],0,0,0,2022,0,0,D,0,0,17433364,0,0,0,0,0,0,0,0,0,0,0,1864,0,0,0,0,1040
0,0,0,0,0,0,0,0,0,0,0,0,0,0,0,0,0,0,0,1787209895287.04,False,0,[],0,0,0,2042,0,0,D,0,0,17433364,0,0,0,0,0,0,0,0,0,0,0,1864,0,0,0,0,1050
0,0,0,0,0,0,0,0,0,0,0,0,0,0,0,0,0,0,0,1787209905626.075,False,0,[],0,0,0,2062,0,0,D,0,0,17433364,0,0,0,0,0,0,0,0,0,0,0,1865,0,0,0,0,1060
0,0,0,0,0,0,0,0,0,0,0,0,0,0,0,0,0,0,0,1787209915984.207,False,0,[],0,0,0,2082,0,0,D,0,0,17433364,0,0,0,0,0,0,0,0,0,0,0,1865,0,0,0,0,1070
0,0,0,0,0,0,0,0,0,0,0,0,0,0,0,0,0,0,0,1787209926362.215,False,0,[],0,0,0,2102,0,0,D,0,0,17433364,0,0,0,0,0,0,0,0,0,0,0,1865,0,0,0,0,1090
0,0,0,0,0,0,0,0,0,0,0,0,0,0,0,0,0,0,0,1787209936730.321,False,0,[],0,0,0,2122,0,0,D,0,0,17433364,0,0,0,0,0,0,0,0,0,0,0,1865,0,0,0,0,1100
0,0,0,0,0,0,0,0,0,0,0,0,0,0,0,0,0,0,0,1787209947106.3909,False,0,[],0,0,0,2142,0,0,D,0,0,17433364,0,0,0,0,0,0,0,0,0,0,0,1865,0,0,0,0,1110
0,0,0,0,0,0,0,0,0,0,0,0,0,0,0,0,0,0,0,1787209957466.441,False,0,[],0,0,0,2162,0,0,D,0,0,17433364,0,0,0,0,0,0,0,0,0,0,0,1865,0,0,0,0,1120
0,0,0,0,0,0,0,0,0,0,0,0,0,0,0,0,0,0,0,1787209967823.4749,False,0,[],0,0,0,2182,0,0,D,0,0,17433364,0,0,0,0,0,0,0,0,0,0,0,1865,0,0,0,0,1130
0,0,0,0,0,0,0,0,0,0,0,0,0,0,0,0,0,0,0,1787209978152.553,False,0,[],0,0,0,2202,0,0,D,0,0,17433364,0,0,0,0,0,0,0,0,0,0,0,1865,0,0,0,0,1140
0,0,0,0,0,0,0,0,0,0,0,0,0,0,0,0,0,0,0,1787209988517.615,False,0,[],0,0,0,2222,0,0,D,0,0,17433364,0,0,0,0,0,0,0,0,0,0,0,1865,0,0,0,0,1150
0,0,0,0,0,0,0,0,0,0,0,0,0,0,0,0,0,0,0,1787209998858.715,False,0,[],0,0,0,2242,0,0,D,0,0,17433364,0,0,0,0,0,0,0,0,0,0,0,1865,0,0,0,0,1160
0,0,0,0,0,0,0,0,0,0,0,0,0,0,0,0,0,0,0,1787210009271.795,False,0,[],0,0,0,2262,0,0,D,0,0,17433364,0,0,0,0,0,0,0,0,0,0,0,1865,0,0,0,0,1170
0,0,0,0,0,0,0,0,0,0,0,0,0,0,0,0,0,0,0,1787210019600.834,False,0,[],0,0,0,2282,0,0,D,0,0,17433364,0,0,0,0,0,0,0,0,0,0,0,1865,0,0,0,0,1180
0,0,0,0,0,0,0,0,0,0,0,0,0,0,0,0,0,0,0,1787210029954.905,False,0,[],0,0,0,2302,0,0,D,0,0,17433364,0,0,0,0,0,0,0,0,0,0,0,1865,0,0,0,0,1190
0,0,0,0,0,0,0,0,0,0,0,0,0,0,0,0,0,0,0,1787208840028.816,False,0,[],0,0,0,2,0,0,E,0,0,2832324553,0,0,0,0,0,0,0,0,0,0,0,539,0,0,0,0,0
0,0,0,0,0,0,0,0,0,0,0,0,0,0,0,0,0,0,0,1787208850176.899,False,0,[],0,0,0,18,0,0,E,0,0,2832324553,0,0,0,0,0,0,0,0,0,0,0,1794,0,0,0,0,10
0,0,0,0,0,0,0,0,0,0,0,0,0,0,0,0,0,0,0,1787208860345.9421,False,0,[],0,0,0,38,0,0,E,0,0,2832324553,0,0,0,0,0,0,0,0,0,0,0,1812,0,0,0,0,20
0,0,0,0,0,0,0,0,0,0,0,0,0,0,0,0,0,0,0,1787208870497.002,False,0,[],0,0,0,58,0,0,E,0,0,2832324553,0,0,0,0,0,0,0,0,0,0,0,1814,0,0,0,0,30
0,0,0,0,0,0,0,0,0,0,0,0,0,0,0,0,0,0,0,1787208880645.0989,False,0,[],0,0,0,78,0,0,E,0,0,2832324553,0,0,0,0,0,0,0,0,0,0,0,1815,0,0,0,0,40
0,0,0,0,0,0,0,0,0,0,0,0,0,0,0,0,0,0,0,1787208890795.1702,False,0,[],0,0,0,97,0,0,E,0,0,2832324553,0,0,0,0,0,0,0,0,0,0,0,1816,0,0,0,0,50
0,0,0,0,0,0,0,0,0,0,0,0,0,0,0,0,0,0,0,1787208900984.197,False,0,[],0,0,0,117,0,0,E,0,0,2832324553,0,0,0,0,0,0,0,0,0,0,0,1817,0,0,0,0,60
0,0,0,0,0,0,0,0,0,0,0,0,0,0,0,0,0,0,0,1787208911144.267,False,0,[],0,0,0,137,0,0,E,0,0,2832324553,0,0,0,0,0,0,0,0,0,0,0,1822,0,0,0,0,70
0,0,0,0,0,0,0,0,0,0,0,0,0,0,0,0,0,0,0,1787208921311.431,False,0,[],0,0,0,157,0,0,E,0,0,2832324553,0,0,0,0,0,0,0,0,0,0,0,1826,0,0,0,0,80
0,0,0,0,0,0,0,0,0,0,0,0,0,0,0,0,0,0,0,1787208931437.439,False,0,[],0,0,0,177,0,0,E,0,0,2832324553,0,0,0,0,0,0,0,0,0,0,0,1833,0,0,0,0,90
0,0,0,0,0,0,0,0,0,0,0,0,0,0,0,0,0,0,0,1787208941596.4912,False,0,[],0,0,0,197,0,0,E,0,0,2832324553,0,0,0,0,0,0,0,0,0,0,0,1837,0,0,0,0,100
0,0,0,0,0,0,0,0,0,0,0,0,0,0,0,0,0,0,0,1787208951814.569,False,0,[],0,0,0,216,0,0,E,0,0,2832324553,0,0,0,0,0,0,0,0,0,0,0,1838,0,0,0,0,110
0,0,0,0,0,0,0,0,0,0,0,0,0,0,0,0,0,0,0,1787208961982.645,False,0,[],0,0,0,236,0,0,E,0,0,2832324553,0,0,0,0,0,0,0,0,0,0,0,1844,0,0,0,0,120
0,0,0,0,0,0,0,0,0,0,0,0,0,0,0,0,0,0,0,1787208972211.687,False,0,[],0,0,0,256,0,0,E,0,0,2832324553,0,0,0,0,0,0,0,0,0,0,0,1848,0,0,0,0,130
0,0,0,0,0,0,0,0,0,0,0,0,0,0,0,0,0,0,0,1787208982432.7322,False,0,[],0,0,0,276,0,0,E,0,0,2832324553,0,0,0,0,0,0,0,0,0,0,0,1848,0,0,0,0,140
0,0,0,0,0,0,0,0,0,0,0,0,0,0,0,0,0,0,0,1787208992618.798,False,0,[],0,0,0,296,0,0,E,0,0,2832324553,0,0,0,0,0,0,0,0,0,0,0,1848,0,0,0,0,150
0,0,0,0,0,0,0,0,0,0,0,0,0,0,0,0,0,0,0,1787209002841.871,False,0,[],0,0,0,316,0,0,E,0,0,2832324553,0,0,0,0,0,0,0,0,0,0,0,1848,0,0,0,0,160
0,0,0,0,0,0,0,0,0,0,0,0,0,0,0,0,0,0,0,1787209013032.959,False,0,[],0,0,0,336,0,0,E,0,0,2832324553,0,0,0,0,0,0,0,0,0,0,0,1848,0,0,0,0,170
0,0,0,0,0,0,0,0,0,0,0,0,0,0,0,0,0,0,0,1787209023264.018,False,0,[],0,0,0,355,0,0,E,0,0,2832324553,0,0,0,0,0,0,0,0,0,0,0,1848,0,0,0,0,180
0,0,0,0,0,0,0,0,0,0,0,0,0,0,0,0,0,0,0,1787209033486.0771,False,0,[],0,0,0,375,0,0,E,0,0,2832324553,0,0,0,0,0,0,0,0,0,0,0,1848,0,0,0,0,190
0,0,0,0,0,0,0,0,0,0,0,0,0,0,0,0,0,0,0,1787209043707.149,False,0,[],0,0,0,395,0,0,E,0,0,2832324553,0,0,0,0,0,0,0,0,0,0,0,1848,0,0,0,0,200
0,0,0,0,0,0,0,0,0,0,0,0,0,0,0,0,0,0,0,1787209053928.204,False,0,[],0,0,0,415,0,0,E,0,0,2832324553,0,0,0,0,0,0,0,0,0,0,0,1848,0,0,0,0,210
0,0,0,0,0,0,0,0,0,0,0,0,0,0,0,0,0,0,0,1787209064130.2942,False,0,[],0,0,0,435,0,0,E,0,0,2832324553,0,0,0,0,0,0,0,0,0,0,0,1848,0,0,0,0,220
0,0,0,0,0,0,0,0,0,0,0,0,0,0,0,0,0,0,0,1787209074335.352,False,0,[],0,0,0,454,0,0,E,0,0,2832324553,0,0,0,0,0,0,0,0,0,0,0,1848,0,0,0,0,230
0,0,0,0,0,0,0,0,0,0,0,0,0,0,0,0,0,0,0,1787209084533.406,False,0,[],0,0,0,474,0,0,E,0,0,2832324553,0,0,0,0,0,0,0,0,0,0,0,1848,0,0,0,0,240
0,0,0,0,0,0,0,0,0,0,0,0,0,0,0,0,0,0,0,1787209094714.479,False,0,[],0,0,0,494,0,0,E,0,0,2832324553,0,0,0,0,0,0,0,0,0,0,0,1848,0,0,0,0,250
0,0,0,0,0,0,0,0,0,0,0,0,0,0,0,0,0,0,0,1787209104911.5479,False,0,[],0,0,0,514,0,0,E,0,0,2832324553,0,0,0,0,0,0,0,0,0,0,0,1848,0,0,0,0,260
0,0,0,0,0,0,0,0,0,0,0,0,0,0,0,0,0,0,0,1787209115113.618,False,0,[],0,0,0,534,0,0,E,0,0,2832324553,0,0,0,0,0,0,0,0,0,0,0,1848,0,0,0,0,270
0,0,0,0,0,0,0,0,0,0,0,0,0,0,0,0,0,0,0,1787209125321.676,False,0,[],0,0,0,554,0,0,E,0,0,2832324553,0,0,0,0,0,0,0,0,0,0,0,1848,0,0,0,0,280
0,0,0,0,0,0,0,0,0,0,0,0,0,0,0,0,0,0,0,1787209135521.748,False,0,[],0,0,0,573,0,0,E,0,0,2832324553,0,0,0,0,0,0,0,0,0,0,0,1848,0,0,0,0,290
0,0,0,0,0,0,0,0,0,0,0,0,0,0,0,0,0,0,0,1787209145679.802,False,0,[],0,0,0,593,0,0,E,0,0,2832324553,0,0,0,0,0,0,0,0,0,0,0,1848,0,0,0,0,300
0,0,0,0,0,0,0,0,0,0,0,0,0,0,0,0,0,0,0,1787209155863.897,False,0,[],0,0,0,613,0,0,E,0,0,2832324553,0,0,0,0,0,0,0,0,0,0,0,1848,0,0,0,0,310
0,0,0,0,0,0,0,0,0,0,0,0,0,0,0,0,0,0,0,1787209166053.934,False,0,[],0,0,0,633,0,0,E,0,0,2832324553,0,0,0,0,0,0,0,0,0,0,0,1848,0,0,0,0,320
0,0,0,0,0,0,0,0,0,0,0,0,0,0,0,0,0,0,0,1787209176205.998,False,0,[],0,0,0,653,0,0,E,0,0,2832324553,0,0,0,0,0,0,0,0,0,0,0,1848,0,0,0,0,330
0,0,0,0,0,0,0,0,0,0,0,0,0,0,0,0,0,0,0,1787209186406.07,False,0,[],0,0,0,672,0,0,E,0,0,2832324553,0,0,0,0,0,0,0,0,0,0,0,1848,0,0,0,0,350
0,0,0,0,0,0,0,0,0,0,0,0,0,0,0,0,0,0,0,1787209196606.14,False,0,[],0,0,0,692,0,0,E,0,0,2832324553,0,0,0,0,0,0,0,0,0,0,0,1848,0,0,0,0,360
0,0,0,0,0,0,0,0,0,0,0,0,0,0,0,0,0,0,0,1787209206803.216,False,0,[],0,0,0,712,0,0,E,0,0,2832324553,0,0,0,0,0,0,0,0,0,0,0,1848,0,0,0,0,370
0,0,0,0,0,0,0,0,0,0,0,0,0,0,0,0,0,0,0,1787209217003.277,False,0,[],0,0,0,732,0,0,E,0,0,2832324553,0,0,0,0,0,0,0,0,0,0,0,1848,0,0,0,0,380
0,0,0,0,0,0,0,0,0,0,0,0,0,0,0,0,0,0,0,1787209227180.366,False,0,[],0,0,0,752,0,0,E,0,0,2832324553,0,0,0,0,0,0,0,0,0,0,0,1848,0,0,0,0,390
0,0,0,0,0,0,0,0,0,0,0,0,0,0,0,0,0,0,0,1787209237381.4421,False,0,[],0,0,0,772,0,0,E,0,0,2832324553,0,0,0,0,0,0,0,0,0,0,0,1848,0,0,0,0,400
0,0,0,0,0,0,0,0,0,0,0,0,0,0,0,0,0,0,0,1787209247584.495,False,0,[],0,0,0,791,0,0,E,0,0,2832324553,0,0,0,0,0,0,0,0,0,0,0,1848,0,0,0,0,410
0,0,0,0,0,0,0,0,0,0,0,0,0,0,0,0,0,0,0,1787209257767.543,False,0,[],0,0,0,811,0,0,E,0,0,2832324553,0,0,0,0,0,0,0,0,0,0,0,1848,0,0,0,0,420
0,0,0,0,0,0,0,0,0,0,0,0,0,0,0,0,0,0,0,1787209267967.654,False,0,[],0,0,0,831,0,0,E,0,0,2832324553,0,0,0,0,0,0,0,0,0,0,0,1848,0,0,0,0,430
0,0,0,0,0,0,0,0,0,0,0,0,0,0,0,0,0,0,0,1787209278077.69,False,0,[],0,0,0,851,0,0,E,0,0,2832324553,0,0,0,0,0,0,0,0,0,0,0,1848,0,0,0,0,440
0,0,0,0,0,0,0,0,0,0,0,0,0,0,0,0,0,0,0,1787209288175.7432,False,0,[],0,0,0,871,0,0,E,0,0,2832324553,0,0,0,0,0,0,0,0,0,0,0,1848,0,0,0,0,450
0,0,0,0,0,0,0,0,0,0,0,0,0,0,0,0,0,0,0,1787209298380.841,False,0,[],0,0,0,891,0,0,E,0,0,2832324553,0,0,0,0,0,0,0,0,0,0,0,1848,0,0,0,0,460
0,0,0,0,0,0,0,0,0,0,0,0,0,0,0,0,0,0,0,1787209308552.877,False,0,[],0,0,0,910,0,0,E,0,0,2832324553,0,0,0,0,0,0,0,0,0,0,0,1848,0,0,0,0,470
0,0,0,0,0,0,0,0,0,0,0,0,0,0,0,0,0,0,0,1787209318749.937,False,0,[],0,0,0,930,0,0,E,0,0,2832324553,0,0,0,0,0,0,0,0,0,0,0,1848,0,0,0,0,480
0,0,0,0,0,0,0,0,0,0,0,0,0,0,0,0,0,0,0,1787209328951.031,False,0,[],0,0,0,950,0,0,E,0,0,2832324553,0,0,0,0,0,0,0,0,0,0,0,1848,0,0,0,0,490
0,0,0,0,0,0,0,0,0,0,0,0,0,0,0,0,0,0,0,1787209339156.089,False,0,[],0,0,0,970,0,0,E,0,0,2832324553,0,0,0,0,0,0,0,0,0,0,0,1848,0,0,0,0,500
0,0,0,0,0,0,0,0,0,0,0,0,0,0,0,0,0,0,0,1787209349347.142,False,0,[],0,0,0,990,0,0,E,0,0,2832324553,0,0,0,0,0,0,0,0,0,0,0,1848,0,0,0,0,510
0,0,0,0,0,0,0,0,0,0,0,0,0,0,0,0,0,0,0,1787209359533.213,False,0,[],0,0,0,1010,0,0,E,0,0,2832324553,0,0,0,0,0,0,0,0,0,0,0,1853,0,0,0,0,520
0,0,0,0,0,0,0,0,0,0,0,0,0,0,0,0,0,0,0,1787209369681.275,False,0,[],0,0,0,1030,0,0,E,0,0,2832324553,0,0,0,0,0,0,0,0,0,0,0,1854,0,0,0,0,530
0,0,0,0,0,0,0,0,0,0,0,0,0,0,0,0,0,0,0,1787209379813.343,False,0,[],0,0,0,1049,0,0,E,0,0,2832324553,0,0,0,0,0,0,0,0,0,0,0,1854,0,0,0,0,540
0,0,0,0,0,0,0,0,0,0,0,0,0,0,0,0,0,0,0,1787209389851.4048,False,0,[],0,0,0,1069,0,0,E,0,0,2832324553,0,0,0,0,0,0,0,0,0,0,0,1856,0,0,0,0,550
0,0,0,0,0,0,0,0,0,0,0,0,0,0,0,0,0,0,0,1787209400224.4539,False,0,[],0,0,0,1087,0,0,E,0,0,2832324553,0,0,0,0,0,0,0,0,0,0,0,1857,0,0,0,0,560
0,0,0,0,0,0,0,0,0,0,0,0,0,0,0,0,0,0,0,1787209410419.527,False,0,[],0,0,0,1109,0,0,E,0,0,2832324553,0,0,0,0,0,0,0,0,0,0,0,1859,0,0,0,0,570
0,0,0,0,0,0,0,0,0,0,0,0,0,0,0,0,0,0,0,1787209420615.6052,False,0,[],0,0,0,1129,0,0,E,0,0,2832324553,0,0,0,0,0,0,0,0,0,0,0,1859,0,0,0,0,580
0,0,0,0,0,0,0,0,0,0,0,0,0,0,0,0,0,0,0,1787209430803.669,False,0,[],0,0,0,1147,0,0,E,0,0,2832324553,0,0,0,0,0,0,0,0,0,0,0,1859,0,0,0,0,590
0,0,0,0,0,0,0,0,0,0,0,0,0,0,0,0,0,0,0,1787209441016.742,False,0,[],0,0,0,1164,0,0,E,0,0,2832324553,0,0,0,0,0,0,0,0,0,0,0,1859,0,0,0,0,600
0,0,0,0,0,0,0,0,0,0,0,0,0,0,0,0,0,0,0,1787209451225.836,False,0,[],0,0,0,1182,0,0,E,0,0,2832324553,0,0,0,0,0,0,0,0,0,0,0,1859,0,0,0,0,610
0,0,0,0,0,0,0,0,0,0,0,0,0,0,0,0,0,0,0,1787209461544.8599,False,0,[],0,0,0,1201,0,0,E,0,0,2832324553,0,0,0,0,0,0,0,0,0,0,0,1859,0,0,0,0,620
0,0,0,0,0,0,0,0,0,0,0,0,0,0,0,0,0,0,0,1787209471929.952,False,0,[],0,0,0,1221,0,0,E,0,0,2832324553,0,0,0,0,0,0,0,0,0,0,0,1859,0,0,0,0,630
0,0,0,0,0,0,0,0,0,0,0,0,0,0,0,0,0,0,0,1787209482307.994,False,0,[],0,0,0,1241,0,0,E,0,0,2832324553,0,0,0,0,0,0,0,0,0,0,0,1859,0,0,0,0,640
0,0,0,0,0,0,0,0,0,0,0,0,0,0,0,0,0,0,0,1787209492675.082,False,0,[],0,0,0,1261,0,0,E,0,0,2832324553,0,0,0,0,0,0,0,0,0,0,0,1859,0,0,0,0,650
0,0,0,0,0,0,0,0,0,0,0,0,0,0,0,0,0,0,0,1787209503053.187,False,0,[],0,0,0,1281,0,0,E,0,0,2832324553,0,0,0,0,0,0,0,0,0,0,0,1859,0,0,0,0,660
0,0,0,0,0,0,0,0,0,0,0,0,0,0,0,0,0,0,0,1787209513433.2322,False,0,[],0,0,0,1301,0,0,E,0,0,2832324553,0,0,0,0,0,0,0,0,0,0,0,1859,0,0,0,0,670
0,0,0,0,0,0,0,0,0,0,0,0,0,0,0,0,0,0,0,1787209523761.279,False,0,[],0,0,0,1321,0,0,E,0,0,2832324553,0,0,0,0,0,0,0,0,0,0,0,1859,0,0,0,0,680
0,0,0,0,0,0,0,0,0,0,0,0,0,0,0,0,0,0,0,1787209534128.351,False,0,[],0,0,0,1341,0,0,E,0,0,2832324553,0,0,0,0,0,0,0,0,0,0,0,1859,0,0,0,0,690
0,0,0,0,0,0,0,0,0,0,0,0,0,0,0,0,0,0,0,1787209544479.42,False,0,[],0,0,0,1361,0,0,E,0,0,2832324553,0,0,0,0,0,0,0,0,0,0,0,1859,0,0,0,0,700
0,0,0,0,0,0,0,0,0,0,0,0,0,0,0,0,0,0,0,1787209554842.4739,False,0,[],0,0,0,1381,0,0,E,0,0,2832324553,0,0,0,0,0,0,0,0,0,0,0,1859,0,0,0,0,710
0,0,0,0,0,0,0,0,0,0,0,0,0,0,0,0,0,0,0,1787209565229.53,False,0,[],0,0,0,1401,0,0,E,0,0,2832324553,0,0,0,0,0,0,0,0,0,0,0,1859,0,0,0,0,720
0,0,0,0,0,0,0,0,0,0,0,0,0,0,0,0,0,0,0,1787209575613.601,False,0,[],0,0,0,1421,0,0,E,0,0,2832324553,0,0,0,0,0,0,0,0,0,0,0,1859,0,0,0,0,730
0,0,0,0,0,0,0,0,0,0,0,0,0,0,0,0,0,0,0,1787209585930.675,False,0,[],0,0,0,1441,0,0,E,0,0,2832324553,0,0,0,0,0,0,0,0,0,0,0,1859,0,0,0,0,740
0,0,0,0,0,0,0,0,0,0,0,0,0,0,0,0,0,0,0,1787209596298.77,False,0,[],0,0,0,1461,0,0,E,0,0,2832324553,0,0,0,0,0,0,0,0,0,0,0,1859,0,0,0,0,760
0,0,0,0,0,0,0,0,0,0,0,0,0,0,0,0,0,0,0,1787209606624.826,False,0,[],0,0,0,1481,0,0,E,0,0,2832324553,0,0,0,0,0,0,0,0,0,0,0,1859,0,0,0,0,770
0,0,0,0,0,0,0,0,0,0,0,0,0,0,0,0,0,0,0,1787209616953.875,False,0,[],0,0,0,1501,0,0,E,0,0,2832324553,0,0,0,0,0,0,0,0,0,0,0,1859,0,0,0,0,780
0,0,0,0,0,0,0,0,0,0,0,0,0,0,0,0,0,0,0,1787209627295.9631,False,0,[],0,0,0,1521,0,0,E,0,0,2832324553,0,0,0,0,0,0,0,0,0,0,0,1859,0,0,0,0,790
0,0,0,0,0,0,0,0,0,0,0,0,0,0,0,0,0,0,0,1787209637647.035,False,0,[],0,0,0,1541,0,0,E,0,0,2832324553,0,0,0,0,0,0,0,0,0,0,0,1859,0,0,0,0,800
0,0,0,0,0,0,0,0,0,0,0,0,0,0,0,0,0,0,0,1787209647982.12,False,0,[],0,0,0,1561,0,0,E,0,0,2832324553,0,0,0,0,0,0,0,0,0,0,0,1861,0,0,0,0,810
0,0,0,0,0,0,0,0,0,0,0,0,0,0,0,0,0,0,0,1787209658321.1738,False,0,[],0,0,0,1581,0,0,E,0,0,2832324553,0,0,0,0,0,0,0,0,0,0,0,1861,0,0,0,0,820
0,0,0,0,0,0,0,0,0,0,0,0,0,0,0,0,0,0,0,1787209668649.328,False,0,[],0,0,0,1601,0,0,E,0,0,2832324553,0,0,0,0,0,0,0,0,0,0,0,1861,0,0,0,0,830
0,0,0,0,0,0,0,0,0,0,0,0,0,0,0,0,0,0,0,1787209679017.334,False,0,[],0,0,0,1621,0,0,E,0,0,2832324553,0,0,0,0,0,0,0,0,0,0,0,1861,0,0,0,0,840
0,0,0,0,0,0,0,0,0,0,0,0,0,0,0,0,0,0,0,1787209689354.431,False,0,[],0,0,0,1641,0,0,E,0,0,2832324553,0,0,0,0,0,0,0,0,0,0,0,1861,0,0,0,0,850
0,0,0,0,0,0,0,0,0,0,0,0,0,0,0,0,0,0,0,1787209699687.492,False,0,[],0,0,0,1661,0,0,E,0,0,2832324553,0,0,0,0,0,0,0,0,0,0,0,1861,0,0,0,0,860
0,0,0,0,0,0,0,0,0,0,0,0,0,0,0,0,0,0,0,1787209710024.518,False,0,[],0,0,0,1681,0,0,E,0,0,2832324553,0,0,0,0,0,0,0,0,0,0,0,1861,0,0,0,0,870
0,0,0,0,0,0,0,0,0,0,0,0,0,0,0,0,0,0,0,1787209720374.5679,False,0,[],0,0,0,1701,0,0,E,0,0,2832324553,0,0,0,0,0,0,0,0,0,0,0,1861,0,0,0,0,880
0,0,0,0,0,0,0,0,0,0,0,0,0,0,0,0,0,0,0,1787209730747.631,False,0,[],0,0,0,1721,0,0,E,0,0,2832324553,0,0,0,0,0,0,0,0,0,0,0,1861,0,0,0,0,890
0,0,0,0,0,0,0,0,0,0,0,0,0,0,0,0,0,0,0,1787209741079.708,False,0,[],0,0,0,1741,0,0,E,0,0,2832324553,0,0,0,0,0,0,0,0,0,0,0,1861,0,0,0,0,900
0,0,0,0,0,0,0,0,0,0,0,0,0,0,0,0,0,0,0,1787209751462.819,False,0,[],0,0,0,1761,0,0,E,0,0,2832324553,0,0,0,0,0,0,0,0,0,0,0,1861,0,0,0,0,910
0,0,0,0,0,0,0,0,0,0,0,0,0,0,0,0,0,0,0,1787209761731.841,False,0,[],0,0,0,1781,0,0,E,0,0,2832324553,0,0,0,0,0,0,0,0,0,0,0,1861,0,0,0,0,920
0,0,0,0,0,0,0,0,0,0,0,0,0,0,0,0,0,0,0,1787209772048.9941,False,0,[],0,0,0,1801,0,0,E,0,0,2832324553,0,0,0,0,0,0,0,0,0,0,0,1861,0,0,0,0,930
0,0,0,0,0,0,0,0,0,0,0,0,0,0,0,0,0,0,0,1787209782366.974,False,0,[],0,0,0,1821,0,0,E,0,0,2832324553,0,0,0,0,0,0,0,0,0,0,0,1861,0,0,0,0,940
0,0,0,0,0,0,0,0,0,0,0,0,0,0,0,0,0,0,0,1787209792686.023,False,0,[],0,0,0,1841,0,0,E,0,0,2832324553,0,0,0,0,0,0,0,0,0,0,0,1861,0,0,0,0,950
0,0,0,0,0,0,0,0,0,0,0,0,0,0,0,0,0,0,0,1787209802969.083,False,0,[],0,0,0,1861,0,0,E,0,0,2832324553,0,0,0,0,0,0,0,0,0,0,0,1861,0,0,0,0,960
0,0,0,0,0,0,0,0,0,0,0,0,0,0,0,0,0,0,0,1787209813074.1511,False,0,[],0,0,0,1884,0,0,E,0,0,2832324553,0,0,0,0,0,0,0,0,0,0,0,1861,0,0,0,0,970
0,0,0,0,0,0,0,0,0,0,0,0,0,0,0,0,0,0,0,1787209824459.247,False,0,[],0,0,0,1901,0,0,E,0,0,2832324553,0,0,0,0,0,0,0,0,0,0,0,1862,0,0,0,0,980
0,0,0,0,0,0,0,0,0,0,0,0,0,0,0,0,0,0,0,1787209834563.298,False,0,[],0,0,0,1926,0,0,E,0,0,2832324553,0,0,0,0,0,0,0,0,0,0,0,1863,0,0,0,0,990
0,0,0,0,0,0,0,0,0,0,0,0,0,0,0,0,0,0,0,1787209844795.383,False,0,[],0,0,0,1943,0,0,E,0,0,2832324553,0,0,0,0,0,0,0,0,0,0,0,1865,0,0,0,0,1000
0,0,0,0,0,0,0,0,0,0,0,0,0,0,0,0,0,0,0,1787209855060.442,False,0,[],0,0,0,1960,0,0,E,0,0,2832324553,0,0,0,0,0,0,0,0,0,0,0,1866,0,0,0,0,1010
0,0,0,0,0,0,0,0,0,0,0,0,0,0,0,0,0,0,0,1787209865545.542,False,0,[],0,0,0,1981,0,0,E,0,0,2832324553,0,0,0,0,0,0,0,0,0,0,0,1866,0,0,0,0,1020
0,0,0,0,0,0,0,0,0,0,0,0,0,0,0,0,0,0,0,1787209875968.565,False,0,[],0,0,0,2001,0,0,E,0,0,2832324553,0,0,0,0,0,0,0,0,0,0,0,1866,0,0,0,0,1030
0,0,0,0,0,0,0,0,0,0,0,0,0,0,0,0,0,0,0,1787209886424.644,False,0,[],0,0,0,2021,0,0,E,0,0,2832324553,0,0,0,0,0,0,0,0,0,0,0,1866,0,0,0,0,1050
0,0,0,0,0,0,0,0,0,0,0,0,0,0,0,0,0,0,0,1787209896858.719,False,0,[],0,0,0,2041,0,0,E,0,0,2832324553,0,0,0,0,0,0,0,0,0,0,0,1866,0,0,0,0,1060
0,0,0,0,0,0,0,0,0,0,0,0,0,0,0,0,0,0,0,1787209907318.783,False,0,[],0,0,0,2061,0,0,E,0,0,2832324553,0,0,0,0,0,0,0,0,0,0,0,1866,0,0,0,0,1070
0,0,0,0,0,0,0,0,0,0,0,0,0,0,0,0,0,0,0,1787209917715.881,False,0,[],0,0,0,2081,0,0,E,0,0,2832324553,0,0,0,0,0,0,0,0,0,0,0,1866,0,0,0,0,1080
0,0,0,0,0,0,0,0,0,0,0,0,0,0,0,0,0,0,0,1787209928171.916,False,0,[],0,0,0,2101,0,0,E,0,0,2832324553,0,0,0,0,0,0,0,0,0,0,0,1866,0,0,0,0,1090
0,0,0,0,0,0,0,0,0,0,0,0,0,0,0,0,0,0,0,1787209938561.98,False,0,[],0,0,0,2121,0,0,E,0,0,2832324553,0,0,0,0,0,0,0,0,0,0,0,1866,0,0,0,0,1100
0,0,0,0,0,0,0,0,0,0,0,0,0,0,0,0,0,0,0,1787209948897.047,False,0,[],0,0,0,2141,0,0,E,0,0,2832324553,0,0,0,0,0,0,0,0,0,0,0,1866,0,0,0,0,1110
0,0,0,0,0,0,0,0,0,0,0,0,0,0,0,0,0,0,0,1787209959397.126,False,0,[],0,0,0,2161,0,0,E,0,0,2832324553,0,0,0,0,0,0,0,0,0,0,0,1866,0,0,0,0,1120
0,0,0,0,0,0,0,0,0,0,0,0,0,0,0,0,0,0,0,1787209969802.213,False,0,[],0,0,0,2181,0,0,E,0,0,2832324553,0,0,0,0,0,0,0,0,0,0,0,1866,0,0,0,0,1130
0,0,0,0,0,0,0,0,0,0,0,0,0,0,0,0,0,0,0,1787209980197.248,False,0,[],0,0,0,2201,0,0,E,0,0,2832324553,0,0,0,0,0,0,0,0,0,0,0,1866,0,0,0,0,1140
0,0,0,0,0,0,0,0,0,0,0,0,0,0,0,0,0,0,0,1787209990568.332,False,0,[],0,0,0,2221,0,0,E,0,0,2832324553,0,0,0,0,0,0,0,0,0,0,0,1866,0,0,0,0,1150
0,0,0,0,0,0,0,0,0,0,0,0,0,0,0,0,0,0,0,1787210000973.47,False,0,[],0,0,0,2241,0,0,E,0,0,2832324553,0,0,0,0,0,0,0,0,0,0,0,1866,0,0,0,0,1160
0,0,0,0,0,0,0,0,0,0,0,0,0,0,0,0,0,0,0,1787210011448.453,False,0,[],0,0,0,2261,0,0,E,0,0,2832324553,0,0,0,0,0,0,0,0,0,0,0,1866,0,0,0,0,1170
0,0,0,0,0,0,0,0,0,0,0,0,0,0,0,0,0,0,0,1787210021741.512,False,0,[],0,0,0,2281,0,0,E,0,0,2832324553,0,0,0,0,0,0,0,0,0,0,0,1866,0,0,0,0,1180
0,0,0,0,0,0,0,0,0,0,0,0,0,0,0,0,0,0,0,1787210032139.605,False,0,[],0,0,0,2301,0,0,E,0,0,2832324553,0,0,0,0,0,0,0,0,0,0,0,1866,0,0,0,0,1190
0,0,0,0,0,0,0,0,0,0,0,0,0,0,0,0,0,0,0,1787208840991.149,False,0,[],0,0,0,2,0,0,F,0,0,372385581,0,0,0,0,0,0,0,0,0,0,0,538,0,0,0,0,0
0,0,0,0,0,0,0,0,0,0,0,0,0,0,0,0,0,0,0,1787208851152.2,False,0,[],0,0,0,17,0,0,F,0,0,372385581,0,0,0,0,0,0,0,0,0,0,0,1793,0,0,0,0,10
0,0,0,0,0,0,0,0,0,0,0,0,0,0,0,0,0,0,0,1787208861299.381,False,0,[],0,0,0,35,0,0,F,0,0,372385581,0,0,0,0,0,0,0,0,0,0,0,1810,0,0,0,0,20
0,0,0,0,0,0,0,0,0,0,0,0,0,0,0,0,0,0,0,1787208871460.3528,False,0,[],0,0,0,53,0,0,F,0,0,372385581,0,0,0,0,0,0,0,0,0,0,0,1813,0,0,0,0,30
0,0,0,0,0,0,0,0,0,0,0,0,0,0,0,0,0,0,0,1787208881607.423,False,0,[],0,0,0,71,0,0,F,0,0,372385581,0,0,0,0,0,0,0,0,0,0,0,1813,0,0,0,0,40
0,0,0,0,0,0,0,0,0,0,0,0,0,0,0,0,0,0,0,1787208891766.4932,False,0,[],0,0,0,89,0,0,F,0,0,372385581,0,0,0,0,0,0,0,0,0,0,0,1813,0,0,0,0,50
0,0,0,0,0,0,0,0,0,0,0,0,0,0,0,0,0,0,0,1787208902292.5352,False,0,[],0,0,0,108,0,0,F,0,0,372385581,0,0,0,0,0,0,0,0,0,0,0,1821,0,0,0,0,60
0,0,0,0,0,0,0,0,0,0,0,0,0,0,0,0,0,0,0,1787208912637.6182,False,0,[],0,0,0,128,0,0,F,0,0,372385581,0,0,0,0,0,0,0,0,0,0,0,1826,0,0,0,0,70
0,0,0,0,0,0,0,0,0,0,0,0,0,0,0,0,0,0,0,1787208922714.7,False,0,[],0,0,0,148,0,0,F,0,0,372385581,0,0,0,0,0,0,0,0,0,0,0,1829,0,0,0,0,80
0,0,0,0,0,0,0,0,0,0,0,0,0,0,0,0,0,0,0,1787208932736.757,False,0,[],0,0,0,168,0,0,F,0,0,372385581,0,0,0,0,0,0,0,0,0,0,0,1835,0,0,0,0,90
0,0,0,0,0,0,0,0,0,0,0,0,0,0,0,0,0,0,0,1787208942814.798,False,0,[],0,0,0,188,0,0,F,0,0,372385581,0,0,0,0,0,0,0,0,0,0,0,1838,0,0,0,0,100
0,0,0,0,0,0,0,0,0,0,0,0,0,0,0,0,0,0,0,1787208952979.878,False,0,[],0,0,0,208,0,0,F,0,0,372385581,0,0,0,0,0,0,0,0,0,0,0,1844,0,0,0,0,110
0,0,0,0,0,0,0,0,0,0,0,0,0,0,0,0,0,0,0,1787208963192.937,False,0,[],0,0,0,227,0,0,F,0,0,372385581,0,0,0,0,0,0,0,0,0,0,0,1847,0,0,0,0,120
0,0,0,0,0,0,0,0,0,0,0,0,0,0,0,0,0,0,0,1787208973419.017,False,0,[],0,0,0,247,0,0,F,0,0,372385581,0,0,0,0,0,0,0,0,0,0,0,1847,0,0,0,0,130
0,0,0,0,0,0,0,0,0,0,0,0,0,0,0,0,0,0,0,1787208983601.061,False,0,[],0,0,0,267,0,0,F,0,0,372385581,0,0,0,0,0,0,0,0,0,0,0,1847,0,0,0,0,140
0,0,0,0,0,0,0,0,0,0,0,0,0,0,0,0,0,0,0,1787208993807.141,False,0,[],0,0,0,287,0,0,F,0,0,372385581,0,0,0,0,0,0,0,0,0,0,0,1847,0,0,0,0,150
0,0,0,0,0,0,0,0,0,0,0,0,0,0,0,0,0,0,0,1787209004012.223,False,0,[],0,0,0,307,0,0,F,0,0,372385581,0,0,0,0,0,0,0,0,0,0,0,1847,0,0,0,0,160
0,0,0,0,0,0,0,0,0,0,0,0,0,0,0,0,0,0,0,1787209014213.255,False,0,[],0,0,0,327,0,0,F,0,0,372385581,0,0,0,0,0,0,0,0,0,0,0,1847,0,0,0,0,170
0,0,0,0,0,0,0,0,0,0,0,0,0,0,0,0,0,0,0,1787209024415.3381,False,0,[],0,0,0,346,0,0,F,0,0,372385581,0,0,0,0,0,0,0,0,0,0,0,1847,0,0,0,0,180
0,0,0,0,0,0,0,0,0,0,0,0,0,0,0,0,0,0,0,1787209034616.415,False,0,[],0,0,0,366,0,0,F,0,0,372385581,0,0,0,0,0,0,0,0,0,0,0,1847,0,0,0,0,190
0,0,0,0,0,0,0,0,0,0,0,0,0,0,0,0,0,0,0,1787209044816.4512,False,0,[],0,0,0,386,0,0,F,0,0,372385581,0,0,0,0,0,0,0,0,0,0,0,1847,0,0,0,0,200
0,0,0,0,0,0,0,0,0,0,0,0,0,0,0,0,0,0,0,1787209055037.527,False,0,[],0,0,0,406,0,0,F,0,0,372385581,0,0,0,0,0,0,0,0,0,0,0,1847,0,0,0,0,210
0,0,0,0,0,0,0,0,0,0,0,0,0,0,0,0,0,0,0,1787209065190.629,False,0,[],0,0,0,426,0,0,F,0,0,372385581,0,0,0,0,0,0,0,0,0,0,0,1849,0,0,0,0,220
0,0,0,0,0,0,0,0,0,0,0,0,0,0,0,0,0,0,0,1787209075316.7231,False,0,[],0,0,0,446,0,0,F,0,0,372385581,0,0,0,0,0,0,0,0,0,0,0,1849,0,0,0,0,230
0,0,0,0,0,0,0,0,0,0,0,0,0,0,0,0,0,0,0,1787209085479.748,False,0,[],0,0,0,466,0,0,F,0,0,372385581,0,0,0,0,0,0,0,0,0,0,0,1849,0,0,0,0,240
0,0,0,0,0,0,0,0,0,0,0,0,0,0,0,0,0,0,0,1787209095675.8052,False,0,[],0,0,0,485,0,0,F,0,0,372385581,0,0,0,0,0,0,0,0,0,0,0,1849,0,0,0,0,250
0,0,0,0,0,0,0,0,0,0,0,0,0,0,0,0,0,0,0,1787209105836.916,False,0,[],0,0,0,505,0,0,F,0,0,372385581,0,0,0,0,0,0,0,0,0,0,0,1849,0,0,0,0,260
0,0,0,0,0,0,0,0,0,0,0,0,0,0,0,0,0,0,0,1787209115983.006,False,0,[],0,0,0,525,0,0,F,0,0,372385581,0,0,0,0,0,0,0,0,0,0,0,1849,0,0,0,0,270
0,0,0,0,0,0,0,0,0,0,0,0,0,0,0,0,0,0,0,1787209126170.999,False,0,[],0,0,0,545,0,0,F,0,0,372385581,0,0,0,0,0,0,0,0,0,0,0,1849,0,0,0,0,280
0,0,0,0,0,0,0,0,0,0,0,0,0,0,0,0,0,0,0,1787209136278.087,False,0,[],0,0,0,565,0,0,F,0,0,372385581,0,0,0,0,0,0,0,0,0,0,0,1850,0,0,0,0,300
0,0,0,0,0,0,0,0,0,0,0,0,0,0,0,0,0,0,0,1787209146400.136,False,0,[],0,0,0,585,0,0,F,0,0,372385581,0,0,0,0,0,0,0,0,0,0,0,1853,0,0,0,0,310
0,0,0,0,0,0,0,0,0,0,0,0,0,0,0,0,0,0,0,1787209156542.324,False,0,[],0,0,0,605,0,0,F,0,0,372385581,0,0,0,0,0,0,0,0,0,0,0,1853,0,0,0,0,320
0,0,0,0,0,0,0,0,0,0,0,0,0,0,0,0,0,0,0,1787209166742.25,False,0,[],0,0,0,624,0,0,F,0,0,372385581,0,0,0,0,0,0,0,0,0,0,0,1853,0,0,0,0,330
0,0,0,0,0,0,0,0,0,0,0,0,0,0,0,0,0,0,0,1787209176876.369,False,0,[],0,0,0,644,0,0,F,0,0,372385581,0,0,0,0,0,0,0,0,0,0,0,1853,0,0,0,0,340
0,0,0,0,0,0,0,0,0,0,0,0,0,0,0,0,0,0,0,1787209187028.411,False,0,[],0,0,0,664,0,0,F,0,0,372385581,0,0,0,0,0,0,0,0,0,0,0,1853,0,0,0,0,350
0,0,0,0,0,0,0,0,0,0,0,0,0,0,0,0,0,0,0,1787209197173.468,False,0,[],0,0,0,684,0,0,F,0,0,372385581,0,0,0,0,0,0,0,0,0,0,0,1853,0,0,0,0,360
0,0,0,0,0,0,0,0,0,0,0,0,0,0,0,0,0,0,0,1787209207341.5571,False,0,[],0,0,0,704,0,0,F,0,0,372385581,0,0,0,0,0,0,0,0,0,0,0,1853,0,0,0,0,370
0,0,0,0,0,0,0,0,0,0,0,0,0,0,0,0,0,0,0,1787209217545.685,False,0,[],0,0,0,724,0,0,F,0,0,372385581,0,0,0,0,0,0,0,0,0,0,0,1853,0,0,0,0,380
0,0,0,0,0,0,0,0,0,0,0,0,0,0,0,0,0,0,0,1787209227695.6602,False,0,[],0,0,0,743,0,0,F,0,0,372385581,0,0,0,0,0,0,0,0,0,0,0,1853,0,0,0,0,390
0,0,0,0,0,0,0,0,0,0,0,0,0,0,0,0,0,0,0,1787209237843.74,False,0,[],0,0,0,763,0,0,F,0,0,372385581,0,0,0,0,0,0,0,0,0,0,0,1853,0,0,0,0,400
0,0,0,0,0,0,0,0,0,0,0,0,0,0,0,0,0,0,0,1787209248018.815,False,0,[],0,0,0,783,0,0,F,0,0,372385581,0,0,0,0,0,0,0,0,0,0,0,1853,0,0,0,0,410
0,0,0,0,0,0,0,0,0,0,0,0,0,0,0,0,0,0,0,1787209258145.887,False,0,[],0,0,0,803,0,0,F,0,0,372385581,0,0,0,0,0,0,0,0,0,0,0,1853,0,0,0,0,420
0,0,0,0,0,0,0,0,0,0,0,0,0,0,0,0,0,0,0,1787209268290.934,False,0,[],0,0,0,823,0,0,F,0,0,372385581,0,0,0,0,0,0,0,0,0,0,0,1853,0,0,0,0,430
0,0,0,0,0,0,0,0,0,0,0,0,0,0,0,0,0,0,0,1787209278389.01,False,0,[],0,0,0,842,0,0,F,0,0,372385581,0,0,0,0,0,0,0,0,0,0,0,1853,0,0,0,0,440
0,0,0,0,0,0,0,0,0,0,0,0,0,0,0,0,0,0,0,1787209288598.081,False,0,[],0,0,0,862,0,0,F,0,0,372385581,0,0,0,0,0,0,0,0,0,0,0,1853,0,0,0,0,450
0,0,0,0,0,0,0,0,0,0,0,0,0,0,0,0,0,0,0,1787209298799.1418,False,0,[],0,0,0,882,0,0,F,0,0,372385581,0,0,0,0,0,0,0,0,0,0,0,1853,0,0,0,0,460
0,0,0,0,0,0,0,0,0,0,0,0,0,0,0,0,0,0,0,1787209309059.219,False,0,[],0,0,0,902,0,0,F,0,0,372385581,0,0,0,0,0,0,0,0,0,0,0,1855,0,0,0,0,470
0,0,0,0,0,0,0,0,0,0,0,0,0,0,0,0,0,0,0,1787209319208.302,False,0,[],0,0,0,922,0,0,F,0,0,372385581,0,0,0,0,0,0,0,0,0,0,0,1855,0,0,0,0,480
0,0,0,0,0,0,0,0,0,0,0,0,0,0,0,0,0,0,0,1787209329410.353,False,0,[],0,0,0,942,0,0,F,0,0,372385581,0,0,0,0,0,0,0,0,0,0,0,1855,0,0,0,0,490
0,0,0,0,0,0,0,0,0,0,0,0,0,0,0,0,0,0,0,1787209339622.4001,False,0,[],0,0,0,962,0,0,F,0,0,372385581,0,0,0,0,0,0,0,0,0,0,0,1855,0,0,0,0,500
0,0,0,0,0,0,0,0,0,0,0,0,0,0,0,0,0,0,0,1787209349647.4841,False,0,[],0,0,0,982,0,0,F,0,0,372385581,0,0,0,0,0,0,0,0,0,0,0,1855,0,0,0,0,510
0,0,0,0,0,0,0,0,0,0,0,0,0,0,0,0,0,0,0,1787209359720.577,False,0,[],0,0,0,1001,0,0,F,0,0,372385581,0,0,0,0,0,0,0,0,0,0,0,1856,0,0,0,0,520
0,0,0,0,0,0,0,0,0,0,0,0,0,0,0,0,0,0,0,1787209369808.5789,False,0,[],0,0,0,1021,0,0,F,0,0,372385581,0,0,0,0,0,0,0,0,0,0,0,1857,0,0,0,0,530
0,0,0,0,0,0,0,0,0,0,0,0,0,0,0,0,0,0,0,1787209379889.6812,False,0,[],0,0,0,1041,0,0,F,0,0,372385581,0,0,0,0,0,0,0,0,0,0,0,1857,0,0,0,0,540
0,0,0,0,0,0,0,0,0,0,0,0,0,0,0,0,0,0,0,1787209390009.752,False,0,[],0,0,0,1061,0,0,F,0,0,372385581,0,0,0,0,0,0,0,0,0,0,0,1859,0,0,0,0,550
0,0,0,0,0,0,0,0,0,0,0,0,0,0,0,0,0,0,0,1787209400186.776,False,0,[],0,0,0,1081,0,0,F,0,0,372385581,0,0,0,0,0,0,0,0,0,0,0,1860,0,0,0,0,560
0,0,0,0,0,0,0,0,0,0,0,0,0,0,0,0,0,0,0,1787209410398.884,False,0,[],0,0,0,1100,0,0,F,0,0,372385581,0,0,0,0,0,0,0,0,0,0,0,1862,0,0,0,0,570
0,0,0,0,0,0,0,0,0,0,0,0,0,0,0,0,0,0,0,1787209420631.9202,False,0,[],0,0,0,1120,0,0,F,0,0,372385581,0,0,0,0,0,0,0,0,0,0,0,1862,0,0,0,0,580
0,0,0,0,0,0,0,0,0,0,0,0,0,0,0,0,0,0,0,1787209430849.977,False,0,[],0,0,0,1140,0,0,F,0,0,372385581,0,0,0,0,0,0,0,0,0,0,0,1862,0,0,0,0,590
0,0,0,0,0,0,0,0,0,0,0,0,0,0,0,0,0,0,0,1787209441105.052,False,0,[],0,0,0,1159,0,0,F,0,0,372385581,0,0,0,0,0,0,0,0,0,0,0,1862,0,0,0,0,600
0,0,0,0,0,0,0,0,0,0,0,0,0,0,0,0,0,0,0,1787209451300.128,False,0,[],0,0,0,1176,0,0,F,0,0,372385581,0,0,0,0,0,0,0,0,0,0,0,1862,0,0,0,0,610
0,0,0,0,0,0,0,0,0,0,0,0,0,0,0,0,0,0,0,1787209461528.2122,False,0,[],0,0,0,1192,0,0,F,0,0,372385581,0,0,0,0,0,0,0,0,0,0,0,1862,0,0,0,0,620
0,0,0,0,0,0,0,0,0,0,0,0,0,0,0,0,0,0,0,1787209471942.2651,False,0,[],0,0,0,1212,0,0,F,0,0,372385581,0,0,0,0,0,0,0,0,0,0,0,1862,0,0,0,0,630
0,0,0,0,0,0,0,0,0,0,0,0,0,0,0,0,0,0,0,1787209482315.365,False,0,[],0,0,0,1232,0,0,F,0,0,372385581,0,0,0,0,0,0,0,0,0,0,0,1862,0,0,0,0,640
0,0,0,0,0,0,0,0,0,0,0,0,0,0,0,0,0,0,0,1787209492714.396,False,0,[],0,0,0,1252,0,0,F,0,0,372385581,0,0,0,0,0,0,0,0,0,0,0,1862,0,0,0,0,650
0,0,0,0,0,0,0,0,0,0,0,0,0,0,0,0,0,0,0,1787209503101.455,False,0,[],0,0,0,1272,0,0,F,0,0,372385581,0,0,0,0,0,0,0,0,0,0,0,1862,0,0,0,0,660
0,0,0,0,0,0,0,0,0,0,0,0,0,0,0,0,0,0,0,1787209513561.5388,False,0,[],0,0,0,1292,0,0,F,0,0,372385581,0,0,0,0,0,0,0,0,0,0,0,1862,0,0,0,0,670
0,0,0,0,0,0,0,0,0,0,0,0,0,0,0,0,0,0,0,1787209523804.6628,False,0,[],0,0,0,1312,0,0,F,0,0,372385581,0,0,0,0,0,0,0,0,0,0,0,1862,0,0,0,0,680
0,0,0,0,0,0,0,0,0,0,0,0,0,0,0,0,0,0,0,1787209534210.649,False,0,[],0,0,0,1332,0,0,F,0,0,372385581,0,0,0,0,0,0,0,0,0,0,0,1862,0,0,0,0,690
0,0,0,0,0,0,0,0,0,0,0,0,0,0,0,0,0,0,0,1787209544672.793,False,0,[],0,0,0,1352,0,0,F,0,0,372385581,0,0,0,0,0,0,0,0,0,0,0,1862,0,0,0,0,700
0,0,0,0,0,0,0,0,0,0,0,0,0,0,0,0,0,0,0,1787209555129.817,False,0,[],0,0,0,1372,0,0,F,0,0,372385581,0,0,0,0,0,0,0,0,0,0,0,1862,0,0,0,0,710
0,0,0,0,0,0,0,0,0,0,0,0,0,0,0,0,0,0,0,1787209565481.886,False,0,[],0,0,0,1392,0,0,F,0,0,372385581,0,0,0,0,0,0,0,0,0,0,0,1862,0,0,0,0,720
0,0,0,0,0,0,0,0,0,0,0,0,0,0,0,0,0,0,0,1787209575891.9229,False,0,[],0,0,0,1412,0,0,F,0,0,372385581,0,0,0,0,0,0,0,0,0,0,0,1862,0,0,0,0,730
0,0,0,0,0,0,0,0,0,0,0,0,0,0,0,0,0,0,0,1787209586256.011,False,0,[],0,0,0,1432,0,0,F,0,0,372385581,0,0,0,0,0,0,0,0,0,0,0,1862,0,0,0,0,750
0,0,0,0,0,0,0,0,0,0,0,0,0,0,0,0,0,0,0,1787209596617.085,False,0,[],0,0,0,1452,0,0,F,0,0,372385581,0,0,0,0,0,0,0,0,0,0,0,1862,0,0,0,0,760
0,0,0,0,0,0,0,0,0,0,0,0,0,0,0,0,0,0,0,1787209607020.137,False,0,[],0,0,0,1472,0,0,F,0,0,372385581,0,0,0,0,0,0,0,0,0,0,0,1862,0,0,0,0,770
0,0,0,0,0,0,0,0,0,0,0,0,0,0,0,0,0,0,0,1787209617394.2239,False,0,[],0,0,0,1492,0,0,F,0,0,372385581,0,0,0,0,0,0,0,0,0,0,0,1862,0,0,0,0,780
0,0,0,0,0,0,0,0,0,0,0,0,0,0,0,0,0,0,0,1787209627758.2842,False,0,[],0,0,0,1512,0,0,F,0,0,372385581,0,0,0,0,0,0,0,0,0,0,0,1862,0,0,0,0,790
0,0,0,0,0,0,0,0,0,0,0,0,0,0,0,0,0,0,0,1787209638122.355,False,0,[],0,0,0,1532,0,0,F,0,0,372385581,0,0,0,0,0,0,0,0,0,0,0,1862,0,0,0,0,800
0,0,0,0,0,0,0,0,0,0,0,0,0,0,0,0,0,0,0,1787209648505.401,False,0,[],0,0,0,1552,0,0,F,0,0,372385581,0,0,0,0,0,0,0,0,0,0,0,1862,0,0,0,0,810
0,0,0,0,0,0,0,0,0,0,0,0,0,0,0,0,0,0,0,1787209658829.483,False,0,[],0,0,0,1572,0,0,F,0,0,372385581,0,0,0,0,0,0,0,0,0,0,0,1862,0,0,0,0,820
0,0,0,0,0,0,0,0,0,0,0,0,0,0,0,0,0,0,0,1787209669193.5771,False,0,[],0,0,0,1592,0,0,F,0,0,372385581,0,0,0,0,0,0,0,0,0,0,0,1862,0,0,0,0,830
0,0,0,0,0,0,0,0,0,0,0,0,0,0,0,0,0,0,0,1787209679564.636,False,0,[],0,0,0,1612,0,0,F,0,0,372385581,0,0,0,0,0,0,0,0,0,0,0,1862,0,0,0,0,840
0,0,0,0,0,0,0,0,0,0,0,0,0,0,0,0,0,0,0,1787209689952.6829,False,0,[],0,0,0,1632,0,0,F,0,0,372385581,0,0,0,0,0,0,0,0,0,0,0,1862,0,0,0,0,850
0,0,0,0,0,0,0,0,0,0,0,0,0,0,0,0,0,0,0,1787209700293.783,False,0,[],0,0,0,1652,0,0,F,0,0,372385581,0,0,0,0,0,0,0,0,0,0,0,1863,0,0,0,0,860
0,0,0,0,0,0,0,0,0,0,0,0,0,0,0,0,0,0,0,1787209710662.817,False,0,[],0,0,0,1672,0,0,F,0,0,372385581,0,0,0,0,0,0,0,0,0,0,0,1863,0,0,0,0,870
0,0,0,0,0,0,0,0,0,0,0,0,0,0,0,0,0,0,0,1787209721052.895,False,0,[],0,0,0,1692,0,0,F,0,0,372385581,0,0,0,0,0,0,0,0,0,0,0,1863,0,0,0,0,880
0,0,0,0,0,0,0,0,0,0,0,0,0,0,0,0,0,0,0,1787209731437.956,False,0,[],0,0,0,1712,0,0,F,0,0,372385581,0,0,0,0,0,0,0,0,0,0,0,1863,0,0,0,0,890
0,0,0,0,0,0,0,0,0,0,0,0,0,0,0,0,0,0,0,1787209741782.0498,False,0,[],0,0,0,1732,0,0,F,0,0,372385581,0,0,0,0,0,0,0,0,0,0,0,1863,0,0,0,0,900
0,0,0,0,0,0,0,0,0,0,0,0,0,0,0,0,0,0,0,1787209752085.082,False,0,[],0,0,0,1752,0,0,F,0,0,372385581,0,0,0,0,0,0,0,0,0,0,0,1863,0,0,0,0,910
0,0,0,0,0,0,0,0,0,0,0,0,0,0,0,0,0,0,0,1787209762399.15,False,0,[],0,0,0,1772,0,0,F,0,0,372385581,0,0,0,0,0,0,0,0,0,0,0,1863,0,0,0,0,920
0,0,0,0,0,0,0,0,0,0,0,0,0,0,0,0,0,0,0,1787209772713.2139,False,0,[],0,0,0,1792,0,0,F,0,0,372385581,0,0,0,0,0,0,0,0,0,0,0,1863,0,0,0,0,930
0,0,0,0,0,0,0,0,0,0,0,0,0,0,0,0,0,0,0,1787209783033.302,False,0,[],0,0,0,1812,0,0,F,0,0,372385581,0,0,0,0,0,0,0,0,0,0,0,1863,0,0,0,0,940
0,0,0,0,0,0,0,0,0,0,0,0,0,0,0,0,0,0,0,1787209793348.349,False,0,[],0,0,0,1832,0,0,F,0,0,372385581,0,0,0,0,0,0,0,0,0,0,0,1863,0,0,0,0,950
0,0,0,0,0,0,0,0,0,0,0,0,0,0,0,0,0,0,0,1787209803384.4622,False,0,[],0,0,0,1855,0,0,F,0,0,372385581,0,0,0,0,0,0,0,0,0,0,0,1863,0,0,0,0,960
0,0,0,0,0,0,0,0,0,0,0,0,0,0,0,0,0,0,0,1787209813781.485,False,0,[],0,0,0,1872,0,0,F,0,0,372385581,0,0,0,0,0,0,0,0,0,0,0,1864,0,0,0,0,970
0,0,0,0,0,0,0,0,0,0,0,0,0,0,0,0,0,0,0,1787209824150.5771,False,0,[],0,0,0,1892,0,0,F,0,0,372385581,0,0,0,0,0,0,0,0,0,0,0,1864,0,0,0,0,980
0,0,0,0,0,0,0,0,0,0,0,0,0,0,0,0,0,0,0,1787209834544.648,False,0,[],0,0,0,1912,0,0,F,0,0,372385581,0,0,0,0,0,0,0,0,0,0,0,1866,0,0,0,0,990
0,0,0,0,0,0,0,0,0,0,0,0,0,0,0,0,0,0,0,1787209844939.727,False,0,[],0,0,0,1932,0,0,F,0,0,372385581,0,0,0,0,0,0,0,0,0,0,0,1867,0,0,0,0,1000
0,0,0,0,0,0,0,0,0,0,0,0,0,0,0,0,0,0,0,1787209855590.77,False,0,[],0,0,0,1952,0,0,F,0,0,372385581,0,0,0,0,0,0,0,0,0,0,0,1867,0,0,0,0,1010
0,0,0,0,0,0,0,0,0,0,0,0,0,0,0,0,0,0,0,1787209865784.8389,False,0,[],0,0,0,1976,0,0,F,0,0,372385581,0,0,0,0,0,0,0,0,0,0,0,1867,0,0,0,0,1020
0,0,0,0,0,0,0,0,0,0,0,0,0,0,0,0,0,0,0,1787209875908.8982,False,0,[],0,0,0,1994,0,0,F,0,0,372385581,0,0,0,0,0,0,0,0,0,0,0,1867,0,0,0,0,1030
0,0,0,0,0,0,0,0,0,0,0,0,0,0,0,0,0,0,0,1787209886035.975,False,0,[],0,0,0,2012,0,0,F,0,0,372385581,0,0,0,0,0,0,0,0,0,0,0,1867,0,0,0,0,1040
0,0,0,0,0,0,0,0,0,0,0,0,0,0,0,0,0,0,0,1787209896280.045,False,0,[],0,0,0,2032,0,0,F,0,0,372385581,0,0,0,0,0,0,0,0,0,0,0,1867,0,0,0,0,1060
0,0,0,0,0,0,0,0,0,0,0,0,0,0,0,0,0,0,0,1787209906447.0962,False,0,[],0,0,0,2052,0,0,F,0,0,372385581,0,0,0,0,0,0,0,0,0,0,0,1867,0,0,0,0,1070
0,0,0,0,0,0,0,0,0,0,0,0,0,0,0,0,0,0,0,1787209916768.1638,False,0,[],0,0,0,2072,0,0,F,0,0,372385581,0,0,0,0,0,0,0,0,0,0,0,1867,0,0,0,0,1080
0,0,0,0,0,0,0,0,0,0,0,0,0,0,0,0,0,0,0,1787209927039.231,False,0,[],0,0,0,2092,0,0,F,0,0,372385581,0,0,0,0,0,0,0,0,0,0,0,1867,0,0,0,0,1090
0,0,0,0,0,0,0,0,0,0,0,0,0,0,0,0,0,0,0,1787209937328.298,False,0,[],0,0,0,2112,0,0,F,0,0,372385581,0,0,0,0,0,0,0,0,0,0,0,1867,0,0,0,0,1100
0,0,0,0,0,0,0,0,0,0,0,0,0,0,0,0,0,0,0,1787209947543.3591,False,0,[],0,0,0,2132,0,0,F,0,0,372385581,0,0,0,0,0,0,0,0,0,0,0,1867,0,0,0,0,1110
0,0,0,0,0,0,0,0,0,0,0,0,0,0,0,0,0,0,0,1787209957770.4211,False,0,[],0,0,0,2152,0,0,F,0,0,372385581,0,0,0,0,0,0,0,0,0,0,0,1867,0,0,0,0,1120
0,0,0,0,0,0,0,0,0,0,0,0,0,0,0,0,0,0,0,1787209968031.501,False,0,[],0,0,0,2172,0,0,F,0,0,372385581,0,0,0,0,0,0,0,0,0,0,0,1867,0,0,0,0,1130
0,0,0,0,0,0,0,0,0,0,0,0,0,0,0,0,0,0,0,1787209978212.552,False,0,[],0,0,0,2192,0,0,F,0,0,372385581,0,0,0,0,0,0,0,0,0,0,0,1867,0,0,0,0,1140
0,0,0,0,0,0,0,0,0,0,0,0,0,0,0,0,0,0,0,1787209988448.643,False,0,[],0,0,0,2212,0,0,F,0,0,372385581,0,0,0,0,0,0,0,0,0,0,0,1867,0,0,0,0,1150
0,0,0,0,0,0,0,0,0,0,0,0,0,0,0,0,0,0,0,1787209998745.718,False,0,[],0,0,0,2232,0,0,F,0,0,372385581,0,0,0,0,0,0,0,0,0,0,0,1867,0,0,0,0,1160
0,0,0,0,0,0,0,0,0,0,0,0,0,0,0,0,0,0,0,1787210009050.7751,False,0,[],0,0,0,2252,0,0,F,0,0,372385581,0,0,0,0,0,0,0,0,0,0,0,1867,0,0,0,0,1170
0,0,0,0,0,0,0,0,0,0,0,0,0,0,0,0,0,0,0,1787210019295.848,False,0,[],0,0,0,2272,0,0,F,0,0,372385581,0,0,0,0,0,0,0,0,0,0,0,1867,0,0,0,0,1180
0,0,0,0,0,0,0,0,0,0,0,0,0,0,0,0,0,0,0,1787210029560.924,False,0,[],0,0,0,2292,0,0,F,0,0,372385581,0,0,0,0,0,0,0,0,0,0,0,1867,0,0,0,0,1190
